ESP-ROM:esp32s3-20210327
Build:Mar 27 2021
rst:0x1 (POWERON),boot:0xb (SPI_FAST_FLASH_BOOT)
SPIWP:0xee
mode:DIO, clock div:1
load:0x3fce3808,len:0x4bc
load:0x403c9700,len:0xbd8
load:0x403cc700,len:0x2a0c
entry 0x403c98d0

==================================================
     ESP32-S3 KIỂM TRA PROTOCENTRAL ADS1292R     
==================================================
 Cấu hình chân SPI:
   - CS   (SS)  : GPIO 10
   - SCK  (CLK) : GPIO 12
   - MOSI (DIN) : GPIO 11
   - MISO (DOUT): GPIO 13
   - PWDN/RESET : GPIO 9
   - START      : GPIO 8
   - DRDY       : GPIO 4
==================================================
-> Đang thiết lập phần cứng ADS1292R...
-> Mã Device ID đọc được: 0x7F
>>> [PHẢN HỒI LẠ: 0x7F] (Đã có phản hồi nhưng mã ID chưa khớp) <<<

--- BẢNG THANH GHI ADS1292R ---
  [00] ID       (0x00)  = 0x73
  [01] CONFIG1  (0x01)  = 0x03
  [02] CONFIG2  (0x02)  = 0xA0
  [03] LOFF     (0x03)  = 0x10
  [04] CH1SET   (0x04)  = 0x40
  [05] CH2SET   (0x05)  = 0x40
  [06] RLDSENS  (0x06)  = 0x2C
  [07] LOFFSENS (0x07)  = 0x00
  [08] LOFFSTAT (0x08)  = 0x00
  [09] RESP1    (0x09)  = 0x32
  [10] RESP2    (0x0A)  = 0x03
  [11] GPIO     (0x0B)  = 0x0C
-------------------------------

EMG1:6719	EMG2:93574
EMG1:5713	EMG2:94529
EMG1:5725	EMG2:95833
EMG1:4803	EMG2:97106
EMG1:1967	EMG2:97204
EMG1:1129	EMG2:98278
EMG1:1293	EMG2:98787
EMG1:2383	EMG2:99889
EMG1:1578	EMG2:100198
EMG1:-281	EMG2:100550
EMG1:-1072	EMG2:101076
EMG1:-240	EMG2:101651
EMG1:691	EMG2:102165
EMG1:165	EMG2:102304
EMG1:-1340	EMG2:102499
EMG1:-1761	EMG2:103066
EMG1:-799	EMG2:103573
EMG1:-97	EMG2:103494
EMG1:-537	EMG2:103551
EMG1:-1776	EMG2:103714
EMG1:-2576	EMG2:103805
EMG1:-1490	EMG2:104238
EMG1:-588	EMG2:104406
EMG1:-372	EMG2:104784
EMG1:-2101	EMG2:104646
EMG1:-2966	EMG2:104683
EMG1:-1813	EMG2:105123
EMG1:-534	EMG2:105449
EMG1:-947	EMG2:105116
EMG1:-2575	EMG2:104817
EMG1:-3009	EMG2:105076
EMG1:-1731	EMG2:105788
EMG1:-813	EMG2:105623
EMG1:-900	EMG2:105526
EMG1:-2571	EMG2:105293
EMG1:-2874	EMG2:105875
EMG1:-1998	EMG2:106113
EMG1:-993	EMG2:106046
EMG1:-1269	EMG2:105720
EMG1:-2804	EMG2:105491
EMG1:-3314	EMG2:105597
EMG1:-1895	EMG2:106277
EMG1:-829	EMG2:106251
EMG1:-1141	EMG2:105895
EMG1:-2403	EMG2:105988
EMG1:-3047	EMG2:106146
EMG1:-1966	EMG2:106448
EMG1:-911	EMG2:106429
EMG1:-1298	EMG2:106001
EMG1:-2501	EMG2:106061
EMG1:-3122	EMG2:106016
EMG1:-2166	EMG2:106222
EMG1:-646	EMG2:106792
EMG1:-1219	EMG2:106372
EMG1:-2434	EMG2:106382
EMG1:-3216	EMG2:106418
EMG1:-2302	EMG2:106493
EMG1:-1075	EMG2:106644
EMG1:-1482	EMG2:106087
EMG1:-2411	EMG2:106455
EMG1:-3280	EMG2:106262
EMG1:-2059	EMG2:106573
EMG1:-874	EMG2:106796
EMG1:-1322	EMG2:106235
EMG1:-2550	EMG2:106166
EMG1:-2772	EMG2:106654
EMG1:-2059	EMG2:106727
EMG1:-917	EMG2:106710
EMG1:-1249	EMG2:106262
EMG1:-2350	EMG2:106373
EMG1:-2822	EMG2:106654
EMG1:-1890	EMG2:106931
EMG1:-956	EMG2:106929
EMG1:-1737	EMG2:105915
EMG1:-1957	EMG2:106832
EMG1:-2796	EMG2:106860
EMG1:-2566	EMG2:106309
EMG1:-999	EMG2:106744
EMG1:-1199	EMG2:106479
EMG1:-2411	EMG2:106294
EMG1:-2972	EMG2:106653
EMG1:-1997	EMG2:106991
EMG1:-1056	EMG2:106834
EMG1:-1232	EMG2:106546
EMG1:-2424	EMG2:106379
EMG1:-2964	EMG2:106706
EMG1:-2030	EMG2:106758
EMG1:-804	EMG2:106820
EMG1:-577	EMG2:106821
EMG1:-2326	EMG2:106278
EMG1:-2907	EMG2:106533
EMG1:-2081	EMG2:106613
EMG1:-1004	EMG2:106689
EMG1:-1141	EMG2:106534
EMG1:-2550	EMG2:106339
EMG1:-3280	EMG2:106401
EMG1:-2081	EMG2:106886
EMG1:-924	EMG2:106883
EMG1:-1344	EMG2:106254
EMG1:-2387	EMG2:106456
EMG1:-3234	EMG2:106509
EMG1:-2291	EMG2:106846
EMG1:-1290	EMG2:106672
EMG1:-1324	EMG2:106241
EMG1:-2289	EMG2:106318
EMG1:-2532	EMG2:106918
EMG1:-1871	EMG2:106858
EMG1:-1051	EMG2:106649
EMG1:-663	EMG2:106756
EMG1:-1898	EMG2:106684
EMG1:-3084	EMG2:106419
EMG1:-1999	EMG2:106781
EMG1:-727	EMG2:106888
EMG1:-1101	EMG2:106564
EMG1:-2627	EMG2:106074
EMG1:-2914	EMG2:106710
EMG1:-2375	EMG2:106711
EMG1:-1028	EMG2:106824
EMG1:-997	EMG2:106618
EMG1:-2253	EMG2:106476
EMG1:-3199	EMG2:106442
EMG1:-2332	EMG2:106689
EMG1:-771	EMG2:107048
EMG1:-1128	EMG2:106541
EMG1:-2266	EMG2:106576
EMG1:-3784	EMG2:106074
EMG1:-2666	EMG2:106538
EMG1:-1176	EMG2:106854
EMG1:-1008	EMG2:106766
EMG1:-2634	EMG2:106134
EMG1:-2932	EMG2:106669
EMG1:-2379	EMG2:106924
EMG1:-1939	EMG2:105956
EMG1:-1271	EMG2:106090
EMG1:-2599	EMG2:105798
EMG1:-3484	EMG2:105672
EMG1:-2633	EMG2:105779
EMG1:-1201	EMG2:105864
EMG1:-1247	EMG2:105508
EMG1:-2167	EMG2:105684
EMG1:-2825	EMG2:106025
EMG1:-2166	EMG2:106169
EMG1:-578	EMG2:106749
EMG1:-474	EMG2:106634
EMG1:-1724	EMG2:106776
EMG1:-2678	EMG2:106920
EMG1:-2176	EMG2:106953
EMG1:-986	EMG2:106865
EMG1:-859	EMG2:106842
EMG1:-2346	EMG2:106303
EMG1:-3225	EMG2:106204
EMG1:-2546	EMG2:106378
EMG1:-920	EMG2:106667
EMG1:-646	EMG2:106543
EMG1:-2309	EMG2:105968
EMG1:-2982	EMG2:106106
EMG1:-2344	EMG2:106288
EMG1:-1071	EMG2:106274
EMG1:-753	EMG2:106369
EMG1:-2255	EMG2:105920
EMG1:-3167	EMG2:106022
EMG1:-2322	EMG2:106256
EMG1:-1091	EMG2:106302
EMG1:-891	EMG2:106126
EMG1:-2275	EMG2:105924
EMG1:-2863	EMG2:106249
EMG1:-2453	EMG2:106363
EMG1:-1374	EMG2:106276
EMG1:-1373	EMG2:105799
EMG1:-2351	EMG2:105918
EMG1:-3137	EMG2:106026
EMG1:-2622	EMG2:106080
EMG1:-1171	EMG2:106289
EMG1:-1293	EMG2:105837
EMG1:-2359	EMG2:105893
EMG1:-3461	EMG2:105804
EMG1:-2851	EMG2:106030
EMG1:-1527	EMG2:106211
EMG1:-1566	EMG2:105841
EMG1:-2900	EMG2:105501
EMG1:-3611	EMG2:105801
EMG1:-2992	EMG2:105929
EMG1:-1641	EMG2:106028
EMG1:-1477	EMG2:105799
EMG1:-2680	EMG2:105512
EMG1:-3418	EMG2:105668
EMG1:-2711	EMG2:105942
EMG1:-1376	EMG2:105925
EMG1:-1207	EMG2:105685
EMG1:-1699	EMG2:106239
EMG1:-3790	EMG2:104977
EMG1:-2466	EMG2:105933
EMG1:-1513	EMG2:105816
EMG1:-1197	EMG2:105922
EMG1:-2474	EMG2:105558
EMG1:-3354	EMG2:105660
EMG1:-2807	EMG2:105835
EMG1:-1498	EMG2:105920
EMG1:-1172	EMG2:105881
EMG1:-2376	EMG2:105761
EMG1:-3339	EMG2:105688
EMG1:-2707	EMG2:105975
EMG1:-1414	EMG2:105962
EMG1:-566	EMG2:106389
EMG1:-2297	EMG2:105762
EMG1:-3066	EMG2:105960
EMG1:-2446	EMG2:106286
EMG1:-1143	EMG2:106426
EMG1:-619	EMG2:106500
EMG1:-2669	EMG2:105457
EMG1:-3220	EMG2:105828
EMG1:-2640	EMG2:106204
EMG1:-1290	EMG2:106417
EMG1:-1022	EMG2:106133
EMG1:-2315	EMG2:105826
EMG1:-3228	EMG2:105873
EMG1:-2635	EMG2:106178
EMG1:-1092	EMG2:106564
EMG1:-806	EMG2:106296
EMG1:-2182	EMG2:105833
EMG1:-3044	EMG2:106018
EMG1:-2555	EMG2:106173
EMG1:-1196	EMG2:106320
EMG1:-921	EMG2:106179
EMG1:-2099	EMG2:106035
EMG1:-3058	EMG2:106054
EMG1:-2837	EMG2:106056
EMG1:-1678	EMG2:106013
EMG1:-1024	EMG2:106096
EMG1:-2479	EMG2:105781
EMG1:-3287	EMG2:105731
EMG1:-2449	EMG2:106371
EMG1:-1618	EMG2:106191
EMG1:-1293	EMG2:105947
EMG1:-2419	EMG2:105709
EMG1:-3366	EMG2:105614
EMG1:-2437	EMG2:106275
EMG1:-1304	EMG2:106392
EMG1:-1002	EMG2:106133
EMG1:-2241	EMG2:105866
EMG1:-3127	EMG2:105959
EMG1:-2869	EMG2:106038
EMG1:-1557	EMG2:106051
EMG1:-972	EMG2:106104
EMG1:-2163	EMG2:105745
EMG1:-3122	EMG2:105787
EMG1:-2433	EMG2:106247
EMG1:-1271	EMG2:106262
EMG1:-1161	EMG2:105903
EMG1:-2291	EMG2:105759
EMG1:-3414	EMG2:105594
EMG1:-2876	EMG2:105910
EMG1:-1752	EMG2:105839
EMG1:-776	EMG2:106231
EMG1:-2392	EMG2:105622
EMG1:-3282	EMG2:105676
EMG1:-2991	EMG2:105705
EMG1:-1118	EMG2:106382
EMG1:-1091	EMG2:105873
EMG1:-2279	EMG2:105604
EMG1:-3107	EMG2:105738
EMG1:-2618	EMG2:106084
EMG1:-1176	EMG2:106253
EMG1:-1197	EMG2:105750
EMG1:-1975	EMG2:105884
EMG1:-2949	EMG2:105797
EMG1:-2745	EMG2:105794
EMG1:-1052	EMG2:106166
EMG1:-687	EMG2:105958
EMG1:-1857	EMG2:105704
EMG1:-2990	EMG2:105577
EMG1:-2291	EMG2:106132
EMG1:-1630	EMG2:105698
EMG1:-1187	EMG2:105534
EMG1:-2011	EMG2:105625
EMG1:-3196	EMG2:105596
EMG1:-2512	EMG2:106139
EMG1:-1494	EMG2:105950
EMG1:-1066	EMG2:105629
EMG1:-1551	EMG2:105971
EMG1:-2757	EMG2:105724
EMG1:-2376	EMG2:106104
EMG1:-953	EMG2:106356
EMG1:-1030	EMG2:105766
EMG1:-2127	EMG2:105424
EMG1:-3049	EMG2:105517
EMG1:-2649	EMG2:105850
EMG1:-1220	EMG2:106075
EMG1:-1018	EMG2:105631
EMG1:-2070	EMG2:105346
EMG1:-2944	EMG2:105477
EMG1:-2488	EMG2:105776
EMG1:-911	EMG2:106266
EMG1:-719	EMG2:105853
EMG1:-2248	EMG2:105269
EMG1:-3030	EMG2:105460
EMG1:-2757	EMG2:105485
EMG1:-1106	EMG2:106112
EMG1:-1006	EMG2:105495
EMG1:-1946	EMG2:105474
EMG1:-2839	EMG2:105748
EMG1:-3070	EMG2:105381
EMG1:-1529	EMG2:105756
EMG1:-934	EMG2:105836
EMG1:-2264	EMG2:105598
EMG1:-3326	EMG2:105585
EMG1:-3046	EMG2:105616
EMG1:-1634	EMG2:105743
EMG1:-951	EMG2:105802
EMG1:-2055	EMG2:105528
EMG1:-3136	EMG2:105626
EMG1:-3103	EMG2:105525
EMG1:-1725	EMG2:105770
EMG1:-1148	EMG2:105768
EMG1:-2431	EMG2:105406
EMG1:-3229	EMG2:105476
EMG1:-3322	EMG2:105428
EMG1:-1487	EMG2:106054
EMG1:-1132	EMG2:105767
EMG1:-2103	EMG2:105609
EMG1:-3421	EMG2:105258
EMG1:-3044	EMG2:105558
EMG1:-1469	EMG2:105798
EMG1:-1276	EMG2:105236
EMG1:-1934	EMG2:105291
EMG1:-3126	EMG2:105299
EMG1:-2706	EMG2:105670
EMG1:-1653	EMG2:105551
EMG1:-1232	EMG2:105330
EMG1:-2416	EMG2:104822
EMG1:-3603	EMG2:104434
EMG1:-3144	EMG2:104846
EMG1:-2046	EMG2:104600
EMG1:-1401	EMG2:104361
EMG1:-2056	EMG2:104543
EMG1:-3094	EMG2:104524
EMG1:-2696	EMG2:105026
EMG1:-1394	EMG2:105196
EMG1:-751	EMG2:105174
EMG1:-925	EMG2:105916
EMG1:-2094	EMG2:106151
EMG1:-2703	EMG2:105904
EMG1:-1479	EMG2:105923
EMG1:-1078	EMG2:105454
EMG1:-1824	EMG2:105364
EMG1:-2796	EMG2:105429
EMG1:-2964	EMG2:105286
EMG1:-1586	EMG2:105369
EMG1:-858	EMG2:105441
EMG1:-1871	EMG2:105108
EMG1:-2642	EMG2:105535
EMG1:-3082	EMG2:105244
EMG1:-1685	EMG2:105427
EMG1:-1161	EMG2:105173
EMG1:-1912	EMG2:105111
EMG1:-3016	EMG2:105046
EMG1:-2640	EMG2:105474
EMG1:-1785	EMG2:105169
EMG1:-1297	EMG2:104763
EMG1:-1429	EMG2:105309
EMG1:-3142	EMG2:104838
EMG1:-3097	EMG2:104945
EMG1:-1292	EMG2:105590
EMG1:-718	EMG2:105420
EMG1:-2038	EMG2:104798
EMG1:-2982	EMG2:104921
EMG1:-2782	EMG2:105170
EMG1:-1587	EMG2:105240
EMG1:-776	EMG2:105438
EMG1:-2279	EMG2:104609
EMG1:-3294	EMG2:104606
EMG1:-2962	EMG2:105096
EMG1:-1796	EMG2:104974
EMG1:-866	EMG2:105163
EMG1:-2080	EMG2:104738
EMG1:-2999	EMG2:104938
EMG1:-3197	EMG2:104802
EMG1:-1890	EMG2:104808
EMG1:-1109	EMG2:104835
EMG1:-2030	EMG2:104459
EMG1:-3004	EMG2:104583
EMG1:-3017	EMG2:104592
EMG1:-1486	EMG2:105083
EMG1:-906	EMG2:105019
EMG1:-1573	EMG2:105188
EMG1:-3727	EMG2:104059
EMG1:-2997	EMG2:104783
EMG1:-1769	EMG2:104846
EMG1:-731	EMG2:105073
EMG1:-1635	EMG2:104796
EMG1:-3021	EMG2:104529
EMG1:-2871	EMG2:104828
EMG1:-1716	EMG2:104922
EMG1:-1067	EMG2:104788
EMG1:-1692	EMG2:104820
EMG1:-3201	EMG2:104391
EMG1:-2791	EMG2:104851
EMG1:-1426	EMG2:105158
EMG1:-891	EMG2:104968
EMG1:-1771	EMG2:104778
EMG1:-2977	EMG2:104634
EMG1:-2574	EMG2:105334
EMG1:-1924	EMG2:104993
EMG1:-725	EMG2:105356
EMG1:-1762	EMG2:104876
EMG1:-2883	EMG2:104876
EMG1:-2919	EMG2:105071
EMG1:-1472	EMG2:105376
EMG1:-606	EMG2:105666
EMG1:-2045	EMG2:104752
EMG1:-3238	EMG2:104714
EMG1:-3066	EMG2:105009
EMG1:-1678	EMG2:105442
EMG1:-1146	EMG2:105127
EMG1:-2181	EMG2:104691
EMG1:-3211	EMG2:104731
EMG1:-2939	EMG2:105256
EMG1:-1774	EMG2:105402
EMG1:-1058	EMG2:105212
EMG1:-1967	EMG2:104734
EMG1:-2918	EMG2:104879
EMG1:-2976	EMG2:105161
EMG1:-1522	EMG2:105544
EMG1:-1118	EMG2:105088
EMG1:-1684	EMG2:105124
EMG1:-3141	EMG2:104788
EMG1:-2902	EMG2:105244
EMG1:-1764	EMG2:105219
EMG1:-802	EMG2:105196
EMG1:-1749	EMG2:104623
EMG1:-2806	EMG2:104729
EMG1:-2806	EMG2:105150
EMG1:-1675	EMG2:105258
EMG1:-766	EMG2:105231
EMG1:-1782	EMG2:104886
EMG1:-2872	EMG2:104847
EMG1:-3193	EMG2:104870
EMG1:-1904	EMG2:105011
EMG1:-877	EMG2:105131
EMG1:-1815	EMG2:104679
EMG1:-2649	EMG2:105023
EMG1:-2813	EMG2:105263
EMG1:-1756	EMG2:105203
EMG1:-1101	EMG2:104934
EMG1:-1575	EMG2:104928
EMG1:-3214	EMG2:104486
EMG1:-3216	EMG2:104748
EMG1:-1605	EMG2:105254
EMG1:-1109	EMG2:104904
EMG1:-1497	EMG2:104893
EMG1:-2877	EMG2:104738
EMG1:-2804	EMG2:105163
EMG1:-1504	EMG2:105413
EMG1:-1124	EMG2:104838
EMG1:-1354	EMG2:104987
EMG1:-2800	EMG2:104651
EMG1:-3155	EMG2:104595
EMG1:-1167	EMG2:105401
EMG1:-732	EMG2:104979
EMG1:-1384	EMG2:104727
EMG1:-2652	EMG2:104619
EMG1:-2744	EMG2:105036
EMG1:-1746	EMG2:104914
EMG1:-422	EMG2:105256
EMG1:-1281	EMG2:104986
EMG1:-2932	EMG2:104619
EMG1:-3643	EMG2:104144
EMG1:-1494	EMG2:104968
EMG1:-426	EMG2:105223
EMG1:-679	EMG2:105530
EMG1:-2796	EMG2:104846
EMG1:-3665	EMG2:104256
EMG1:-1919	EMG2:104925
EMG1:-1026	EMG2:104988
EMG1:-1506	EMG2:104873
EMG1:-2989	EMG2:104738
EMG1:-3239	EMG2:104946
EMG1:-1747	EMG2:105214
EMG1:-1086	EMG2:104986
EMG1:-1625	EMG2:104727
EMG1:-2885	EMG2:104693
EMG1:-3354	EMG2:104614
EMG1:-1891	EMG2:105136
EMG1:-933	EMG2:105108
EMG1:-1873	EMG2:104529
EMG1:-3145	EMG2:104435
EMG1:-3177	EMG2:104768
EMG1:-2089	EMG2:104798
EMG1:-2219	EMG2:103341
EMG1:-1587	EMG2:104096
EMG1:-2306	EMG2:104899
EMG1:-2585	EMG2:105280
EMG1:-1226	EMG2:105794
EMG1:-705	EMG2:105464
EMG1:-1592	EMG2:104879
EMG1:-2866	EMG2:104798
EMG1:-3072	EMG2:105023
EMG1:-1688	EMG2:105344
EMG1:-517	EMG2:105618
EMG1:-1698	EMG2:104694
EMG1:-3135	EMG2:104451
EMG1:-2903	EMG2:105074
EMG1:-1594	EMG2:105409
EMG1:-1188	EMG2:104794
EMG1:-812	EMG2:105418
EMG1:-2922	EMG2:104701
EMG1:-4307	EMG2:103526
EMG1:-2250	EMG2:104103
EMG1:338	EMG2:106075
EMG1:-1097	EMG2:105428
EMG1:-2727	EMG2:105113
EMG1:-3715	EMG2:104498
EMG1:-2012	EMG2:105015
EMG1:-1266	EMG2:104716
EMG1:-1421	EMG2:104802
EMG1:-2617	EMG2:104961
EMG1:-3959	EMG2:104313
EMG1:-1842	EMG2:105454
EMG1:-308	EMG2:106206
EMG1:-1906	EMG2:105143
EMG1:-3527	EMG2:104581
EMG1:-3744	EMG2:104690
EMG1:-1482	EMG2:105817
EMG1:-258	EMG2:105916
EMG1:-924	EMG2:105289
EMG1:-2941	EMG2:104492
EMG1:-3254	EMG2:104329
EMG1:-984	EMG2:105429
EMG1:-342	EMG2:105374
EMG1:-1095	EMG2:104844
EMG1:-2841	EMG2:104391
EMG1:-3721	EMG2:103826
EMG1:-2691	EMG2:103662
EMG1:-872	EMG2:104368
EMG1:-1159	EMG2:104114
EMG1:-2067	EMG2:104725
EMG1:-3171	EMG2:104371
EMG1:-3726	EMG2:102557
EMG1:-670	EMG2:104191
EMG1:-355	EMG2:104959
EMG1:-3173	EMG2:103588
EMG1:-3952	EMG2:103171
EMG1:-2254	EMG2:104002
EMG1:-1052	EMG2:104302
EMG1:-2665	EMG2:102464
EMG1:-2079	EMG2:104356
EMG1:-2201	EMG2:105484
EMG1:-1552	EMG2:105333
EMG1:-1834	EMG2:103841
EMG1:-1233	EMG2:104581
EMG1:-3662	EMG2:103291
EMG1:-3984	EMG2:103356
EMG1:-3659	EMG2:102147
EMG1:1034	EMG2:105726
EMG1:-1589	EMG2:103311
EMG1:-1843	EMG2:104598
EMG1:-6994	EMG2:99153
EMG1:2853	EMG2:107643
EMG1:2839	EMG2:108364
EMG1:-934	EMG2:105540
EMG1:-2626	EMG2:105069
EMG1:-4384	EMG2:103969
EMG1:-4021	EMG2:102854
EMG1:-1911	EMG2:103220
EMG1:-2664	EMG2:102169
EMG1:-2937	EMG2:102680
EMG1:-4067	EMG2:102297
EMG1:-4161	EMG2:100352
EMG1:-3326	EMG2:99494
EMG1:407	EMG2:103046
EMG1:-737	EMG2:104129
EMG1:-399	EMG2:106019
EMG1:68	EMG2:106281
EMG1:-1766	EMG2:103832
EMG1:-6672	EMG2:96872
EMG1:2154	EMG2:106996
EMG1:-63	EMG2:107282
EMG1:-3752	EMG2:103023
EMG1:-304	EMG2:104931
EMG1:-444	EMG2:105536
EMG1:-5630	EMG2:100611
EMG1:-2691	EMG2:104241
EMG1:-1827	EMG2:104251
EMG1:-3505	EMG2:100800
EMG1:494	EMG2:104423
EMG1:-921	EMG2:105351
EMG1:-2607	EMG2:104894
EMG1:-8044	EMG2:96908
EMG1:667	EMG2:103309
EMG1:133	EMG2:103427
EMG1:-3555	EMG2:100753
EMG1:2989	EMG2:109388
EMG1:2933	EMG2:111461
EMG1:-7370	EMG2:98934
EMG1:-3727	EMG2:100702
EMG1:-1557	EMG2:103863
EMG1:-3463	EMG2:103220
EMG1:-1631	EMG2:104239
EMG1:-806	EMG2:104052
EMG1:-829	EMG2:104071
EMG1:-6577	EMG2:99533
EMG1:-4059	EMG2:101205
EMG1:3323	EMG2:109084
EMG1:1611	EMG2:107319
EMG1:2141	EMG2:109216
EMG1:-4267	EMG2:104129
EMG1:-5542	EMG2:102975
EMG1:-3942	EMG2:102887
EMG1:-2609	EMG2:102278
EMG1:-2132	EMG2:102304
EMG1:-2397	EMG2:103312
EMG1:-4202	EMG2:102706
EMG1:-2829	EMG2:102828
EMG1:1863	EMG2:106659
EMG1:-622	EMG2:104741
EMG1:-1387	EMG2:105797
EMG1:-6269	EMG2:101756
EMG1:-2756	EMG2:103078
EMG1:-2596	EMG2:102176
EMG1:-4667	EMG2:98679
EMG1:636	EMG2:106174
EMG1:-2093	EMG2:105500
EMG1:-4869	EMG2:100903
EMG1:2343	EMG2:107116
EMG1:1660	EMG2:107911
EMG1:-3624	EMG2:104273
EMG1:-4513	EMG2:103884
EMG1:-3014	EMG2:104410
EMG1:-772	EMG2:105170
EMG1:-2564	EMG2:103261
EMG1:-3036	EMG2:103475
EMG1:-5346	EMG2:102203
EMG1:-918	EMG2:105338
EMG1:-1313	EMG2:103506
EMG1:-281	EMG2:104582
EMG1:-2296	EMG2:104158
EMG1:-2879	EMG2:105179
EMG1:-5426	EMG2:101522
EMG1:-2422	EMG2:102369
EMG1:-2462	EMG2:101277
EMG1:-50	EMG2:105853
EMG1:116	EMG2:108511
EMG1:2554	EMG2:111803
EMG1:-7587	EMG2:100058
EMG1:-3765	EMG2:101386
EMG1:-559	EMG2:106389
EMG1:-4816	EMG2:103671
EMG1:-2826	EMG2:104520
EMG1:-1171	EMG2:104661
EMG1:-3807	EMG2:101099
EMG1:-5410	EMG2:99991
EMG1:-3576	EMG2:102276
EMG1:-2841	EMG2:102744
EMG1:2758	EMG2:106606
EMG1:2306	EMG2:108040
EMG1:-2816	EMG2:104743
EMG1:-4231	EMG2:104425
EMG1:-2085	EMG2:105479
EMG1:-1942	EMG2:104230
EMG1:-140	EMG2:105796
EMG1:-2689	EMG2:104838
EMG1:-2847	EMG2:106116
EMG1:-5392	EMG2:102387
EMG1:-3601	EMG2:101139
EMG1:1091	EMG2:105668
EMG1:-1539	EMG2:105118
EMG1:-6789	EMG2:100170
EMG1:1443	EMG2:108088
EMG1:-491	EMG2:105331
EMG1:-1377	EMG2:103923
EMG1:-301	EMG2:106676
EMG1:-4527	EMG2:104195
EMG1:-2941	EMG2:104791
EMG1:-2659	EMG2:103231
EMG1:-1756	EMG2:103219
EMG1:-2081	EMG2:104309
EMG1:-5101	EMG2:102256
EMG1:-3386	EMG2:102556
EMG1:-3416	EMG2:100583
EMG1:1587	EMG2:104801
EMG1:-2051	EMG2:102899
EMG1:-3579	EMG2:102253
EMG1:-501	EMG2:104955
EMG1:1438	EMG2:107051
EMG1:-687	EMG2:104901
EMG1:-3662	EMG2:102823
EMG1:-2691	EMG2:105339
EMG1:-3867	EMG2:103303
EMG1:-1135	EMG2:104201
EMG1:1431	EMG2:106765
EMG1:-3461	EMG2:103868
EMG1:-4736	EMG2:103196
EMG1:-4784	EMG2:101902
EMG1:-2524	EMG2:102011
EMG1:2721	EMG2:107149
EMG1:-981	EMG2:106154
EMG1:-7536	EMG2:100857
EMG1:-4676	EMG2:101143
EMG1:-371	EMG2:104031
EMG1:-569	EMG2:103528
EMG1:593	EMG2:106672
EMG1:-718	EMG2:107961
EMG1:-7199	EMG2:100663
EMG1:-2391	EMG2:102069
EMG1:919	EMG2:105396
EMG1:-3844	EMG2:102198
EMG1:-2934	EMG2:103784
EMG1:-4186	EMG2:102002
EMG1:2164	EMG2:106945
EMG1:-1493	EMG2:103318
EMG1:-1781	EMG2:104094
EMG1:-1033	EMG2:107054
EMG1:-4109	EMG2:103448
EMG1:-1689	EMG2:104023
EMG1:-311	EMG2:105041
EMG1:-4297	EMG2:101866
EMG1:-3896	EMG2:102938
EMG1:-3675	EMG2:102109
EMG1:-459	EMG2:103359
EMG1:-184	EMG2:103462
EMG1:-179	EMG2:106283
EMG1:-3466	EMG2:104614
EMG1:-3721	EMG2:103520
EMG1:-699	EMG2:104998
EMG1:-1219	EMG2:103623
EMG1:1105	EMG2:108088
EMG1:-8421	EMG2:100204
EMG1:-6767	EMG2:99161
EMG1:75	EMG2:103968
EMG1:-951	EMG2:102358
EMG1:-1220	EMG2:103754
EMG1:-3088	EMG2:103516
EMG1:-1945	EMG2:104817
EMG1:-5549	EMG2:98431
EMG1:2701	EMG2:105906
EMG1:180	EMG2:105654
EMG1:-2554	EMG2:104693
EMG1:-2904	EMG2:104082
EMG1:-339	EMG2:105093
EMG1:-48	EMG2:105155
EMG1:-4402	EMG2:102208
EMG1:-4477	EMG2:102718
EMG1:-4245	EMG2:102176
EMG1:-1137	EMG2:103194
EMG1:-1066	EMG2:102833
EMG1:-422	EMG2:104724
EMG1:-6582	EMG2:99818
EMG1:-5052	EMG2:99124
EMG1:503	EMG2:103554
EMG1:2388	EMG2:105919
EMG1:-96	EMG2:105478
EMG1:-2787	EMG2:104340
EMG1:-4562	EMG2:101519
EMG1:2093	EMG2:107506
EMG1:-1036	EMG2:103582
EMG1:-2728	EMG2:103374
EMG1:-4104	EMG2:102832
EMG1:-1012	EMG2:105953
EMG1:-3344	EMG2:101676
EMG1:-1946	EMG2:101652
EMG1:-4236	EMG2:100167
EMG1:-2354	EMG2:102777
EMG1:-3426	EMG2:101838
EMG1:-2680	EMG2:100678
EMG1:-1890	EMG2:99979
EMG1:1275	EMG2:105296
EMG1:-2319	EMG2:103758
EMG1:-3671	EMG2:101968
EMG1:963	EMG2:105408
EMG1:1087	EMG2:105428
EMG1:-3235	EMG2:102340
EMG1:-1457	EMG2:105638
EMG1:-5759	EMG2:100688
EMG1:-4407	EMG2:99018
EMG1:924	EMG2:103671
EMG1:-766	EMG2:103614
EMG1:-3889	EMG2:102508
EMG1:-6775	EMG2:98769
EMG1:-1630	EMG2:101630
EMG1:3176	EMG2:105976
EMG1:-1406	EMG2:104346
EMG1:-5725	EMG2:100881
EMG1:-5186	EMG2:100261
EMG1:-1392	EMG2:102146
EMG1:-5157	EMG2:96344
EMG1:4339	EMG2:107079
EMG1:2033	EMG2:108827
EMG1:-6336	EMG2:100103
EMG1:-3148	EMG2:100638
EMG1:-1140	EMG2:101676
EMG1:-4882	EMG2:98591
EMG1:-3661	EMG2:100552
EMG1:-1246	EMG2:103733
EMG1:-2517	EMG2:101009
EMG1:-649	EMG2:101901
EMG1:-163	EMG2:103803
EMG1:-5928	EMG2:99536
EMG1:-31	EMG2:105405
EMG1:743	EMG2:105016
EMG1:-377	EMG2:104076
EMG1:-4950	EMG2:99883
EMG1:-3853	EMG2:102028
EMG1:-5389	EMG2:99561
EMG1:-2144	EMG2:100619
EMG1:-742	EMG2:101189
EMG1:-2693	EMG2:100239
EMG1:-1693	EMG2:102843
EMG1:-1821	EMG2:103665
EMG1:-3831	EMG2:99448
EMG1:-979	EMG2:101681
EMG1:-5414	EMG2:98213
EMG1:-4100	EMG2:100096
EMG1:406	EMG2:105644
EMG1:-2226	EMG2:102161
EMG1:-3025	EMG2:99758
EMG1:1570	EMG2:105723
EMG1:-4664	EMG2:102344
EMG1:-4211	EMG2:101933
EMG1:103	EMG2:104838
EMG1:-4667	EMG2:99426
EMG1:-3114	EMG2:101013
EMG1:-4416	EMG2:100821
EMG1:-3223	EMG2:101739
EMG1:-1473	EMG2:102257
EMG1:2200	EMG2:105818
EMG1:-4462	EMG2:100346
EMG1:-7109	EMG2:97266
EMG1:-1996	EMG2:102294
EMG1:-5021	EMG2:97756
EMG1:-1319	EMG2:99336
EMG1:-1797	EMG2:100442
EMG1:-2044	EMG2:101479
EMG1:-1382	EMG2:103341
EMG1:-2188	EMG2:101144
EMG1:-2009	EMG2:99994
EMG1:-2810	EMG2:99748
EMG1:-3559	EMG2:100328
EMG1:-1546	EMG2:103017
EMG1:1364	EMG2:104772
EMG1:-4476	EMG2:98111
EMG1:-4421	EMG2:97819
EMG1:-2679	EMG2:101229
EMG1:-2264	EMG2:100946
EMG1:-4049	EMG2:97674
EMG1:2237	EMG2:102346
EMG1:-882	EMG2:102263
EMG1:-9287	EMG2:93523
EMG1:-322	EMG2:102491
EMG1:-2307	EMG2:98959
EMG1:1417	EMG2:101928
EMG1:-2010	EMG2:100136
EMG1:-3524	EMG2:100104
EMG1:-5001	EMG2:98206
EMG1:-1428	EMG2:99944
EMG1:-4462	EMG2:95194
EMG1:1656	EMG2:101991
EMG1:-4506	EMG2:97904
EMG1:-76	EMG2:102484
EMG1:-1806	EMG2:100282
EMG1:-4727	EMG2:94712
EMG1:-1732	EMG2:99737
EMG1:-6649	EMG2:95354
EMG1:-3687	EMG2:97084
EMG1:2898	EMG2:103083
EMG1:1546	EMG2:101701
EMG1:-1165	EMG2:100085
EMG1:-7939	EMG2:94287
EMG1:-774	EMG2:100954
EMG1:-2621	EMG2:97690
EMG1:-2852	EMG2:96013
EMG1:-2423	EMG2:96719
EMG1:-3169	EMG2:98223
EMG1:-4239	EMG2:97043
EMG1:-3665	EMG2:95278
EMG1:45	EMG2:98038
EMG1:71	EMG2:100013
EMG1:-2271	EMG2:99568
EMG1:-1119	EMG2:101707
EMG1:-6596	EMG2:93948
EMG1:-4771	EMG2:92112
EMG1:5167	EMG2:103994
EMG1:3496	EMG2:106505
EMG1:-7311	EMG2:96403
EMG1:-3394	EMG2:97705
EMG1:-831	EMG2:98871
EMG1:-1054	EMG2:99806
EMG1:-4617	EMG2:97828
EMG1:-4314	EMG2:97443
EMG1:-2771	EMG2:97172
EMG1:-1396	EMG2:97040
EMG1:-1406	EMG2:97736
EMG1:-4392	EMG2:96348
EMG1:-9081	EMG2:90511
EMG1:2818	EMG2:100403
EMG1:4231	EMG2:102238
EMG1:1214	EMG2:101769
EMG1:-1524	EMG2:101398
EMG1:-5171	EMG2:97444
EMG1:-5396	EMG2:95072
EMG1:-846	EMG2:97983
EMG1:-495	EMG2:99334
EMG1:-2452	EMG2:99387
EMG1:-2764	EMG2:99407
EMG1:485	EMG2:101201
EMG1:-5823	EMG2:93831
EMG1:-3565	EMG2:94363
EMG1:2364	EMG2:102816
EMG1:-1857	EMG2:100777
EMG1:-1916	EMG2:99048
EMG1:-196	EMG2:99961
EMG1:-1568	EMG2:99163
EMG1:-3275	EMG2:99085
EMG1:-3996	EMG2:98572
EMG1:-800	EMG2:100224
EMG1:-1985	EMG2:97956
EMG1:-2101	EMG2:98451
EMG1:-2359	EMG2:99883
EMG1:-3676	EMG2:99123
EMG1:-4332	EMG2:96363
EMG1:-2443	EMG2:95982
EMG1:-1008	EMG2:98520
EMG1:-3654	EMG2:97259
EMG1:1513	EMG2:103882
EMG1:-6298	EMG2:95249
EMG1:-5075	EMG2:93457
EMG1:-931	EMG2:97911
EMG1:312	EMG2:102185
EMG1:-2240	EMG2:101239
EMG1:-824	EMG2:101260
EMG1:-293	EMG2:101049
EMG1:-3291	EMG2:98327
EMG1:-3568	EMG2:99408
EMG1:-4277	EMG2:98996
EMG1:-3029	EMG2:98091
EMG1:-1787	EMG2:97687
EMG1:-852	EMG2:99412
EMG1:-2162	EMG2:100294
EMG1:-4661	EMG2:97799
EMG1:-5223	EMG2:94753
EMG1:1031	EMG2:99339
EMG1:-1115	EMG2:98469
EMG1:989	EMG2:103391
EMG1:-1557	EMG2:101995
EMG1:-193	EMG2:102257
EMG1:-521	EMG2:100954
EMG1:-2168	EMG2:100036
EMG1:-4169	EMG2:99537
EMG1:746	EMG2:105151
EMG1:-4254	EMG2:99231
EMG1:-2724	EMG2:98136
EMG1:-2787	EMG2:98166
EMG1:-4474	EMG2:97648
EMG1:-2361	EMG2:99998
EMG1:953	EMG2:102959
EMG1:-751	EMG2:100094
EMG1:-1069	EMG2:100680
EMG1:-4957	EMG2:98045
EMG1:-2521	EMG2:100746
EMG1:-2841	EMG2:99131
EMG1:61	EMG2:100794
EMG1:658	EMG2:102598
EMG1:-1956	EMG2:102123
EMG1:-5365	EMG2:99206
EMG1:-2430	EMG2:100109
EMG1:-5273	EMG2:95508
EMG1:-1349	EMG2:98719
EMG1:1598	EMG2:104351
EMG1:-3290	EMG2:100644
EMG1:2083	EMG2:105776
EMG1:-2012	EMG2:100984
EMG1:-3071	EMG2:100654
EMG1:-4524	EMG2:99996
EMG1:-4792	EMG2:99744
EMG1:-3952	EMG2:98218
EMG1:1021	EMG2:102097
EMG1:708	EMG2:103024
EMG1:-3141	EMG2:101299
EMG1:-2960	EMG2:101926
EMG1:-6687	EMG2:96191
EMG1:-6746	EMG2:92250
EMG1:-4339	EMG2:93393
EMG1:3136	EMG2:103543
EMG1:927	EMG2:104630
EMG1:2198	EMG2:106686
EMG1:-1997	EMG2:101587
EMG1:-9050	EMG2:92837
EMG1:2298	EMG2:105460
EMG1:102	EMG2:106003
EMG1:-1946	EMG2:103118
EMG1:-1222	EMG2:102215
EMG1:-1102	EMG2:102975
EMG1:-1541	EMG2:104238
EMG1:-5447	EMG2:101049
EMG1:-4809	EMG2:98933
EMG1:724	EMG2:102839
EMG1:-257	EMG2:102789
EMG1:-2663	EMG2:102199
EMG1:-5331	EMG2:99991
EMG1:-4696	EMG2:98616
EMG1:-4747	EMG2:95077
EMG1:2693	EMG2:102766
EMG1:-1467	EMG2:101706
EMG1:2933	EMG2:108362
EMG1:-236	EMG2:105376
EMG1:-654	EMG2:103659
EMG1:-2278	EMG2:102409
EMG1:-2951	EMG2:103099
EMG1:-3130	EMG2:103503
EMG1:-3832	EMG2:101131
EMG1:-219	EMG2:102869
EMG1:428	EMG2:104257
EMG1:-2594	EMG2:103476
EMG1:-9119	EMG2:95099
EMG1:3203	EMG2:106781
EMG1:-365	EMG2:102457
EMG1:1966	EMG2:105615
EMG1:-5091	EMG2:100321
EMG1:-834	EMG2:105241
EMG1:-1550	EMG2:103556
EMG1:-1251	EMG2:102413
EMG1:-2839	EMG2:100502
EMG1:-1179	EMG2:103979
EMG1:-1998	EMG2:104401
EMG1:-2224	EMG2:102857
EMG1:-1116	EMG2:102442
EMG1:-2358	EMG2:101465
EMG1:-2269	EMG2:102936
EMG1:-2875	EMG2:103066
EMG1:-2079	EMG2:102882
EMG1:-442	EMG2:103100
EMG1:-1177	EMG2:102792
EMG1:-5011	EMG2:100506
EMG1:-8838	EMG2:95590
EMG1:2365	EMG2:105482
EMG1:736	EMG2:104156
EMG1:-2968	EMG2:100874
EMG1:-384	EMG2:105580
EMG1:-1866	EMG2:105661
EMG1:-3114	EMG2:102996
EMG1:-992	EMG2:103403
EMG1:-4630	EMG2:99372
EMG1:-624	EMG2:104798
EMG1:-3929	EMG2:103039
EMG1:-1936	EMG2:103544
EMG1:-704	EMG2:103444
EMG1:-4247	EMG2:99559
EMG1:-2026	EMG2:102631
EMG1:-5124	EMG2:99979
EMG1:1392	EMG2:105143
EMG1:1830	EMG2:105731
EMG1:-30	EMG2:104748
EMG1:-4816	EMG2:101622
EMG1:-4514	EMG2:101533
EMG1:853	EMG2:106504
EMG1:-5770	EMG2:98119
EMG1:291	EMG2:103481
EMG1:-325	EMG2:105571
EMG1:-4832	EMG2:101779
EMG1:-5399	EMG2:98468
EMG1:3520	EMG2:107148
EMG1:-5734	EMG2:97876
EMG1:-6944	EMG2:95974
EMG1:-1925	EMG2:101688
EMG1:-3276	EMG2:100035
EMG1:5416	EMG2:107573
EMG1:2223	EMG2:107158
EMG1:-1926	EMG2:105124
EMG1:-2211	EMG2:105959
EMG1:-2774	EMG2:104063
EMG1:-951	EMG2:104301
EMG1:-1573	EMG2:104051
EMG1:-3791	EMG2:102933
EMG1:-2700	EMG2:104974
EMG1:-2924	EMG2:103708
EMG1:-2161	EMG2:102723
EMG1:-983	EMG2:103744
EMG1:-3693	EMG2:102276
EMG1:-2595	EMG2:104055
EMG1:-1609	EMG2:104478
EMG1:-3249	EMG2:101129
EMG1:-1266	EMG2:103041
EMG1:-2254	EMG2:104064
EMG1:-1956	EMG2:105466
EMG1:-3638	EMG2:102614
EMG1:-1353	EMG2:103149
EMG1:-1061	EMG2:103662
EMG1:-2678	EMG2:103679
EMG1:-3543	EMG2:103588
EMG1:-2619	EMG2:103316
EMG1:-56	EMG2:104522
EMG1:-1616	EMG2:103033
EMG1:-3366	EMG2:102423
EMG1:-1928	EMG2:104856
EMG1:-1909	EMG2:103828
EMG1:-980	EMG2:103438
EMG1:-151	EMG2:104358
EMG1:-2972	EMG2:102980
EMG1:-2859	EMG2:104048
EMG1:-1524	EMG2:104304
EMG1:-502	EMG2:104086
EMG1:-888	EMG2:103808
EMG1:-2750	EMG2:103514
EMG1:-3886	EMG2:102993
EMG1:-1927	EMG2:103831
EMG1:-2885	EMG2:101049
EMG1:724	EMG2:104484
EMG1:-1309	EMG2:104584
EMG1:-3630	EMG2:103335
EMG1:-2576	EMG2:103077
EMG1:322	EMG2:104887
EMG1:-1608	EMG2:103060
EMG1:-2666	EMG2:103328
EMG1:-4674	EMG2:101946
EMG1:-2200	EMG2:102959
EMG1:-181	EMG2:103686
EMG1:-1337	EMG2:102777
EMG1:-2659	EMG2:102806
EMG1:-2111	EMG2:104134
EMG1:-1439	EMG2:104322
EMG1:-1318	EMG2:103002
EMG1:-757	EMG2:103351
EMG1:-2781	EMG2:102722
EMG1:-2650	EMG2:103751
EMG1:-811	EMG2:105220
EMG1:-387	EMG2:104496
EMG1:-632	EMG2:104341
EMG1:-2484	EMG2:103908
EMG1:-2991	EMG2:104195
EMG1:-1989	EMG2:104209
EMG1:-545	EMG2:104173
EMG1:-1643	EMG2:102799
EMG1:-2699	EMG2:103196
EMG1:-3066	EMG2:103678
EMG1:-1729	EMG2:104171
EMG1:-439	EMG2:104089
EMG1:-719	EMG2:104002
EMG1:-2246	EMG2:103957
EMG1:-3243	EMG2:103991
EMG1:-3409	EMG2:102473
EMG1:428	EMG2:105031
EMG1:-697	EMG2:103938
EMG1:-2911	EMG2:103082
EMG1:-2922	EMG2:103797
EMG1:-1997	EMG2:103833
EMG1:24	EMG2:104724
EMG1:-1948	EMG2:102783
EMG1:-2547	EMG2:103224
EMG1:-3659	EMG2:102951
EMG1:-1827	EMG2:103749
EMG1:-413	EMG2:103973
EMG1:-1370	EMG2:103016
EMG1:-2156	EMG2:103619
EMG1:-3740	EMG2:103026
EMG1:-1187	EMG2:104663
EMG1:111	EMG2:104869
EMG1:-931	EMG2:103931
EMG1:-3509	EMG2:102743
EMG1:-3842	EMG2:103277
EMG1:-2927	EMG2:103076
EMG1:-54	EMG2:104697
EMG1:-102	EMG2:105051
EMG1:-3151	EMG2:103422
EMG1:-3919	EMG2:103576
EMG1:-3088	EMG2:103134
EMG1:-1006	EMG2:103678
EMG1:-1078	EMG2:103524
EMG1:-3489	EMG2:102391
EMG1:-2539	EMG2:104336
EMG1:-2485	EMG2:103644
EMG1:-226	EMG2:104563
EMG1:-1659	EMG2:103219
EMG1:-3196	EMG2:102888
EMG1:-3153	EMG2:103954
EMG1:-2317	EMG2:103861
EMG1:-761	EMG2:103988
EMG1:-489	EMG2:104223
EMG1:-2211	EMG2:104112
EMG1:-3766	EMG2:103676
EMG1:-2086	EMG2:104445
EMG1:-941	EMG2:104284
EMG1:-1185	EMG2:103838
EMG1:-2976	EMG2:103184
EMG1:-3029	EMG2:104289
EMG1:-2726	EMG2:104223
EMG1:-1123	EMG2:104393
EMG1:-811	EMG2:104424
EMG1:-2283	EMG2:104489
EMG1:-4066	EMG2:103768
EMG1:-1627	EMG2:105266
EMG1:-1359	EMG2:104096
EMG1:-982	EMG2:104116
EMG1:-3232	EMG2:103281
EMG1:-3542	EMG2:103990
EMG1:-1224	EMG2:105576
EMG1:-362	EMG2:105469
EMG1:-1438	EMG2:104373
EMG1:-3591	EMG2:103412
EMG1:-3700	EMG2:104146
EMG1:-2609	EMG2:104463
EMG1:-1102	EMG2:104696
EMG1:-1767	EMG2:103638
EMG1:-2185	EMG2:104409
EMG1:-3577	EMG2:104163
EMG1:-2638	EMG2:104251
EMG1:-1176	EMG2:104658
EMG1:-151	EMG2:105693
EMG1:-2856	EMG2:104641
EMG1:-3848	EMG2:104579
EMG1:-1821	EMG2:106149
EMG1:-3004	EMG2:103138
EMG1:-982	EMG2:104813
EMG1:-3562	EMG2:103413
EMG1:-3474	EMG2:104338
EMG1:-2849	EMG2:104262
EMG1:-937	EMG2:104715
EMG1:-1216	EMG2:104194
EMG1:-2681	EMG2:104055
EMG1:-3703	EMG2:104088
EMG1:-2762	EMG2:104318
EMG1:-986	EMG2:104659
EMG1:-1001	EMG2:104435
EMG1:-2779	EMG2:104037
EMG1:-4114	EMG2:103503
EMG1:-2681	EMG2:104258
EMG1:-104	EMG2:105721
EMG1:-920	EMG2:104756
EMG1:-3217	EMG2:103932
EMG1:-4212	EMG2:103564
EMG1:-2586	EMG2:104638
EMG1:-1339	EMG2:104627
EMG1:-1157	EMG2:104474
EMG1:-2370	EMG2:104695
EMG1:-2517	EMG2:105883
EMG1:-3297	EMG2:104363
EMG1:-2138	EMG2:103683
EMG1:-1285	EMG2:103914
EMG1:-2415	EMG2:103988
EMG1:-3117	EMG2:104478
EMG1:-2497	EMG2:104369
EMG1:-1215	EMG2:104286
EMG1:-127	EMG2:104982
EMG1:-2302	EMG2:104336
EMG1:-3493	EMG2:104262
EMG1:-3060	EMG2:103923
EMG1:-1066	EMG2:104445
EMG1:-1052	EMG2:104068
EMG1:-1917	EMG2:104767
EMG1:-4102	EMG2:103632
EMG1:-3116	EMG2:103924
EMG1:-1062	EMG2:104475
EMG1:-640	EMG2:104618
EMG1:-387	EMG2:106659
EMG1:-3051	EMG2:106086
EMG1:-5842	EMG2:102227
EMG1:-2672	EMG2:102814
EMG1:-822	EMG2:104125
EMG1:-2612	EMG2:103754
EMG1:-3636	EMG2:103857
EMG1:-2892	EMG2:103967
EMG1:-1032	EMG2:104295
EMG1:-867	EMG2:104194
EMG1:-2566	EMG2:103798
EMG1:-3612	EMG2:103736
EMG1:-2654	EMG2:104182
EMG1:-1204	EMG2:104208
EMG1:-1342	EMG2:103602
EMG1:-1631	EMG2:104701
EMG1:-3377	EMG2:104143
EMG1:-2691	EMG2:104365
EMG1:-1264	EMG2:104417
EMG1:-1565	EMG2:103475
EMG1:-1244	EMG2:105090
EMG1:-2516	EMG2:105283
EMG1:-2718	EMG2:104673
EMG1:-1672	EMG2:104231
EMG1:-1103	EMG2:104130
EMG1:-569	EMG2:106227
EMG1:-3806	EMG2:104486
EMG1:-2912	EMG2:104561
EMG1:-1511	EMG2:104729
EMG1:-1776	EMG2:103503
EMG1:-2992	EMG2:103074
EMG1:-3816	EMG2:103376
EMG1:-2899	EMG2:103797
EMG1:-1072	EMG2:104214
EMG1:-914	EMG2:103969
EMG1:-2852	EMG2:103179
EMG1:-4046	EMG2:103020
EMG1:-3104	EMG2:103284
EMG1:-879	EMG2:103984
EMG1:-583	EMG2:103848
EMG1:-3336	EMG2:102208
EMG1:-3352	EMG2:103116
EMG1:-1234	EMG2:105393
EMG1:-514	EMG2:105176
EMG1:-790	EMG2:104333
EMG1:-2460	EMG2:103919
EMG1:-3516	EMG2:103986
EMG1:-2122	EMG2:105096
EMG1:166	EMG2:106267
EMG1:434	EMG2:106738
EMG1:-4441	EMG2:102798
EMG1:-5145	EMG2:102505
EMG1:-3642	EMG2:103227
EMG1:-1421	EMG2:103846
EMG1:-1075	EMG2:103756
EMG1:-2777	EMG2:103208
EMG1:-3601	EMG2:103309
EMG1:-2706	EMG2:103746
EMG1:-1596	EMG2:103431
EMG1:-339	EMG2:104316
EMG1:-2617	EMG2:103247
EMG1:-3217	EMG2:103491
EMG1:-2018	EMG2:104839
EMG1:-977	EMG2:104759
EMG1:-951	EMG2:104237
EMG1:-3052	EMG2:103016
EMG1:-3570	EMG2:103507
EMG1:-2634	EMG2:104269
EMG1:-1065	EMG2:104523
EMG1:-825	EMG2:104251
EMG1:-3371	EMG2:102714
EMG1:-3444	EMG2:103583
EMG1:-3019	EMG2:103699
EMG1:-1275	EMG2:104022
EMG1:-346	EMG2:104560
EMG1:-1622	EMG2:104659
EMG1:-2673	EMG2:104929
EMG1:-4822	EMG2:102295
EMG1:-1298	EMG2:104144
EMG1:-610	EMG2:104335
EMG1:-1099	EMG2:105339
EMG1:-4926	EMG2:102601
EMG1:-4152	EMG2:102328
EMG1:-1301	EMG2:103534
EMG1:-740	EMG2:103746
EMG1:-2741	EMG2:102761
EMG1:-4095	EMG2:102091
EMG1:-2511	EMG2:103317
EMG1:-214	EMG2:104817
EMG1:-232	EMG2:104910
EMG1:-3564	EMG2:102353
EMG1:-3692	EMG2:102877
EMG1:-2572	EMG2:103632
EMG1:-566	EMG2:104453
EMG1:-462	EMG2:104309
EMG1:-2638	EMG2:103030
EMG1:-3704	EMG2:102803
EMG1:-2858	EMG2:103363
EMG1:-1042	EMG2:103929
EMG1:-744	EMG2:103694
EMG1:-2207	EMG2:103252
EMG1:-3222	EMG2:103308
EMG1:-2858	EMG2:103556
EMG1:-628	EMG2:104475
EMG1:-631	EMG2:103908
EMG1:-1662	EMG2:104031
EMG1:-2981	EMG2:103891
EMG1:-1838	EMG2:105061
EMG1:-993	EMG2:104848
EMG1:-2029	EMG2:102954
EMG1:-2750	EMG2:102972
EMG1:-3064	EMG2:103781
EMG1:-2499	EMG2:104228
EMG1:-1147	EMG2:104468
EMG1:-1036	EMG2:104086
EMG1:-2467	EMG2:103644
EMG1:-3797	EMG2:103194
EMG1:-3201	EMG2:103284
EMG1:-754	EMG2:104747
EMG1:-262	EMG2:104680
EMG1:-2146	EMG2:103751
EMG1:-3183	EMG2:103768
EMG1:-2662	EMG2:104115
EMG1:-824	EMG2:104832
EMG1:-723	EMG2:104431
EMG1:-2401	EMG2:103663
EMG1:-3302	EMG2:103798
EMG1:-2002	EMG2:105010
EMG1:-124	EMG2:106094
EMG1:112	EMG2:105944
EMG1:-4251	EMG2:102078
EMG1:-4443	EMG2:102214
EMG1:-2621	EMG2:103857
EMG1:-977	EMG2:104476
EMG1:-1227	EMG2:103651
EMG1:-2487	EMG2:103113
EMG1:-2810	EMG2:104030
EMG1:-3194	EMG2:103389
EMG1:-1032	EMG2:104365
EMG1:-493	EMG2:104413
EMG1:-2571	EMG2:103228
EMG1:-3051	EMG2:103754
EMG1:-2655	EMG2:104177
EMG1:-1226	EMG2:104419
EMG1:-886	EMG2:104144
EMG1:-2210	EMG2:103744
EMG1:-3466	EMG2:103480
EMG1:-2278	EMG2:104481
EMG1:-867	EMG2:104786
EMG1:-512	EMG2:104627
EMG1:-2299	EMG2:103703
EMG1:-3571	EMG2:103411
EMG1:-3015	EMG2:103788
EMG1:-1289	EMG2:104169
EMG1:-951	EMG2:103903
EMG1:-2210	EMG2:103562
EMG1:-3084	EMG2:103723
EMG1:-3012	EMG2:103679
EMG1:-1347	EMG2:104130
EMG1:-334	EMG2:104624
EMG1:-2167	EMG2:103550
EMG1:-3961	EMG2:102710
EMG1:-2564	EMG2:103837
EMG1:-354	EMG2:105072
EMG1:-5	EMG2:104967
EMG1:-2036	EMG2:103843
EMG1:-2467	EMG2:104511
EMG1:-1619	EMG2:105682
EMG1:-1691	EMG2:104648
EMG1:-1882	EMG2:103630
EMG1:-2173	EMG2:103782
EMG1:-3169	EMG2:103814
EMG1:-3071	EMG2:103900
EMG1:-1206	EMG2:104559
EMG1:-809	EMG2:104322
EMG1:-2160	EMG2:103796
EMG1:-3757	EMG2:103127
EMG1:-3375	EMG2:103418
EMG1:-1562	EMG2:104124
EMG1:-1247	EMG2:103797
EMG1:-2321	EMG2:103439
EMG1:-2881	EMG2:103929
EMG1:-2571	EMG2:104358
EMG1:-1615	EMG2:104264
EMG1:-736	EMG2:104430
EMG1:-2141	EMG2:103776
EMG1:-2826	EMG2:104187
EMG1:-3278	EMG2:103967
EMG1:-589	EMG2:105394
EMG1:-1950	EMG2:103751
EMG1:-2432	EMG2:103714
EMG1:-3469	EMG2:103596
EMG1:-3096	EMG2:103948
EMG1:-1283	EMG2:104649
EMG1:-1220	EMG2:103994
EMG1:-2456	EMG2:103454
EMG1:-2859	EMG2:104034
EMG1:-3203	EMG2:103857
EMG1:-865	EMG2:105147
EMG1:-141	EMG2:105410
EMG1:-2553	EMG2:103976
EMG1:-4081	EMG2:103255
EMG1:-3112	EMG2:104314
EMG1:-2011	EMG2:104096
EMG1:-1399	EMG2:103832
EMG1:-2341	EMG2:103418
EMG1:-3298	EMG2:103431
EMG1:-3040	EMG2:103810
EMG1:-1278	EMG2:104494
EMG1:-806	EMG2:104299
EMG1:-2031	EMG2:103674
EMG1:-3064	EMG2:103639
EMG1:-3145	EMG2:103565
EMG1:-1136	EMG2:104400
EMG1:-1656	EMG2:103083
EMG1:-1542	EMG2:103664
EMG1:-3201	EMG2:103268
EMG1:-3669	EMG2:102801
EMG1:-1162	EMG2:103999
EMG1:-561	EMG2:103974
EMG1:-1772	EMG2:103403
EMG1:-1981	EMG2:104319
EMG1:-2771	EMG2:103704
EMG1:-829	EMG2:104769
EMG1:-858	EMG2:104024
EMG1:-1494	EMG2:104145
EMG1:-2567	EMG2:104300
EMG1:-3181	EMG2:103902
EMG1:-2017	EMG2:103739
EMG1:-540	EMG2:104355
EMG1:-1984	EMG2:103580
EMG1:-3239	EMG2:103469
EMG1:-3210	EMG2:103370
EMG1:-1301	EMG2:104113
EMG1:-552	EMG2:104139
EMG1:-1326	EMG2:104057
EMG1:-3006	EMG2:103516
EMG1:-3091	EMG2:103788
EMG1:-1685	EMG2:104101
EMG1:-500	EMG2:104509
EMG1:-2097	EMG2:103511
EMG1:-3389	EMG2:103119
EMG1:-2636	EMG2:104042
EMG1:-1287	EMG2:104341
EMG1:-165	EMG2:104804
EMG1:-2192	EMG2:103454
EMG1:-3843	EMG2:102794
EMG1:-3292	EMG2:103483
EMG1:-1487	EMG2:104316
EMG1:-1176	EMG2:103756
EMG1:-1627	EMG2:103913
EMG1:-3480	EMG2:103288
EMG1:-3286	EMG2:103391
EMG1:-1791	EMG2:103551
EMG1:-648	EMG2:103755
EMG1:-1305	EMG2:103776
EMG1:-3151	EMG2:103008
EMG1:-2959	EMG2:103391
EMG1:-102	EMG2:105348
EMG1:-806	EMG2:104142
EMG1:-2534	EMG2:102798
EMG1:-3479	EMG2:102733
EMG1:-2947	EMG2:103502
EMG1:-1532	EMG2:103901
EMG1:-1484	EMG2:102973
EMG1:-1532	EMG2:103276
EMG1:-2894	EMG2:103118
EMG1:-2584	EMG2:103679
EMG1:-972	EMG2:104384
EMG1:-705	EMG2:103887
EMG1:-1387	EMG2:103693
EMG1:-3235	EMG2:103077
EMG1:-2423	EMG2:104114
EMG1:-260	EMG2:105717
EMG1:-662	EMG2:104877
EMG1:-4192	EMG2:101290
EMG1:-4509	EMG2:101121
EMG1:-2682	EMG2:102991
EMG1:-931	EMG2:103858
EMG1:-809	EMG2:103209
EMG1:-1237	EMG2:103359
EMG1:-3452	EMG2:102173
EMG1:-2604	EMG2:103179
EMG1:-1083	EMG2:103803
EMG1:-229	EMG2:103969
EMG1:-1009	EMG2:104001
EMG1:-2542	EMG2:103757
EMG1:-1840	EMG2:105054
EMG1:38	EMG2:106619
EMG1:-2534	EMG2:103239
EMG1:-2550	EMG2:102929
EMG1:-4138	EMG2:102098
EMG1:-2876	EMG2:103508
EMG1:37	EMG2:105664
EMG1:1206	EMG2:106787
EMG1:-2007	EMG2:104443
EMG1:-5400	EMG2:101476
EMG1:-4392	EMG2:101961
EMG1:-1857	EMG2:103204
EMG1:-670	EMG2:103458
EMG1:-1032	EMG2:103516
EMG1:-1682	EMG2:104234
EMG1:-2639	EMG2:103946
EMG1:-1701	EMG2:103841
EMG1:-602	EMG2:103856
EMG1:-2100	EMG2:102548
EMG1:-1498	EMG2:104621
EMG1:-429	EMG2:106715
EMG1:-928	EMG2:105834
EMG1:-2458	EMG2:103195
EMG1:-3320	EMG2:101748
EMG1:-3769	EMG2:102002
EMG1:-3209	EMG2:102649
EMG1:241	EMG2:105227
EMG1:2466	EMG2:107718
EMG1:-1444	EMG2:104638
EMG1:-5136	EMG2:101988
EMG1:-3971	EMG2:102529
EMG1:-2864	EMG2:102100
EMG1:-9	EMG2:103714
EMG1:-837	EMG2:103627
EMG1:-2197	EMG2:103808
EMG1:-3024	EMG2:103440
EMG1:-2299	EMG2:103015
EMG1:-484	EMG2:103712
EMG1:-1262	EMG2:103433
EMG1:-1849	EMG2:104295
EMG1:-1233	EMG2:106078
EMG1:-1036	EMG2:105777
EMG1:-1394	EMG2:104373
EMG1:-4163	EMG2:101060
EMG1:-3657	EMG2:102491
EMG1:-4081	EMG2:102046
EMG1:-1029	EMG2:104161
EMG1:956	EMG2:105718
EMG1:104	EMG2:105720
EMG1:-4136	EMG2:102984
EMG1:-4906	EMG2:101996
EMG1:-2364	EMG2:102886
EMG1:-996	EMG2:102891
EMG1:-302	EMG2:104148
EMG1:-2490	EMG2:103459
EMG1:-4013	EMG2:102554
EMG1:-1045	EMG2:104534
EMG1:2548	EMG2:107574
EMG1:1655	EMG2:108360
EMG1:-3123	EMG2:105524
EMG1:-5966	EMG2:102247
EMG1:-4014	EMG2:102340
EMG1:-2167	EMG2:102010
EMG1:56	EMG2:104344
EMG1:-1538	EMG2:104877
EMG1:-2119	EMG2:105624
EMG1:-3312	EMG2:103290
EMG1:-3264	EMG2:101212
EMG1:130	EMG2:104658
EMG1:-381	EMG2:106276
EMG1:152	EMG2:108619
EMG1:-1945	EMG2:106334
EMG1:-4391	EMG2:101936
EMG1:-3898	EMG2:101393
EMG1:-3057	EMG2:103144
EMG1:-2072	EMG2:105163
EMG1:-1606	EMG2:104839
EMG1:-1011	EMG2:104012
EMG1:-3491	EMG2:101534
EMG1:-6034	EMG2:98875
EMG1:-3242	EMG2:101424
EMG1:1508	EMG2:106093
EMG1:1661	EMG2:106248
EMG1:-958	EMG2:104366
EMG1:-3803	EMG2:102557
EMG1:-5024	EMG2:101289
EMG1:-655	EMG2:104279
EMG1:1998	EMG2:106543
EMG1:3823	EMG2:110218
EMG1:-8835	EMG2:98443
EMG1:-7533	EMG2:98434
EMG1:-2279	EMG2:102114
EMG1:-1602	EMG2:101330
EMG1:759	EMG2:104116
EMG1:311	EMG2:106133
EMG1:-3016	EMG2:104304
EMG1:-4479	EMG2:101424
EMG1:-2231	EMG2:101445
EMG1:-779	EMG2:102731
EMG1:-908	EMG2:104553
EMG1:-2286	EMG2:104474
EMG1:-334	EMG2:105955
EMG1:-198	EMG2:105199
EMG1:-1919	EMG2:103896
EMG1:-5995	EMG2:100001
EMG1:-2474	EMG2:103706
EMG1:-440	EMG2:105379
EMG1:-338	EMG2:104726
EMG1:-2544	EMG2:102549
EMG1:-5290	EMG2:100381
EMG1:-4629	EMG2:100999
EMG1:-822	EMG2:103922
EMG1:2111	EMG2:106545
EMG1:1113	EMG2:106765
EMG1:-5781	EMG2:101097
EMG1:-5654	EMG2:101313
EMG1:-4861	EMG2:99669
EMG1:-527	EMG2:102271
EMG1:3118	EMG2:106872
EMG1:-1614	EMG2:104645
EMG1:-3568	EMG2:103448
EMG1:-3362	EMG2:102266
EMG1:-2010	EMG2:101608
EMG1:298	EMG2:103715
EMG1:-979	EMG2:104395
EMG1:-2939	EMG2:103607
EMG1:-2234	EMG2:103377
EMG1:379	EMG2:105035
EMG1:-1726	EMG2:103054
EMG1:-4491	EMG2:100818
EMG1:-2134	EMG2:103893
EMG1:281	EMG2:105991
EMG1:-3073	EMG2:100832
EMG1:-1118	EMG2:102656
EMG1:-4184	EMG2:100854
EMG1:-896	EMG2:104891
EMG1:5136	EMG2:112231
EMG1:1216	EMG2:108901
EMG1:-7313	EMG2:98711
EMG1:-5454	EMG2:100448
EMG1:-4410	EMG2:101781
EMG1:-3611	EMG2:101146
EMG1:-2101	EMG2:100716
EMG1:1439	EMG2:104526
EMG1:-5521	EMG2:99228
EMG1:-5382	EMG2:99150
EMG1:-2332	EMG2:101104
EMG1:946	EMG2:103313
EMG1:678	EMG2:103712
EMG1:-613	EMG2:104001
EMG1:193	EMG2:106541
EMG1:-2011	EMG2:103544
EMG1:1515	EMG2:106385
EMG1:-286	EMG2:105630
EMG1:-6212	EMG2:100085
EMG1:-6412	EMG2:99592
EMG1:-3715	EMG2:100111
EMG1:3334	EMG2:106499
EMG1:839	EMG2:105576
EMG1:-2159	EMG2:104561
EMG1:-3382	EMG2:104329
EMG1:-6062	EMG2:99857
EMG1:-1089	EMG2:102658
EMG1:4803	EMG2:109196
EMG1:2849	EMG2:111416
EMG1:-10321	EMG2:98773
EMG1:-7255	EMG2:97909
EMG1:-2803	EMG2:99576
EMG1:-1924	EMG2:99531
EMG1:-622	EMG2:102587
EMG1:2809	EMG2:108699
EMG1:-6040	EMG2:99707
EMG1:-1674	EMG2:101618
EMG1:-178	EMG2:103328
EMG1:-4312	EMG2:100541
EMG1:-4111	EMG2:100992
EMG1:-2910	EMG2:101085
EMG1:-1365	EMG2:100888
EMG1:1078	EMG2:103543
EMG1:424	EMG2:105399
EMG1:-4292	EMG2:101354
EMG1:-3452	EMG2:101213
EMG1:2259	EMG2:106066
EMG1:3628	EMG2:109101
EMG1:-789	EMG2:107088
EMG1:-10341	EMG2:97201
EMG1:-4720	EMG2:100168
EMG1:-3777	EMG2:99005
EMG1:662	EMG2:102709
EMG1:3876	EMG2:109619
EMG1:-191	EMG2:108201
EMG1:-1336	EMG2:107568
EMG1:-7955	EMG2:97572
EMG1:-4867	EMG2:98284
EMG1:-3031	EMG2:100828
EMG1:-3970	EMG2:101006
EMG1:-3633	EMG2:99931
EMG1:-250	EMG2:101856
EMG1:1114	EMG2:103959
EMG1:-2485	EMG2:102220
EMG1:-5173	EMG2:100194
EMG1:-1343	EMG2:102976
EMG1:-148	EMG2:103390
EMG1:2123	EMG2:106529
EMG1:-5509	EMG2:100089
EMG1:-5351	EMG2:100416
EMG1:-549	EMG2:104379
EMG1:3764	EMG2:108721
EMG1:1075	EMG2:106968
EMG1:-4119	EMG2:103538
EMG1:-6433	EMG2:101680
EMG1:-4872	EMG2:101386
EMG1:-3897	EMG2:100366
EMG1:-918	EMG2:102493
EMG1:-193	EMG2:105201
EMG1:-3413	EMG2:103073
EMG1:-6633	EMG2:98509
EMG1:-3017	EMG2:99707
EMG1:-1404	EMG2:100846
EMG1:-2652	EMG2:100846
EMG1:228	EMG2:105573
EMG1:1365	EMG2:108166
EMG1:-2619	EMG2:102955
EMG1:-3968	EMG2:100374
EMG1:-3856	EMG2:101457
EMG1:-4414	EMG2:101346
EMG1:3633	EMG2:109708
EMG1:-3246	EMG2:101666
EMG1:-3757	EMG2:99916
EMG1:-3979	EMG2:100126
EMG1:-5176	EMG2:99592
EMG1:-1710	EMG2:102314
EMG1:-474	EMG2:102598
EMG1:1661	EMG2:105301
EMG1:316	EMG2:106429
EMG1:-5890	EMG2:101197
EMG1:-4711	EMG2:100631
EMG1:-1005	EMG2:102706
EMG1:-1545	EMG2:101866
EMG1:-1386	EMG2:103606
EMG1:-2360	EMG2:104647
EMG1:-4431	EMG2:101031
EMG1:-3460	EMG2:99741
EMG1:-2819	EMG2:98926
EMG1:-3511	EMG2:98811
EMG1:-4439	EMG2:98515
EMG1:4684	EMG2:108300
EMG1:-3381	EMG2:99764
EMG1:-22	EMG2:101994
EMG1:1358	EMG2:106003
EMG1:-5254	EMG2:100929
EMG1:-2951	EMG2:101778
EMG1:2703	EMG2:106841
EMG1:-6713	EMG2:96145
EMG1:-3431	EMG2:98959
EMG1:-669	EMG2:103528
EMG1:-7	EMG2:104653
EMG1:-3144	EMG2:100320
EMG1:-3522	EMG2:98444
EMG1:-1183	EMG2:102140
EMG1:-3636	EMG2:100391
EMG1:-3779	EMG2:99986
EMG1:-4751	EMG2:96645
EMG1:483	EMG2:101079
EMG1:-2680	EMG2:99744
EMG1:3085	EMG2:107203
EMG1:-3635	EMG2:101709
EMG1:-3286	EMG2:99239
EMG1:-2147	EMG2:98971
EMG1:-2629	EMG2:100024
EMG1:999	EMG2:104961
EMG1:451	EMG2:105928
EMG1:-3996	EMG2:99644
EMG1:-689	EMG2:101924
EMG1:-4990	EMG2:98304
EMG1:-2269	EMG2:101858
EMG1:-1028	EMG2:102971
EMG1:5599	EMG2:109276
EMG1:1373	EMG2:107161
EMG1:-10632	EMG2:95238
EMG1:-6757	EMG2:97487
EMG1:-4193	EMG2:98926
EMG1:-3031	EMG2:98023
EMG1:2544	EMG2:103062
EMG1:-400	EMG2:102433
EMG1:-4724	EMG2:99434
EMG1:-4001	EMG2:98831
EMG1:47	EMG2:101093
EMG1:643	EMG2:101904
EMG1:-4534	EMG2:97911
EMG1:-241	EMG2:103109
EMG1:3704	EMG2:108889
EMG1:-9785	EMG2:94127
EMG1:-3155	EMG2:97824
EMG1:-2139	EMG2:99639
EMG1:-2650	EMG2:100055
EMG1:2393	EMG2:104978
EMG1:8349	EMG2:113359
EMG1:-5990	EMG2:97964
EMG1:-2924	EMG2:101871
EMG1:-3057	EMG2:102456
EMG1:-10449	EMG2:92827
EMG1:-3516	EMG2:96123
EMG1:1702	EMG2:101259
EMG1:2201	EMG2:104831
EMG1:-1801	EMG2:102607
EMG1:-4812	EMG2:98357
EMG1:1304	EMG2:103027
EMG1:1423	EMG2:104529
EMG1:-2996	EMG2:100898
EMG1:-2174	EMG2:103361
EMG1:-4352	EMG2:100945
EMG1:-6767	EMG2:94971
EMG1:-3499	EMG2:95734
EMG1:-6452	EMG2:93001
EMG1:-2721	EMG2:97092
EMG1:3471	EMG2:104523
EMG1:-3751	EMG2:97602
EMG1:2188	EMG2:101786
EMG1:1268	EMG2:104979
EMG1:-9316	EMG2:94512
EMG1:-1937	EMG2:100341
EMG1:4579	EMG2:106879
EMG1:-1512	EMG2:101264
EMG1:2222	EMG2:108334
EMG1:-9894	EMG2:95336
EMG1:-5648	EMG2:97824
EMG1:-5491	EMG2:94626
EMG1:5939	EMG2:106071
EMG1:-1696	EMG2:101114
EMG1:-9747	EMG2:92507
EMG1:-4969	EMG2:94554
EMG1:1531	EMG2:99891
EMG1:448	EMG2:99138
EMG1:-2268	EMG2:97780
EMG1:-5094	EMG2:96184
EMG1:1609	EMG2:103261
EMG1:-5685	EMG2:94908
EMG1:2564	EMG2:102739
EMG1:-9307	EMG2:90940
EMG1:-6259	EMG2:93159
EMG1:-1843	EMG2:97263
EMG1:2964	EMG2:103062
EMG1:2199	EMG2:102369
EMG1:-13212	EMG2:87281
EMG1:-4671	EMG2:94569
EMG1:-512	EMG2:99393
EMG1:-2747	EMG2:95601
EMG1:4734	EMG2:103459
EMG1:2281	EMG2:104059
EMG1:-11660	EMG2:89434
EMG1:24	EMG2:100368
EMG1:-5739	EMG2:93056
EMG1:-3974	EMG2:92629
EMG1:-404	EMG2:97071
EMG1:-4269	EMG2:94694
EMG1:2261	EMG2:102121
EMG1:7319	EMG2:108542
EMG1:-13596	EMG2:85788
EMG1:-6926	EMG2:89804
EMG1:-406	EMG2:96898
EMG1:-4962	EMG2:92737
EMG1:4338	EMG2:101021
EMG1:3517	EMG2:102216
EMG1:-5757	EMG2:93931
EMG1:-8272	EMG2:91062
EMG1:-6024	EMG2:91709
EMG1:-960	EMG2:94789
EMG1:1194	EMG2:96301
EMG1:2114	EMG2:100092
EMG1:-6199	EMG2:93541
EMG1:-1222	EMG2:97724
EMG1:-4767	EMG2:93961
EMG1:-5671	EMG2:90119
EMG1:906	EMG2:97692
EMG1:-502	EMG2:99034
EMG1:-3021	EMG2:98116
EMG1:-5142	EMG2:93329
EMG1:-4479	EMG2:90858
EMG1:5713	EMG2:104602
EMG1:-7020	EMG2:93126
EMG1:-9454	EMG2:88263
EMG1:456	EMG2:96128
EMG1:-4710	EMG2:90426
EMG1:-3891	EMG2:90332
EMG1:-2941	EMG2:93573
EMG1:-1018	EMG2:95694
EMG1:-667	EMG2:95467
EMG1:1418	EMG2:97172
EMG1:-4050	EMG2:93659
EMG1:-3357	EMG2:95728
EMG1:-9114	EMG2:88801
EMG1:-2801	EMG2:92398
EMG1:224	EMG2:94756
EMG1:-3720	EMG2:92545
EMG1:-1511	EMG2:95940
EMG1:-1781	EMG2:95986
EMG1:1246	EMG2:99949
EMG1:-5444	EMG2:90223
EMG1:-4202	EMG2:91216
EMG1:5184	EMG2:103191
EMG1:-2627	EMG2:97679
EMG1:-9193	EMG2:88288
EMG1:-4452	EMG2:89975
EMG1:-3220	EMG2:91279
EMG1:3160	EMG2:99913
EMG1:-4601	EMG2:93083
EMG1:-2267	EMG2:93484
EMG1:-551	EMG2:94523
EMG1:-2448	EMG2:93438
EMG1:-5725	EMG2:91664
EMG1:-2865	EMG2:93669
EMG1:115	EMG2:96228
EMG1:-909	EMG2:94218
EMG1:-919	EMG2:94862
EMG1:-4376	EMG2:92338
EMG1:382	EMG2:98348
EMG1:-1878	EMG2:93934
EMG1:-2067	EMG2:93068
EMG1:-3322	EMG2:92588
EMG1:-604	EMG2:97077
EMG1:-4763	EMG2:93107
EMG1:-4684	EMG2:90128
EMG1:4077	EMG2:98679
EMG1:-2167	EMG2:94190
EMG1:-4761	EMG2:92418
EMG1:-2502	EMG2:94503
EMG1:1487	EMG2:97657
EMG1:124	EMG2:96964
EMG1:-4156	EMG2:93007
EMG1:-5151	EMG2:93353
EMG1:-3920	EMG2:93913
EMG1:-3363	EMG2:92794
EMG1:-2306	EMG2:92180
EMG1:-1594	EMG2:93460
EMG1:-948	EMG2:96161
EMG1:-3434	EMG2:94375
EMG1:-1676	EMG2:94631
EMG1:-2733	EMG2:92059
EMG1:-1468	EMG2:93969
EMG1:-1807	EMG2:95263
EMG1:-732	EMG2:97599
EMG1:756	EMG2:97869
EMG1:-3023	EMG2:93344
EMG1:-2017	EMG2:94089
EMG1:1683	EMG2:100781
EMG1:-5996	EMG2:92758
EMG1:-2890	EMG2:93376
EMG1:-1266	EMG2:93917
EMG1:-2383	EMG2:93517
EMG1:-2856	EMG2:94643
EMG1:-847	EMG2:97454
EMG1:-1091	EMG2:96668
EMG1:-2224	EMG2:94208
EMG1:-3959	EMG2:92682
EMG1:-3400	EMG2:94680
EMG1:-2762	EMG2:95318
EMG1:-1065	EMG2:95723
EMG1:-155	EMG2:96100
EMG1:-1995	EMG2:95325
EMG1:-3791	EMG2:94838
EMG1:-2877	EMG2:95930
EMG1:-2666	EMG2:94796
EMG1:-1498	EMG2:94327
EMG1:251	EMG2:97476
EMG1:-2456	EMG2:96999
EMG1:-4626	EMG2:94693
EMG1:149	EMG2:98268
EMG1:1644	EMG2:99809
EMG1:-3624	EMG2:95846
EMG1:-4489	EMG2:94942
EMG1:-4923	EMG2:94264
EMG1:-2705	EMG2:94523
EMG1:149	EMG2:96621
EMG1:-1093	EMG2:96529
EMG1:-2337	EMG2:97157
EMG1:-3309	EMG2:96521
EMG1:-1113	EMG2:97369
EMG1:-1541	EMG2:95847
EMG1:-1847	EMG2:95911
EMG1:-4067	EMG2:95309
EMG1:-1902	EMG2:97826
EMG1:-995	EMG2:97996
EMG1:-2431	EMG2:95567
EMG1:-2737	EMG2:95710
EMG1:-2557	EMG2:97375
EMG1:-2307	EMG2:98244
EMG1:-2724	EMG2:96693
EMG1:277	EMG2:98323
EMG1:-737	EMG2:98439
EMG1:-7701	EMG2:93069
EMG1:-3641	EMG2:96421
EMG1:-2445	EMG2:96693
EMG1:-2735	EMG2:94934
EMG1:-2391	EMG2:95657
EMG1:-2482	EMG2:97113
EMG1:-2915	EMG2:97178
EMG1:-981	EMG2:98238
EMG1:-1012	EMG2:97313
EMG1:-959	EMG2:98573
EMG1:-4110	EMG2:96636
EMG1:-3284	EMG2:98119
EMG1:-2396	EMG2:97702
EMG1:-1312	EMG2:97462
EMG1:-1070	EMG2:98505
EMG1:-3946	EMG2:97463
EMG1:-2122	EMG2:99281
EMG1:-2309	EMG2:97763
EMG1:-927	EMG2:98201
EMG1:-2897	EMG2:96808
EMG1:-3924	EMG2:97139
EMG1:-2241	EMG2:99551
EMG1:-3694	EMG2:97297
EMG1:-1984	EMG2:97653
EMG1:-2086	EMG2:97670
EMG1:-2996	EMG2:98201
EMG1:-3613	EMG2:98059
EMG1:-2520	EMG2:97638
EMG1:-662	EMG2:98241
EMG1:-3369	EMG2:96134
EMG1:-2911	EMG2:97866
EMG1:-3652	EMG2:97756
EMG1:-2424	EMG2:97546
EMG1:-1551	EMG2:97217
EMG1:-217	EMG2:99014
EMG1:-1758	EMG2:100266
EMG1:-5277	EMG2:96921
EMG1:-1126	EMG2:99698
EMG1:-792	EMG2:99049
EMG1:-3556	EMG2:96554
EMG1:-3316	EMG2:97981
EMG1:-3534	EMG2:98273
EMG1:-1122	EMG2:99605
EMG1:-792	EMG2:98628
EMG1:-1586	EMG2:98354
EMG1:-2640	EMG2:99182
EMG1:-5055	EMG2:97224
EMG1:-1414	EMG2:99656
EMG1:-1726	EMG2:98036
EMG1:-1982	EMG2:98258
EMG1:-3183	EMG2:98410
EMG1:-4000	EMG2:98029
EMG1:-1767	EMG2:99113
EMG1:-738	EMG2:99036
EMG1:-1591	EMG2:98884
EMG1:-4177	EMG2:97580
EMG1:-1914	EMG2:100469
EMG1:-2993	EMG2:98491
EMG1:10	EMG2:100073
EMG1:-1246	EMG2:99927
EMG1:-2722	EMG2:100171
EMG1:-3958	EMG2:99644
EMG1:-3462	EMG2:98475
EMG1:-803	EMG2:99560
EMG1:-2197	EMG2:98793
EMG1:-3197	EMG2:99569
EMG1:-3352	EMG2:99812
EMG1:-2446	EMG2:99616
EMG1:-14	EMG2:101026
EMG1:-1720	EMG2:99961
EMG1:-4069	EMG2:99283
EMG1:-4618	EMG2:98969
EMG1:-3941	EMG2:97983
EMG1:-1462	EMG2:98945
EMG1:-1686	EMG2:99396
EMG1:-3178	EMG2:99644
EMG1:-3736	EMG2:99584
EMG1:-2480	EMG2:99498
EMG1:-770	EMG2:100043
EMG1:-999	EMG2:100257
EMG1:-3912	EMG2:98831
EMG1:-5548	EMG2:97655
EMG1:-2302	EMG2:98752
EMG1:1486	EMG2:102591
EMG1:-2172	EMG2:99723
EMG1:-3866	EMG2:98913
EMG1:-3242	EMG2:100378
EMG1:-2684	EMG2:99484
EMG1:-407	EMG2:100516
EMG1:-2481	EMG2:98965
EMG1:-3849	EMG2:98922
EMG1:-2527	EMG2:100833
EMG1:-2815	EMG2:99444
EMG1:-457	EMG2:100751
EMG1:-1001	EMG2:100516
EMG1:-3597	EMG2:99556
EMG1:-4238	EMG2:99084
EMG1:-2381	EMG2:99883
EMG1:-1432	EMG2:99716
EMG1:-2178	EMG2:99384
EMG1:-3608	EMG2:99325
EMG1:-3019	EMG2:100713
EMG1:-2192	EMG2:100678
EMG1:-2829	EMG2:98586
EMG1:-292	EMG2:101207
EMG1:-3389	EMG2:99683
EMG1:-3024	EMG2:100816
EMG1:-2556	EMG2:100249
EMG1:-1017	EMG2:100264
EMG1:-1344	EMG2:100103
EMG1:-3625	EMG2:99394
EMG1:-2127	EMG2:101658
EMG1:-2488	EMG2:100297
EMG1:-1172	EMG2:100334
EMG1:-2492	EMG2:99011
EMG1:-3478	EMG2:99272
EMG1:-1992	EMG2:101992
EMG1:-3022	EMG2:99998
EMG1:-357	EMG2:100704
EMG1:-1416	EMG2:100190
EMG1:-3389	EMG2:99541
EMG1:-3229	EMG2:100425
EMG1:-2136	EMG2:100300
EMG1:-1614	EMG2:99549
EMG1:-126	EMG2:101072
EMG1:-2926	EMG2:100259
EMG1:-2891	EMG2:101322
EMG1:-1189	EMG2:102395
EMG1:-2728	EMG2:99772
EMG1:-1344	EMG2:101086
EMG1:-5109	EMG2:98496
EMG1:-4321	EMG2:99758
EMG1:-2412	EMG2:100453
EMG1:248	EMG2:101931
EMG1:-869	EMG2:101311
EMG1:-2249	EMG2:101703
EMG1:-4302	EMG2:100433
EMG1:-2687	EMG2:100972
EMG1:-2080	EMG2:99889
EMG1:-1929	EMG2:99954
EMG1:-3061	EMG2:100275
EMG1:-2901	EMG2:101451
EMG1:-2091	EMG2:101361
EMG1:-1271	EMG2:100823
EMG1:-1258	EMG2:101044
EMG1:-3052	EMG2:100747
EMG1:-4085	EMG2:100467
EMG1:-2102	EMG2:101311
EMG1:-1451	EMG2:100348
EMG1:-382	EMG2:102019
EMG1:-4469	EMG2:99431
EMG1:-3767	EMG2:100858
EMG1:-1497	EMG2:102287
EMG1:-1036	EMG2:102133
EMG1:-3022	EMG2:99713
EMG1:-3237	EMG2:100601
EMG1:-4255	EMG2:100263
EMG1:-1380	EMG2:102113
EMG1:-625	EMG2:101891
EMG1:-1138	EMG2:101643
EMG1:-3043	EMG2:101158
EMG1:-3713	EMG2:101223
EMG1:-3082	EMG2:100666
EMG1:-946	EMG2:101586
EMG1:-943	EMG2:101923
EMG1:-2971	EMG2:101364
EMG1:-3626	EMG2:101573
EMG1:-2273	EMG2:101888
EMG1:-1599	EMG2:101191
EMG1:-1156	EMG2:101541
EMG1:-942	EMG2:103511
EMG1:-3654	EMG2:101998
EMG1:-3951	EMG2:100367
EMG1:-732	EMG2:102247
EMG1:-2214	EMG2:100735
EMG1:-4294	EMG2:99698
EMG1:-2601	EMG2:102264
EMG1:-1595	EMG2:102536
EMG1:-1594	EMG2:101366
EMG1:-1197	EMG2:101804
EMG1:-2757	EMG2:101765
EMG1:-3372	EMG2:101811
EMG1:-2511	EMG2:101728
EMG1:-1031	EMG2:101831
EMG1:-1616	EMG2:101229
EMG1:-3388	EMG2:100691
EMG1:-3102	EMG2:101874
EMG1:-2692	EMG2:101265
EMG1:-1864	EMG2:100785
EMG1:-2334	EMG2:99606
EMG1:-1665	EMG2:101908
EMG1:-2836	EMG2:101986
EMG1:-2698	EMG2:101416
EMG1:-668	EMG2:102311
EMG1:-636	EMG2:102558
EMG1:-2123	EMG2:102755
EMG1:-5812	EMG2:99721
EMG1:341	EMG2:104723
EMG1:117	EMG2:103770
EMG1:-2086	EMG2:101406
EMG1:-3266	EMG2:101369
EMG1:-3610	EMG2:101646
EMG1:-2380	EMG2:101901
EMG1:-829	EMG2:102223
EMG1:-1222	EMG2:101765
EMG1:-2779	EMG2:101496
EMG1:-3131	EMG2:101925
EMG1:-2150	EMG2:102091
EMG1:-174	EMG2:102834
EMG1:-1714	EMG2:101433
EMG1:-2408	EMG2:102213
EMG1:-3196	EMG2:102667
EMG1:-3303	EMG2:101530
EMG1:-471	EMG2:103103
EMG1:-900	EMG2:102741
EMG1:-4089	EMG2:100957
EMG1:-3497	EMG2:102073
EMG1:-3352	EMG2:101171
EMG1:-1466	EMG2:101605
EMG1:308	EMG2:103443
EMG1:-2705	EMG2:102241
EMG1:-5684	EMG2:100022
EMG1:-2277	EMG2:102353
EMG1:-886	EMG2:102439
EMG1:-1373	EMG2:101729
EMG1:-2218	EMG2:102169
EMG1:-3483	EMG2:102093
EMG1:-2550	EMG2:102268
EMG1:-1027	EMG2:102431
EMG1:-1561	EMG2:101633
EMG1:-2557	EMG2:102097
EMG1:-3962	EMG2:101832
EMG1:-2533	EMG2:102423
EMG1:-1312	EMG2:102237
EMG1:-252	EMG2:103198
EMG1:-1651	EMG2:103678
EMG1:-4392	EMG2:101946
EMG1:-3085	EMG2:102256
EMG1:-2314	EMG2:101249
EMG1:-1759	EMG2:101359
EMG1:-3299	EMG2:101124
EMG1:-3356	EMG2:101858
EMG1:-1737	EMG2:103098
EMG1:-404	EMG2:103097
EMG1:-1729	EMG2:101334
EMG1:-1909	EMG2:102796
EMG1:-3384	EMG2:102659
EMG1:-2608	EMG2:102563
EMG1:-1665	EMG2:102088
EMG1:-2281	EMG2:100663
EMG1:-2614	EMG2:101625
EMG1:-4123	EMG2:101137
EMG1:-2364	EMG2:102133
EMG1:-939	EMG2:102058
EMG1:-477	EMG2:102273
EMG1:-1001	EMG2:103149
EMG1:-3546	EMG2:101759
EMG1:-2014	EMG2:102597
EMG1:-877	EMG2:102379
EMG1:-540	EMG2:102746
EMG1:-1330	EMG2:103448
EMG1:-4590	EMG2:101199
EMG1:-2640	EMG2:102170
EMG1:-1422	EMG2:101874
EMG1:-1266	EMG2:101674
EMG1:-2074	EMG2:102533
EMG1:-4427	EMG2:100993
EMG1:-1022	EMG2:104229
EMG1:-900	EMG2:103168
EMG1:-2209	EMG2:101303
EMG1:-2761	EMG2:102114
EMG1:-4379	EMG2:101334
EMG1:-2454	EMG2:102542
EMG1:-842	EMG2:102903
EMG1:-1477	EMG2:102169
EMG1:-2675	EMG2:102156
EMG1:-3966	EMG2:101982
EMG1:-2557	EMG2:102687
EMG1:-1332	EMG2:102468
EMG1:-748	EMG2:102846
EMG1:-1716	EMG2:103323
EMG1:-4066	EMG2:102144
EMG1:-2817	EMG2:102574
EMG1:-177	EMG2:103884
EMG1:-193	EMG2:103718
EMG1:-3331	EMG2:101815
EMG1:-4972	EMG2:100748
EMG1:-2674	EMG2:102191
EMG1:-1112	EMG2:102609
EMG1:-592	EMG2:102479
EMG1:-2126	EMG2:102423
EMG1:-3212	EMG2:102590
EMG1:-3090	EMG2:102069
EMG1:-1399	EMG2:102114
EMG1:-206	EMG2:103143
EMG1:-2352	EMG2:102518
EMG1:-3463	EMG2:102479
EMG1:-3093	EMG2:102384
EMG1:-1589	EMG2:102186
EMG1:-42	EMG2:103331
EMG1:-2299	EMG2:102538
EMG1:-4077	EMG2:101785
EMG1:-981	EMG2:104777
EMG1:-2863	EMG2:101744
EMG1:-2362	EMG2:101175
EMG1:-3359	EMG2:101029
EMG1:-2139	EMG2:103460
EMG1:-3021	EMG2:102435
EMG1:-356	EMG2:103735
EMG1:-224	EMG2:103764
EMG1:-2321	EMG2:103148
EMG1:-4678	EMG2:101626
EMG1:-2800	EMG2:102483
EMG1:-1031	EMG2:102782
EMG1:-586	EMG2:102877
EMG1:-2526	EMG2:102202
EMG1:-3728	EMG2:102086
EMG1:-2671	EMG2:102494
EMG1:-720	EMG2:102937
EMG1:-445	EMG2:103040
EMG1:-1934	EMG2:103004
EMG1:-2857	EMG2:103401
EMG1:-2290	EMG2:103736
EMG1:-2327	EMG2:102061
EMG1:-757	EMG2:103154
EMG1:-2764	EMG2:102290
EMG1:-4371	EMG2:101292
EMG1:-2430	EMG2:102858
EMG1:-344	EMG2:103774
EMG1:-1726	EMG2:102029
EMG1:-2959	EMG2:101735
EMG1:-3699	EMG2:101981
EMG1:-2564	EMG2:102656
EMG1:-1480	EMG2:102219
EMG1:539	EMG2:103928
EMG1:-1284	EMG2:103918
EMG1:-4216	EMG2:102036
EMG1:-2716	EMG2:103178
EMG1:-1671	EMG2:102826
EMG1:-834	EMG2:102922
EMG1:-2242	EMG2:102677
EMG1:-2808	EMG2:103427
EMG1:-1741	EMG2:104501
EMG1:-1317	EMG2:103478
EMG1:-1631	EMG2:102326
EMG1:-2844	EMG2:101925
EMG1:-3536	EMG2:102241
EMG1:-2759	EMG2:102563
EMG1:-1284	EMG2:102625
EMG1:171	EMG2:103389
EMG1:-2137	EMG2:102923
EMG1:-3014	EMG2:103274
EMG1:-3839	EMG2:102108
EMG1:-1367	EMG2:102881
EMG1:-476	EMG2:103230
EMG1:-2704	EMG2:102434
EMG1:-3916	EMG2:102201
EMG1:-3657	EMG2:102138
EMG1:-651	EMG2:103972
EMG1:-1213	EMG2:102895
EMG1:-2467	EMG2:102764
EMG1:-3343	EMG2:102978
EMG1:-3187	EMG2:102866
EMG1:-1177	EMG2:103403
EMG1:-789	EMG2:103273
EMG1:-2484	EMG2:102631
EMG1:-3437	EMG2:102846
EMG1:-2466	EMG2:103728
EMG1:-1163	EMG2:103604
EMG1:-611	EMG2:103596
EMG1:-2782	EMG2:102304
EMG1:-3977	EMG2:102163
EMG1:-2796	EMG2:102948
EMG1:-965	EMG2:103207
EMG1:717	EMG2:104509
EMG1:-2119	EMG2:102998
EMG1:-3613	EMG2:102793
EMG1:-3557	EMG2:102447
EMG1:-1084	EMG2:103361
EMG1:-1003	EMG2:102925
EMG1:-2072	EMG2:102898
EMG1:-3537	EMG2:102747
EMG1:-3044	EMG2:103096
EMG1:-1329	EMG2:103360
EMG1:-1117	EMG2:102846
EMG1:-3219	EMG2:101539
EMG1:-3713	EMG2:101921
EMG1:-2837	EMG2:102523
EMG1:-2133	EMG2:101670
EMG1:226	EMG2:103428
EMG1:-1614	EMG2:103064
EMG1:-3164	EMG2:102689
EMG1:-2822	EMG2:102995
EMG1:-743	EMG2:103826
EMG1:319	EMG2:104561
EMG1:-2073	EMG2:103264
EMG1:-2767	EMG2:103754
EMG1:-3227	EMG2:103376
EMG1:-2099	EMG2:102675
EMG1:-648	EMG2:103367
EMG1:-2206	EMG2:102932
EMG1:-3322	EMG2:103070
EMG1:-3160	EMG2:103067
EMG1:-1497	EMG2:103039
EMG1:-840	EMG2:102897
EMG1:-1759	EMG2:102862
EMG1:-3512	EMG2:102351
EMG1:-3807	EMG2:101850
EMG1:-201	EMG2:103969
EMG1:816	EMG2:104797
EMG1:-3137	EMG2:102012
EMG1:-3631	EMG2:102559
EMG1:-2803	EMG2:103376
EMG1:-951	EMG2:103803
EMG1:-803	EMG2:103472
EMG1:-2394	EMG2:102846
EMG1:-3419	EMG2:102953
EMG1:-3569	EMG2:102492
EMG1:-1631	EMG2:102848
EMG1:-1153	EMG2:102564
EMG1:-1749	EMG2:103038
EMG1:-3325	EMG2:102816
EMG1:-3074	EMG2:103027
EMG1:-1200	EMG2:103454
EMG1:-1067	EMG2:102773
EMG1:-2455	EMG2:102018
EMG1:-2402	EMG2:103481
EMG1:-3120	EMG2:102575
EMG1:23	EMG2:104608
EMG1:-333	EMG2:103861
EMG1:-1461	EMG2:103688
EMG1:-5005	EMG2:101334
EMG1:-3857	EMG2:101849
EMG1:-813	EMG2:103283
EMG1:-576	EMG2:102736
EMG1:-2139	EMG2:101968
EMG1:-2692	EMG2:102865
EMG1:-3001	EMG2:102609
EMG1:-1922	EMG2:102201
EMG1:-631	EMG2:102766
EMG1:-1453	EMG2:103038
EMG1:-3571	EMG2:102129
EMG1:-2494	EMG2:103351
EMG1:-1150	EMG2:103623
EMG1:-1202	EMG2:102740
EMG1:-2227	EMG2:102675
EMG1:-3561	EMG2:102557
EMG1:-3007	EMG2:103273
EMG1:-1226	EMG2:103854
EMG1:-937	EMG2:103563
EMG1:-2184	EMG2:103169
EMG1:-4430	EMG2:102013
EMG1:-3658	EMG2:102619
EMG1:-1994	EMG2:102578
EMG1:-621	EMG2:103306
EMG1:-1716	EMG2:103221
EMG1:-2837	EMG2:103662
EMG1:-4111	EMG2:102306
EMG1:-1109	EMG2:103594
EMG1:-629	EMG2:103382
EMG1:-1766	EMG2:103203
EMG1:-2979	EMG2:103369
EMG1:-2705	EMG2:103720
EMG1:47	EMG2:105559
EMG1:-876	EMG2:103784
EMG1:-3123	EMG2:102213
EMG1:-3552	EMG2:102962
EMG1:-4371	EMG2:102003
EMG1:-1086	EMG2:103555
EMG1:770	EMG2:104760
EMG1:14	EMG2:105288
EMG1:-4271	EMG2:102300
EMG1:-3451	EMG2:102852
EMG1:-1651	EMG2:103004
EMG1:-1324	EMG2:102273
EMG1:-1530	EMG2:102854
EMG1:-3308	EMG2:102356
EMG1:-2387	EMG2:103433
EMG1:-1349	EMG2:103316
EMG1:-692	EMG2:103294
EMG1:-1767	EMG2:103058
EMG1:-3194	EMG2:103050
EMG1:-3589	EMG2:102699
EMG1:-985	EMG2:104159
EMG1:353	EMG2:104996
EMG1:-1291	EMG2:104519
EMG1:-5100	EMG2:101698
EMG1:-4431	EMG2:102103
EMG1:-1761	EMG2:103144
EMG1:-819	EMG2:103184
EMG1:-1869	EMG2:102959
EMG1:-3665	EMG2:102236
EMG1:-2991	EMG2:102846
EMG1:-704	EMG2:104183
EMG1:-481	EMG2:103608
EMG1:-1832	EMG2:103166
EMG1:-3414	EMG2:102784
EMG1:-3064	EMG2:103144
EMG1:-737	EMG2:104199
EMG1:347	EMG2:104666
EMG1:-2147	EMG2:103001
EMG1:-3698	EMG2:102560
EMG1:-3746	EMG2:102461
EMG1:-947	EMG2:103798
EMG1:184	EMG2:104288
EMG1:-62	EMG2:105298
EMG1:-3576	EMG2:103509
EMG1:-4963	EMG2:101422
EMG1:-2392	EMG2:102586
EMG1:-687	EMG2:103276
EMG1:-1413	EMG2:103616
EMG1:-3403	EMG2:102794
EMG1:-2862	EMG2:103604
EMG1:-1053	EMG2:104377
EMG1:-1087	EMG2:103558
EMG1:-2566	EMG2:102498
EMG1:-3231	EMG2:102993
EMG1:-3184	EMG2:103194
EMG1:-1332	EMG2:103952
EMG1:-617	EMG2:103874
EMG1:-2274	EMG2:103121
EMG1:-4304	EMG2:102063
EMG1:-4220	EMG2:102119
EMG1:-2126	EMG2:102656
EMG1:-27	EMG2:104098
EMG1:-876	EMG2:104310
EMG1:-2956	EMG2:103620
EMG1:-2246	EMG2:104716
EMG1:-1854	EMG2:103941
EMG1:-1452	EMG2:103181
EMG1:-2333	EMG2:102604
EMG1:-3380	EMG2:102654
EMG1:-2716	EMG2:103538
EMG1:-1694	EMG2:103528
EMG1:-21	EMG2:104478
EMG1:-2172	EMG2:103123
EMG1:-4053	EMG2:102158
EMG1:-3252	EMG2:103102
EMG1:-1526	EMG2:103754
EMG1:-545	EMG2:104006
EMG1:-3159	EMG2:101829
EMG1:-2692	EMG2:103221
EMG1:-3331	EMG2:102961
EMG1:-910	EMG2:104339
EMG1:-620	EMG2:103945
EMG1:-1644	EMG2:103500
EMG1:-2537	EMG2:103921
EMG1:-129	EMG2:107098
EMG1:-2355	EMG2:104325
EMG1:-2872	EMG2:102101
EMG1:-2014	EMG2:103023
EMG1:-3911	EMG2:102043
EMG1:-3163	EMG2:102868
EMG1:-1348	EMG2:103671
EMG1:-947	EMG2:103351
EMG1:-1670	EMG2:103156
EMG1:-3316	EMG2:102662
EMG1:-2499	EMG2:103658
EMG1:-1482	EMG2:103775
EMG1:-796	EMG2:103590
EMG1:-1066	EMG2:103911
EMG1:-3614	EMG2:102749
EMG1:-3967	EMG2:102426
EMG1:-1499	EMG2:103878
EMG1:-1379	EMG2:103213
EMG1:-2155	EMG2:102734
EMG1:-3091	EMG2:103153
EMG1:-4001	EMG2:102257
EMG1:-2272	EMG2:102788
EMG1:-1959	EMG2:102090
EMG1:-1856	EMG2:102461
EMG1:-3037	EMG2:102701
EMG1:-2262	EMG2:104144
EMG1:-1089	EMG2:104510
EMG1:-1045	EMG2:103916
EMG1:-1469	EMG2:103971
EMG1:-3390	EMG2:103416
EMG1:-3475	EMG2:103531
EMG1:-2089	EMG2:103673
EMG1:-461	EMG2:104651
EMG1:-2186	EMG2:103353
EMG1:-3492	EMG2:102973
EMG1:-1520	EMG2:105446
EMG1:-2770	EMG2:103140
EMG1:-2336	EMG2:102178
EMG1:-1337	EMG2:103192
EMG1:-2889	EMG2:102807
EMG1:-1931	EMG2:104343
EMG1:-2461	EMG2:102658
EMG1:-622	EMG2:103586
EMG1:-1523	EMG2:103289
EMG1:-2898	EMG2:103124
EMG1:-2964	EMG2:103361
EMG1:-1622	EMG2:103629
EMG1:-702	EMG2:103789
EMG1:-1644	EMG2:103153
EMG1:-3676	EMG2:102009
EMG1:-2642	EMG2:103458
EMG1:-1976	EMG2:103111
EMG1:-105	EMG2:104180
EMG1:569	EMG2:105638
EMG1:-3537	EMG2:103219
EMG1:-4989	EMG2:101643
EMG1:-2282	EMG2:103080
EMG1:-1165	EMG2:103229
EMG1:-1709	EMG2:102959
EMG1:-3169	EMG2:102575
EMG1:-3053	EMG2:102933
EMG1:-1149	EMG2:103895
EMG1:-1030	EMG2:103134
EMG1:-1012	EMG2:103643
EMG1:-3535	EMG2:102349
EMG1:-2662	EMG2:103517
EMG1:-2213	EMG2:102994
EMG1:-607	EMG2:103513
EMG1:-695	EMG2:103899
EMG1:-3466	EMG2:102376
EMG1:-3309	EMG2:102738
EMG1:-1358	EMG2:103710
EMG1:273	EMG2:104658
EMG1:-2092	EMG2:102850
EMG1:-3947	EMG2:101759
EMG1:-2784	EMG2:103246
EMG1:-1127	EMG2:104266
EMG1:-922	EMG2:103805
EMG1:-1681	EMG2:103204
EMG1:-2817	EMG2:103428
EMG1:-4119	EMG2:102369
EMG1:-1887	EMG2:103513
EMG1:-1711	EMG2:102655
EMG1:-1282	EMG2:103494
EMG1:-3569	EMG2:102245
EMG1:-2712	EMG2:103410
EMG1:-1457	EMG2:103856
EMG1:-825	EMG2:103674
EMG1:-1914	EMG2:102924
EMG1:-3131	EMG2:102827
EMG1:-3297	EMG2:102918
EMG1:-1083	EMG2:104433
EMG1:460	EMG2:105476
EMG1:-2884	EMG2:102397
EMG1:-3797	EMG2:102134
EMG1:-3367	EMG2:102986
EMG1:-2141	EMG2:103187
EMG1:-168	EMG2:104299
EMG1:-1332	EMG2:103691
EMG1:-3214	EMG2:102844
EMG1:-2921	EMG2:103723
EMG1:-2374	EMG2:103082
EMG1:178	EMG2:104447
EMG1:-1464	EMG2:103385
EMG1:-2557	EMG2:103533
EMG1:-3565	EMG2:102979
EMG1:-2147	EMG2:103314
EMG1:-112	EMG2:104451
EMG1:-1294	EMG2:103534
EMG1:-3032	EMG2:102920
EMG1:-2782	EMG2:103983
EMG1:-1437	EMG2:104734
EMG1:-2032	EMG2:103216
EMG1:-2792	EMG2:102276
EMG1:-3312	EMG2:102726
EMG1:-3519	EMG2:102913
EMG1:-2008	EMG2:103229
EMG1:-2	EMG2:104457
EMG1:-1259	EMG2:103637
EMG1:-3081	EMG2:103029
EMG1:-3324	EMG2:103241
EMG1:-1628	EMG2:104029
EMG1:-657	EMG2:104268
EMG1:-2417	EMG2:102579
EMG1:-2807	EMG2:103193
EMG1:-3667	EMG2:102751
EMG1:-2039	EMG2:103488
EMG1:762	EMG2:105881
EMG1:-1605	EMG2:103978
EMG1:-3967	EMG2:102464
EMG1:-4557	EMG2:101895
EMG1:-1736	EMG2:103569
EMG1:-439	EMG2:104119
EMG1:-1249	EMG2:103564
EMG1:-2957	EMG2:103238
EMG1:-3526	EMG2:103165
EMG1:-2254	EMG2:103569
EMG1:-1049	EMG2:103698
EMG1:-1147	EMG2:103890
EMG1:-1962	EMG2:104603
EMG1:-3234	EMG2:104147
EMG1:-2706	EMG2:103701
EMG1:-1006	EMG2:104398
EMG1:-2172	EMG2:103336
EMG1:-3763	EMG2:102549
EMG1:-3669	EMG2:103011
EMG1:-2712	EMG2:102894
EMG1:-1378	EMG2:103066
EMG1:-1457	EMG2:102993
EMG1:-1808	EMG2:103994
EMG1:-2571	EMG2:104243
EMG1:-1606	EMG2:104438
EMG1:-2199	EMG2:102627
EMG1:-237	EMG2:104452
EMG1:-561	EMG2:105888
EMG1:440	EMG2:108811
EMG1:-419	EMG2:108308
EMG1:-3140	EMG2:104590
EMG1:-3786	EMG2:103127
EMG1:-4262	EMG2:103051
EMG1:-3874	EMG2:103658
EMG1:-634	EMG2:106323
EMG1:-2606	EMG2:103459
EMG1:-3900	EMG2:101699
EMG1:-5648	EMG2:99814
EMG1:-4603	EMG2:100931
EMG1:-2389	EMG2:101861
EMG1:-586	EMG2:102953
EMG1:-906	EMG2:103048
EMG1:-2201	EMG2:103070
EMG1:-626	EMG2:106119
EMG1:188	EMG2:107184
EMG1:-1649	EMG2:105070
EMG1:-3949	EMG2:102073
EMG1:-3720	EMG2:102817
EMG1:-4837	EMG2:101972
EMG1:-2397	EMG2:103320
EMG1:-2227	EMG2:102371
EMG1:-1441	EMG2:102962
EMG1:-2634	EMG2:103032
EMG1:-1829	EMG2:104721
EMG1:-824	EMG2:105553
EMG1:857	EMG2:106986
EMG1:-1704	EMG2:104867
EMG1:-3349	EMG2:104064
EMG1:-5459	EMG2:102148
EMG1:-1859	EMG2:104570
EMG1:-676	EMG2:104856
EMG1:-171	EMG2:105679
EMG1:-1383	EMG2:106194
EMG1:-5692	EMG2:102638
EMG1:-5766	EMG2:100409
EMG1:-1039	EMG2:103139
EMG1:383	EMG2:104987
EMG1:-764	EMG2:105881
EMG1:-6184	EMG2:101216
EMG1:-3556	EMG2:101921
EMG1:-2307	EMG2:101371
EMG1:-2913	EMG2:99899
EMG1:-3518	EMG2:99753
EMG1:-2297	EMG2:101808
EMG1:-204	EMG2:103714
EMG1:1199	EMG2:104684
EMG1:335	EMG2:104751
EMG1:-2486	EMG2:103468
EMG1:-4826	EMG2:101566
EMG1:-895	EMG2:104661
EMG1:1268	EMG2:106063
EMG1:3049	EMG2:109303
EMG1:-1969	EMG2:106471
EMG1:-8050	EMG2:100768
EMG1:-6452	EMG2:99324
EMG1:-1506	EMG2:101882
EMG1:-875	EMG2:102452
EMG1:-3691	EMG2:100830
EMG1:-2194	EMG2:103307
EMG1:-3009	EMG2:101724
EMG1:-1724	EMG2:101494
EMG1:-1550	EMG2:101638
EMG1:-2046	EMG2:102394
EMG1:-1534	EMG2:104551
EMG1:629	EMG2:106803
EMG1:-3019	EMG2:102550
EMG1:-3868	EMG2:100512
EMG1:-5624	EMG2:99114
EMG1:-3067	EMG2:102278
EMG1:-1334	EMG2:103470
EMG1:-1	EMG2:103856
EMG1:-1277	EMG2:102489
EMG1:-3464	EMG2:101304
EMG1:-3799	EMG2:101716
EMG1:-1448	EMG2:103377
EMG1:1576	EMG2:105625
EMG1:-615	EMG2:104096
EMG1:-3434	EMG2:102462
EMG1:-5576	EMG2:100595
EMG1:-3184	EMG2:101641
EMG1:-244	EMG2:103100
EMG1:-502	EMG2:102546
EMG1:-612	EMG2:104544
EMG1:-2821	EMG2:103866
EMG1:-2431	EMG2:103638
EMG1:-2375	EMG2:101889
EMG1:-1444	EMG2:102043
EMG1:96	EMG2:105603
EMG1:-2251	EMG2:105018
EMG1:-4127	EMG2:102649
EMG1:-5107	EMG2:98951
EMG1:-33	EMG2:103296
EMG1:-4779	EMG2:99675
EMG1:-3844	EMG2:101078
EMG1:-136	EMG2:104399
EMG1:4322	EMG2:109346
EMG1:553	EMG2:106494
EMG1:-7767	EMG2:98868
EMG1:-6487	EMG2:99848
EMG1:-3592	EMG2:101431
EMG1:-1352	EMG2:101988
EMG1:-1712	EMG2:101159
EMG1:-3873	EMG2:99960
EMG1:-3531	EMG2:101198
EMG1:-1605	EMG2:102838
EMG1:19	EMG2:103117
EMG1:316	EMG2:104023
EMG1:-1716	EMG2:104056
EMG1:-5214	EMG2:100998
EMG1:-3876	EMG2:101306
EMG1:-1617	EMG2:101966
EMG1:1184	EMG2:105081
EMG1:-100	EMG2:106205
EMG1:-4935	EMG2:102247
EMG1:-6276	EMG2:99272
EMG1:-2711	EMG2:100401
EMG1:1373	EMG2:104364
EMG1:1396	EMG2:107433
EMG1:-3235	EMG2:104623
EMG1:-4471	EMG2:102156
EMG1:-2325	EMG2:102552
EMG1:-3599	EMG2:99763
EMG1:-4767	EMG2:99181
EMG1:-2613	EMG2:102235
EMG1:-353	EMG2:104788
EMG1:-612	EMG2:103360
EMG1:-1301	EMG2:102428
EMG1:-5912	EMG2:98529
EMG1:-2852	EMG2:101884
EMG1:-941	EMG2:103644
EMG1:2737	EMG2:107045
EMG1:1808	EMG2:107141
EMG1:-5400	EMG2:101468
EMG1:-6976	EMG2:99050
EMG1:-3606	EMG2:100806
EMG1:-2661	EMG2:100064
EMG1:-1569	EMG2:100391
EMG1:-2005	EMG2:101238
EMG1:-531	EMG2:104501
EMG1:-1385	EMG2:103517
EMG1:-188	EMG2:103501
EMG1:232	EMG2:103766
EMG1:-3116	EMG2:101713
EMG1:-2223	EMG2:103478
EMG1:2	EMG2:106103
EMG1:-2077	EMG2:103304
EMG1:-3198	EMG2:100601
EMG1:-3334	EMG2:101091
EMG1:-2697	EMG2:102979
EMG1:-3047	EMG2:102554
EMG1:-2496	EMG2:100770
EMG1:1428	EMG2:104068
EMG1:1546	EMG2:107103
EMG1:-4249	EMG2:103018
EMG1:-7315	EMG2:98168
EMG1:-2422	EMG2:100313
EMG1:-1399	EMG2:100779
EMG1:-1729	EMG2:101781
EMG1:-1209	EMG2:103759
EMG1:-2505	EMG2:102555
EMG1:-1986	EMG2:101395
EMG1:-2241	EMG2:100419
EMG1:-633	EMG2:103162
EMG1:-1912	EMG2:103709
EMG1:350	EMG2:106453
EMG1:-899	EMG2:105255
EMG1:746	EMG2:106531
EMG1:-7596	EMG2:99097
EMG1:-6847	EMG2:99332
EMG1:-2860	EMG2:102089
EMG1:613	EMG2:104425
EMG1:-3010	EMG2:101086
EMG1:-1172	EMG2:103508
EMG1:-4310	EMG2:101818
EMG1:-5314	EMG2:99441
EMG1:-2489	EMG2:99956
EMG1:447	EMG2:102206
EMG1:-1427	EMG2:102128
EMG1:-3111	EMG2:102060
EMG1:-3556	EMG2:100837
EMG1:-721	EMG2:102269
EMG1:24	EMG2:102621
EMG1:213	EMG2:104827
EMG1:-3936	EMG2:102783
EMG1:-3569	EMG2:102903
EMG1:-2837	EMG2:101848
EMG1:-1376	EMG2:102528
EMG1:-3856	EMG2:100843
EMG1:-4574	EMG2:101533
EMG1:-2522	EMG2:103431
EMG1:-821	EMG2:103911
EMG1:-4985	EMG2:98074
EMG1:-3889	EMG2:99432
EMG1:-3957	EMG2:100516
EMG1:-1994	EMG2:102236
EMG1:2093	EMG2:105270
EMG1:4556	EMG2:109294
EMG1:-4680	EMG2:101950
EMG1:-2491	EMG2:105181
EMG1:-4704	EMG2:102130
EMG1:-2562	EMG2:102524
EMG1:-5017	EMG2:98433
EMG1:-4274	EMG2:99287
EMG1:-2549	EMG2:102062
EMG1:-3001	EMG2:101459
EMG1:-711	EMG2:102405
EMG1:957	EMG2:103931
EMG1:2179	EMG2:107425
EMG1:-8007	EMG2:98610
EMG1:-1672	EMG2:104637
EMG1:-5717	EMG2:97545
EMG1:-359	EMG2:101614
EMG1:318	EMG2:104246
EMG1:-2788	EMG2:102988
EMG1:-2965	EMG2:103462
EMG1:-3252	EMG2:100749
EMG1:-4354	EMG2:97918
EMG1:-4165	EMG2:97852
EMG1:-3685	EMG2:99612
EMG1:-4321	EMG2:97696
EMG1:829	EMG2:101546
EMG1:3076	EMG2:104373
EMG1:-1821	EMG2:101201
EMG1:-6642	EMG2:97219
EMG1:-4565	EMG2:98042
EMG1:-1399	EMG2:99273
EMG1:870	EMG2:101493
EMG1:804	EMG2:103899
EMG1:998	EMG2:106626
EMG1:-6037	EMG2:99137
EMG1:-4364	EMG2:98311
EMG1:-1629	EMG2:99386
EMG1:763	EMG2:103383
EMG1:-4487	EMG2:100225
EMG1:2046	EMG2:106844
EMG1:3394	EMG2:108834
EMG1:-5141	EMG2:98905
EMG1:-5267	EMG2:97658
EMG1:-6102	EMG2:97121
EMG1:-2592	EMG2:99576
EMG1:-1243	EMG2:99534
EMG1:778	EMG2:100831
EMG1:-3832	EMG2:97674
EMG1:-4797	EMG2:97184
EMG1:-292	EMG2:101635
EMG1:4893	EMG2:107557
EMG1:-161	EMG2:102938
EMG1:-5494	EMG2:98344
EMG1:-6217	EMG2:97473
EMG1:-3896	EMG2:98899
EMG1:-2922	EMG2:98149
EMG1:-2372	EMG2:97124
EMG1:-1007	EMG2:99316
EMG1:-891	EMG2:101853
EMG1:-4671	EMG2:97727
EMG1:2669	EMG2:104072
EMG1:-6324	EMG2:94663
EMG1:2072	EMG2:104000
EMG1:-2679	EMG2:102538
EMG1:-8257	EMG2:94956
EMG1:-2827	EMG2:97678
EMG1:-1298	EMG2:98174
EMG1:-933	EMG2:99559
EMG1:-1261	EMG2:101131
EMG1:-1287	EMG2:104204
EMG1:-7263	EMG2:94356
EMG1:-952	EMG2:99437
EMG1:-4050	EMG2:97146
EMG1:-2978	EMG2:99092
EMG1:-5452	EMG2:96321
EMG1:-3187	EMG2:95659
EMG1:-2203	EMG2:95193
EMG1:-3776	EMG2:94070
EMG1:-351	EMG2:99056
EMG1:-4016	EMG2:95872
EMG1:-1191	EMG2:96669
EMG1:1771	EMG2:99648
EMG1:5820	EMG2:106891
EMG1:-10282	EMG2:94322
EMG1:-11048	EMG2:89689
EMG1:-1156	EMG2:97233
EMG1:637	EMG2:98536
EMG1:39	EMG2:99244
EMG1:-2068	EMG2:99592
EMG1:831	EMG2:103771
EMG1:-3859	EMG2:97378
EMG1:-3132	EMG2:96614
EMG1:-2900	EMG2:97437
EMG1:-926	EMG2:100635
EMG1:-1981	EMG2:101736
EMG1:-7934	EMG2:92921
EMG1:2254	EMG2:101633
EMG1:-7531	EMG2:93204
EMG1:-2712	EMG2:97791
EMG1:-7003	EMG2:93723
EMG1:1842	EMG2:100654
EMG1:-6622	EMG2:90968
EMG1:-1560	EMG2:97379
EMG1:4192	EMG2:105314
EMG1:-8658	EMG2:92861
EMG1:-8278	EMG2:89137
EMG1:2841	EMG2:99198
EMG1:1902	EMG2:100468
EMG1:-2481	EMG2:98256
EMG1:-790	EMG2:100999
EMG1:-2781	EMG2:97479
EMG1:-2584	EMG2:95424
EMG1:-1182	EMG2:97928
EMG1:-89	EMG2:101365
EMG1:-1146	EMG2:101305
EMG1:-495	EMG2:102563
EMG1:-10261	EMG2:89014
EMG1:-1767	EMG2:97849
EMG1:-7695	EMG2:92735
EMG1:-3697	EMG2:95429
EMG1:-1749	EMG2:96799
EMG1:-3007	EMG2:94520
EMG1:-2167	EMG2:95497
EMG1:-3797	EMG2:95227
EMG1:2506	EMG2:103056
EMG1:-4082	EMG2:93927
EMG1:1662	EMG2:98999
EMG1:-5899	EMG2:91615
EMG1:8864	EMG2:110411
EMG1:-9903	EMG2:92752
EMG1:-507	EMG2:99136
EMG1:-1587	EMG2:97042
EMG1:-2795	EMG2:96723
EMG1:-7028	EMG2:92843
EMG1:3063	EMG2:103318
EMG1:2702	EMG2:104109
EMG1:-5019	EMG2:93850
EMG1:-3724	EMG2:94893
EMG1:-2639	EMG2:97011
EMG1:-1923	EMG2:98318
EMG1:-2001	EMG2:96699
EMG1:-4462	EMG2:93576
EMG1:-1444	EMG2:97249
EMG1:-4937	EMG2:94688
EMG1:-3289	EMG2:96613
EMG1:-262	EMG2:97651
EMG1:-3414	EMG2:94124
EMG1:-119	EMG2:98180
EMG1:-3944	EMG2:94843
EMG1:2094	EMG2:102964
EMG1:-3045	EMG2:95402
EMG1:-934	EMG2:97048
EMG1:-4969	EMG2:93181
EMG1:-37	EMG2:99906
EMG1:-3736	EMG2:97403
EMG1:1145	EMG2:101304
EMG1:-4362	EMG2:95614
EMG1:-4506	EMG2:94874
EMG1:-5151	EMG2:95238
EMG1:-4842	EMG2:95288
EMG1:-2827	EMG2:95307
EMG1:959	EMG2:98373
EMG1:-4056	EMG2:93241
EMG1:4721	EMG2:104703
EMG1:-2351	EMG2:98865
EMG1:-1537	EMG2:98110
EMG1:-4941	EMG2:93182
EMG1:295	EMG2:98379
EMG1:271	EMG2:100638
EMG1:1533	EMG2:103869
EMG1:-7299	EMG2:92193
EMG1:-4477	EMG2:92033
EMG1:-3118	EMG2:93220
EMG1:6976	EMG2:106444
EMG1:-10003	EMG2:91569
EMG1:-2904	EMG2:95579
EMG1:442	EMG2:98461
EMG1:-1286	EMG2:97859
EMG1:-3250	EMG2:97013
EMG1:-2562	EMG2:98041
EMG1:3531	EMG2:103921
EMG1:-7818	EMG2:91423
EMG1:-1732	EMG2:96533
EMG1:-2007	EMG2:98116
EMG1:-4427	EMG2:96182
EMG1:-3054	EMG2:95476
EMG1:1973	EMG2:99494
EMG1:936	EMG2:100706
EMG1:-3413	EMG2:98548
EMG1:-6201	EMG2:94977
EMG1:-2342	EMG2:96543
EMG1:-351	EMG2:98131
EMG1:-2593	EMG2:96002
EMG1:2028	EMG2:102934
EMG1:-2817	EMG2:100397
EMG1:-5126	EMG2:95834
EMG1:-1947	EMG2:96987
EMG1:-2371	EMG2:96494
EMG1:1331	EMG2:101973
EMG1:1612	EMG2:105037
EMG1:-6529	EMG2:94540
EMG1:-1961	EMG2:96837
EMG1:-2944	EMG2:95662
EMG1:-3128	EMG2:96631
EMG1:-2292	EMG2:98062
EMG1:-1193	EMG2:98226
EMG1:-1057	EMG2:97207
EMG1:-833	EMG2:97802
EMG1:-1542	EMG2:99114
EMG1:-1424	EMG2:100283
EMG1:-3689	EMG2:96842
EMG1:-2617	EMG2:96516
EMG1:-2634	EMG2:96353
EMG1:-1216	EMG2:99611
EMG1:-659	EMG2:101883
EMG1:-664	EMG2:101333
EMG1:-3450	EMG2:97061
EMG1:-1782	EMG2:98729
EMG1:2328	EMG2:105174
EMG1:-4317	EMG2:99214
EMG1:-2039	EMG2:100464
EMG1:-471	EMG2:100793
EMG1:-5130	EMG2:95981
EMG1:-2899	EMG2:99333
EMG1:-5068	EMG2:96964
EMG1:-1681	EMG2:99107
EMG1:198	EMG2:100024
EMG1:-532	EMG2:100118
EMG1:-3014	EMG2:99581
EMG1:-3244	EMG2:99896
EMG1:-2654	EMG2:98819
EMG1:74	EMG2:100522
EMG1:-2137	EMG2:99041
EMG1:-2899	EMG2:99709
EMG1:-3468	EMG2:99959
EMG1:89	EMG2:103036
EMG1:-932	EMG2:101418
EMG1:-2828	EMG2:99024
EMG1:-1654	EMG2:101691
EMG1:-3759	EMG2:100177
EMG1:-2824	EMG2:98823
EMG1:-129	EMG2:100944
EMG1:-3361	EMG2:97813
EMG1:-2134	EMG2:100278
EMG1:818	EMG2:104564
EMG1:-2307	EMG2:100918
EMG1:-2401	EMG2:98495
EMG1:-2293	EMG2:98663
EMG1:-1892	EMG2:100551
EMG1:-3506	EMG2:99776
EMG1:-1507	EMG2:100414
EMG1:-821	EMG2:100096
EMG1:-1257	EMG2:100186
EMG1:-2865	EMG2:100103
EMG1:-2657	EMG2:101010
EMG1:-2452	EMG2:99743
EMG1:-557	EMG2:100729
EMG1:-1732	EMG2:100149
EMG1:-2709	EMG2:100541
EMG1:-5108	EMG2:98315
EMG1:-874	EMG2:101193
EMG1:312	EMG2:101918
EMG1:-1682	EMG2:99749
EMG1:-4055	EMG2:98853
EMG1:-505	EMG2:103921
EMG1:-3613	EMG2:99463
EMG1:-2767	EMG2:98628
EMG1:-1400	EMG2:99939
EMG1:-2966	EMG2:99999
EMG1:-3648	EMG2:100011
EMG1:-1545	EMG2:100954
EMG1:-564	EMG2:100827
EMG1:-774	EMG2:101057
EMG1:-2408	EMG2:100927
EMG1:-4000	EMG2:100010
EMG1:-1519	EMG2:101601
EMG1:-492	EMG2:101336
EMG1:-1455	EMG2:100703
EMG1:-1852	EMG2:101935
EMG1:-2320	EMG2:102588
EMG1:-1479	EMG2:102209
EMG1:-507	EMG2:101851
EMG1:1424	EMG2:104226
EMG1:-5607	EMG2:98748
EMG1:-5406	EMG2:98596
EMG1:-1816	EMG2:100225
EMG1:1968	EMG2:103477
EMG1:-729	EMG2:101569
EMG1:-2765	EMG2:101188
EMG1:-2454	EMG2:102240
EMG1:-1863	EMG2:101782
EMG1:-1086	EMG2:101006
EMG1:-1311	EMG2:100873
EMG1:-2037	EMG2:101710
EMG1:-3237	EMG2:101186
EMG1:-1595	EMG2:101688
EMG1:-886	EMG2:101140
EMG1:-1762	EMG2:100449
EMG1:-932	EMG2:103011
EMG1:-4673	EMG2:99932
EMG1:-2292	EMG2:101149
EMG1:-347	EMG2:101712
EMG1:-744	EMG2:101811
EMG1:-2612	EMG2:101814
EMG1:-4743	EMG2:100087
EMG1:-3254	EMG2:100144
EMG1:-2496	EMG2:98963
EMG1:1294	EMG2:103463
EMG1:-3286	EMG2:100717
EMG1:-3323	EMG2:101433
EMG1:-2449	EMG2:101247
EMG1:-865	EMG2:101146
EMG1:-1394	EMG2:100691
EMG1:-2241	EMG2:101528
EMG1:-3061	EMG2:101631
EMG1:-1081	EMG2:102398
EMG1:-659	EMG2:101668
EMG1:-1413	EMG2:101104
EMG1:-2246	EMG2:101684
EMG1:-2421	EMG2:102518
EMG1:-2363	EMG2:101615
EMG1:-1170	EMG2:101044
EMG1:-1581	EMG2:100315
EMG1:-3651	EMG2:99492
EMG1:-1352	EMG2:102901
EMG1:1	EMG2:104000
EMG1:-249	EMG2:102745
EMG1:-4644	EMG2:97831
EMG1:-2753	EMG2:100541
EMG1:-1087	EMG2:103359
EMG1:-3211	EMG2:100446
EMG1:-197	EMG2:102132
EMG1:-1170	EMG2:101284
EMG1:-3175	EMG2:100584
EMG1:-3309	EMG2:101074
EMG1:-1783	EMG2:101685
EMG1:-402	EMG2:102150
EMG1:-1062	EMG2:101476
EMG1:-3222	EMG2:100835
EMG1:-3139	EMG2:101809
EMG1:-1889	EMG2:102337
EMG1:-774	EMG2:102119
EMG1:-2783	EMG2:100101
EMG1:-2779	EMG2:100803
EMG1:-2587	EMG2:102386
EMG1:-2006	EMG2:101939
EMG1:523	EMG2:103375
EMG1:-1184	EMG2:101987
EMG1:-2667	EMG2:102040
EMG1:-2759	EMG2:102473
EMG1:-1349	EMG2:103046
EMG1:-1170	EMG2:102146
EMG1:-2471	EMG2:100429
EMG1:-3107	EMG2:101088
EMG1:-3739	EMG2:101228
EMG1:-2431	EMG2:101551
EMG1:-166	EMG2:102778
EMG1:-2163	EMG2:100791
EMG1:-2785	EMG2:101538
EMG1:-3436	EMG2:101544
EMG1:-2200	EMG2:101806
EMG1:-726	EMG2:102194
EMG1:-857	EMG2:102288
EMG1:-3592	EMG2:100936
EMG1:-3852	EMG2:101204
EMG1:-1546	EMG2:102861
EMG1:-378	EMG2:102831
EMG1:-252	EMG2:102964
EMG1:-1841	EMG2:103155
EMG1:-3074	EMG2:102801
EMG1:-4279	EMG2:100247
EMG1:-2104	EMG2:100766
EMG1:-2493	EMG2:99800
EMG1:-664	EMG2:103421
EMG1:-4109	EMG2:101504
EMG1:-545	EMG2:104316
EMG1:-728	EMG2:103013
EMG1:-1871	EMG2:101578
EMG1:-3201	EMG2:101643
EMG1:-3909	EMG2:101651
EMG1:-2583	EMG2:101911
EMG1:-1156	EMG2:101703
EMG1:-2100	EMG2:100345
EMG1:-2373	EMG2:101438
EMG1:-2304	EMG2:102599
EMG1:-2592	EMG2:101429
EMG1:-1179	EMG2:101481
EMG1:-627	EMG2:102169
EMG1:-3187	EMG2:101145
EMG1:-3357	EMG2:101664
EMG1:-2125	EMG2:101952
EMG1:893	EMG2:103765
EMG1:-483	EMG2:103087
EMG1:-2983	EMG2:102020
EMG1:-3484	EMG2:102381
EMG1:-1612	EMG2:103281
EMG1:244	EMG2:103933
EMG1:-1851	EMG2:101987
EMG1:-3760	EMG2:101095
EMG1:-3892	EMG2:101706
EMG1:-2449	EMG2:102429
EMG1:-1454	EMG2:102083
EMG1:-1651	EMG2:101748
EMG1:-2953	EMG2:101798
EMG1:-3243	EMG2:102426
EMG1:-2691	EMG2:102186
EMG1:-1735	EMG2:101497
EMG1:-930	EMG2:102051
EMG1:-2350	EMG2:102277
EMG1:-3584	EMG2:101990
EMG1:-2152	EMG2:102495
EMG1:-615	EMG2:102939
EMG1:-1749	EMG2:101473
EMG1:-2618	EMG2:101888
EMG1:-4129	EMG2:101324
EMG1:-2123	EMG2:102228
EMG1:-96	EMG2:103239
EMG1:411	EMG2:104075
EMG1:-1764	EMG2:103931
EMG1:-6531	EMG2:100025
EMG1:-4089	EMG2:100710
EMG1:-1809	EMG2:101609
EMG1:-1160	EMG2:101928
EMG1:-3077	EMG2:101220
EMG1:-4022	EMG2:101086
EMG1:-2366	EMG2:101911
EMG1:-179	EMG2:102894
EMG1:-999	EMG2:102074
EMG1:-2501	EMG2:101920
EMG1:-3217	EMG2:102260
EMG1:-2780	EMG2:101820
EMG1:-1237	EMG2:101833
EMG1:-1849	EMG2:101074
EMG1:-2355	EMG2:102036
EMG1:-3822	EMG2:101693
EMG1:-2160	EMG2:102557
EMG1:-54	EMG2:103524
EMG1:-522	EMG2:103229
EMG1:-3847	EMG2:101202
EMG1:-4394	EMG2:101033
EMG1:-2397	EMG2:101979
EMG1:-921	EMG2:102248
EMG1:-275	EMG2:102897
EMG1:-2907	EMG2:101659
EMG1:-2871	EMG2:102849
EMG1:-2717	EMG2:102221
EMG1:-745	EMG2:102600
EMG1:-1307	EMG2:101909
EMG1:-2722	EMG2:101628
EMG1:-2994	EMG2:102489
EMG1:-2155	EMG2:102729
EMG1:-417	EMG2:103437
EMG1:-2297	EMG2:101278
EMG1:-3165	EMG2:101136
EMG1:-3472	EMG2:101659
EMG1:-2223	EMG2:102300
EMG1:-1208	EMG2:101984
EMG1:-701	EMG2:102187
EMG1:-2635	EMG2:101517
EMG1:-4423	EMG2:100728
EMG1:-1068	EMG2:103774
EMG1:-759	EMG2:102786
EMG1:-1149	EMG2:102267
EMG1:-2709	EMG2:101923
EMG1:-3457	EMG2:102341
EMG1:-2504	EMG2:102623
EMG1:-1395	EMG2:102117
EMG1:-727	EMG2:102461
EMG1:-2146	EMG2:102357
EMG1:-2189	EMG2:103699
EMG1:-2936	EMG2:102704
EMG1:-2750	EMG2:100960
EMG1:-1561	EMG2:101514
EMG1:-3582	EMG2:100405
EMG1:-3647	EMG2:101055
EMG1:-1219	EMG2:103211
EMG1:139	EMG2:103653
EMG1:-241	EMG2:103400
EMG1:-4739	EMG2:99918
EMG1:-3531	EMG2:101841
EMG1:-2754	EMG2:101964
EMG1:-1324	EMG2:101998
EMG1:-1222	EMG2:101597
EMG1:-2736	EMG2:101299
EMG1:-3032	EMG2:101959
EMG1:-2462	EMG2:102153
EMG1:-720	EMG2:102558
EMG1:-1265	EMG2:101850
EMG1:-2511	EMG2:101863
EMG1:-3643	EMG2:101723
EMG1:-3149	EMG2:101469
EMG1:-743	EMG2:102407
EMG1:1168	EMG2:104336
EMG1:-2102	EMG2:102638
EMG1:-3514	EMG2:102342
EMG1:-5121	EMG2:99586
EMG1:-414	EMG2:102457
EMG1:-534	EMG2:102249
EMG1:-2454	EMG2:101675
EMG1:-3852	EMG2:101266
EMG1:-2107	EMG2:102373
EMG1:-1180	EMG2:101844
EMG1:-933	EMG2:101602
EMG1:-1873	EMG2:101914
EMG1:-2806	EMG2:102256
EMG1:-1994	EMG2:102808
EMG1:-783	EMG2:102736
EMG1:-1151	EMG2:101992
EMG1:-2845	EMG2:101399
EMG1:-4239	EMG2:100951
EMG1:-3389	EMG2:101003
EMG1:-1897	EMG2:100943
EMG1:-596	EMG2:101984
EMG1:-1572	EMG2:102439
EMG1:-2256	EMG2:103289
EMG1:-3033	EMG2:102380
EMG1:-1814	EMG2:102106
EMG1:-1956	EMG2:101212
EMG1:-3252	EMG2:100782
EMG1:-3801	EMG2:101287
EMG1:-2531	EMG2:102038
EMG1:-898	EMG2:102309
EMG1:-827	EMG2:101975
EMG1:-2397	EMG2:101674
EMG1:-3609	EMG2:101618
EMG1:-2491	EMG2:102273
EMG1:-927	EMG2:102612
EMG1:-1111	EMG2:101912
EMG1:-2523	EMG2:101680
EMG1:-3438	EMG2:101966
EMG1:-3348	EMG2:101689
EMG1:-2484	EMG2:100788
EMG1:989	EMG2:104054
EMG1:-2513	EMG2:102041
EMG1:-3453	EMG2:102308
EMG1:-3044	EMG2:102401
EMG1:-2236	EMG2:101683
EMG1:-1530	EMG2:101772
EMG1:-2977	EMG2:101492
EMG1:-4096	EMG2:101506
EMG1:-3115	EMG2:102225
EMG1:-1681	EMG2:102103
EMG1:-1398	EMG2:101861
EMG1:-3001	EMG2:101316
EMG1:-4294	EMG2:100920
EMG1:-3354	EMG2:101496
EMG1:-1549	EMG2:101693
EMG1:-36	EMG2:102713
EMG1:-3714	EMG2:100056
EMG1:-4466	EMG2:100207
EMG1:-3492	EMG2:100491
EMG1:-1274	EMG2:101224
EMG1:-359	EMG2:101762
EMG1:-2437	EMG2:101049
EMG1:-3445	EMG2:101313
EMG1:-2969	EMG2:101568
EMG1:-307	EMG2:102837
EMG1:-275	EMG2:102686
EMG1:-2055	EMG2:102197
EMG1:-3607	EMG2:101986
EMG1:-2771	EMG2:102402
EMG1:-2429	EMG2:101295
EMG1:-1814	EMG2:100754
EMG1:-1692	EMG2:102128
EMG1:-3631	EMG2:101354
EMG1:-3087	EMG2:101374
EMG1:-1436	EMG2:101562
EMG1:-177	EMG2:102156
EMG1:-1717	EMG2:102002
EMG1:-3984	EMG2:100998
EMG1:-2771	EMG2:101869
EMG1:-1361	EMG2:101909
EMG1:-726	EMG2:101944
EMG1:-1104	EMG2:102746
EMG1:-3755	EMG2:101454
EMG1:-3516	EMG2:101119
EMG1:-1425	EMG2:101704
EMG1:-1354	EMG2:101073
EMG1:-2086	EMG2:101438
EMG1:-3559	EMG2:101121
EMG1:-2826	EMG2:101670
EMG1:-1357	EMG2:101645
EMG1:-972	EMG2:101171
EMG1:-2097	EMG2:101198
EMG1:-3048	EMG2:101468
EMG1:-3011	EMG2:101288
EMG1:-1386	EMG2:101465
EMG1:-1342	EMG2:100557
EMG1:-1357	EMG2:101788
EMG1:-2773	EMG2:101774
EMG1:-2107	EMG2:102504
EMG1:1033	EMG2:104771
EMG1:-1316	EMG2:102364
EMG1:-4401	EMG2:99458
EMG1:-4429	EMG2:100011
EMG1:-3717	EMG2:100258
EMG1:-977	EMG2:101501
EMG1:534	EMG2:102681
EMG1:-1361	EMG2:102267
EMG1:-6167	EMG2:98332
EMG1:-2938	EMG2:100921
EMG1:-1216	EMG2:100964
EMG1:-82	EMG2:101584
EMG1:-1969	EMG2:100961
EMG1:-4102	EMG2:99929
EMG1:-2077	EMG2:101741
EMG1:-1232	EMG2:101255
EMG1:46	EMG2:101954
EMG1:-1549	EMG2:101544
EMG1:-2260	EMG2:102314
EMG1:-1817	EMG2:102664
EMG1:-2508	EMG2:100505
EMG1:-959	EMG2:100890
EMG1:-2100	EMG2:100711
EMG1:-3324	EMG2:100684
EMG1:-1961	EMG2:102050
EMG1:-278	EMG2:102559
EMG1:-444	EMG2:101746
EMG1:-2339	EMG2:100977
EMG1:-3881	EMG2:100411
EMG1:-2889	EMG2:101093
EMG1:-1229	EMG2:101288
EMG1:-778	EMG2:100849
EMG1:-1932	EMG2:100526
EMG1:-1249	EMG2:102858
EMG1:-2643	EMG2:101813
EMG1:-1146	EMG2:101853
EMG1:-994	EMG2:101151
EMG1:-1822	EMG2:101395
EMG1:-1731	EMG2:103128
EMG1:-4684	EMG2:100042
EMG1:-1025	EMG2:102153
EMG1:-798	EMG2:101545
EMG1:-2217	EMG2:101021
EMG1:-3710	EMG2:100638
EMG1:-2514	EMG2:102031
EMG1:-1496	EMG2:101651
EMG1:-852	EMG2:101316
EMG1:-1699	EMG2:101548
EMG1:-3956	EMG2:100208
EMG1:-1296	EMG2:102680
EMG1:-752	EMG2:102060
EMG1:-144	EMG2:102048
EMG1:-1546	EMG2:101769
EMG1:-3923	EMG2:100802
EMG1:-3161	EMG2:101368
EMG1:-1235	EMG2:102034
EMG1:-899	EMG2:101706
EMG1:-2244	EMG2:101171
EMG1:-2677	EMG2:102089
EMG1:-2759	EMG2:102363
EMG1:-2506	EMG2:101317
EMG1:-1660	EMG2:100884
EMG1:-1975	EMG2:101307
EMG1:-3397	EMG2:101098
EMG1:-2961	EMG2:101538
EMG1:-1652	EMG2:101441
EMG1:-856	EMG2:101443
EMG1:-1798	EMG2:101513
EMG1:-3836	EMG2:100620
EMG1:-3292	EMG2:101233
EMG1:-1386	EMG2:101879
EMG1:297	EMG2:102908
EMG1:-1887	EMG2:101768
EMG1:-3365	EMG2:101463
EMG1:-4005	EMG2:100689
EMG1:-457	EMG2:103311
EMG1:-2409	EMG2:100588
EMG1:-3019	EMG2:100368
EMG1:-3294	EMG2:101152
EMG1:-2447	EMG2:102381
EMG1:-2969	EMG2:100589
EMG1:-1384	EMG2:101317
EMG1:-2668	EMG2:100723
EMG1:-3376	EMG2:101209
EMG1:-3013	EMG2:101601
EMG1:-1112	EMG2:102414
EMG1:-364	EMG2:102595
EMG1:-1984	EMG2:102036
EMG1:-5177	EMG2:99504
EMG1:-3336	EMG2:101041
EMG1:-1732	EMG2:101421
EMG1:-1369	EMG2:100841
EMG1:-2432	EMG2:100298
EMG1:-3044	EMG2:101169
EMG1:-2712	EMG2:101535
EMG1:-1887	EMG2:101111
EMG1:-350	EMG2:101847
EMG1:-1765	EMG2:101485
EMG1:-3385	EMG2:100982
EMG1:-3314	EMG2:100949
EMG1:-1052	EMG2:102164
EMG1:-756	EMG2:101709
EMG1:-2201	EMG2:101073
EMG1:-3506	EMG2:100870
EMG1:-3462	EMG2:100784
EMG1:-984	EMG2:102054
EMG1:-513	EMG2:101944
EMG1:-1926	EMG2:101371
EMG1:-4022	EMG2:100483
EMG1:-2749	EMG2:101668
EMG1:94	EMG2:103677
EMG1:-473	EMG2:102848
EMG1:-3349	EMG2:100159
EMG1:-3779	EMG2:100411
EMG1:-3704	EMG2:100458
EMG1:-944	EMG2:101923
EMG1:-758	EMG2:101579
EMG1:-1803	EMG2:101358
EMG1:-3182	EMG2:101111
EMG1:-3156	EMG2:101069
EMG1:-1275	EMG2:101800
EMG1:-414	EMG2:101958
EMG1:-1799	EMG2:101306
EMG1:-3084	EMG2:101133
EMG1:-3298	EMG2:101061
EMG1:-1350	EMG2:101668
EMG1:-561	EMG2:101565
EMG1:-2607	EMG2:100258
EMG1:-2829	EMG2:100919
EMG1:-3279	EMG2:100530
EMG1:-1667	EMG2:100813
EMG1:27	EMG2:101666
EMG1:-1991	EMG2:100466
EMG1:-2913	EMG2:100760
EMG1:-3286	EMG2:100526
EMG1:-634	EMG2:102093
EMG1:-239	EMG2:101954
EMG1:-2032	EMG2:100920
EMG1:-2641	EMG2:101455
EMG1:-2821	EMG2:101578
EMG1:-984	EMG2:102355
EMG1:-1066	EMG2:101520
EMG1:-1831	EMG2:101422
EMG1:-3981	EMG2:100328
EMG1:-2755	EMG2:101494
EMG1:-771	EMG2:102563
EMG1:-603	EMG2:102044
EMG1:-2309	EMG2:100939
EMG1:-2907	EMG2:101505
EMG1:-3014	EMG2:101648
EMG1:-1500	EMG2:101984
EMG1:-1802	EMG2:100836
EMG1:-2477	EMG2:100499
EMG1:-4089	EMG2:99701
EMG1:-2717	EMG2:101128
EMG1:-1130	EMG2:101803
EMG1:-1020	EMG2:101434
EMG1:-2866	EMG2:100266
EMG1:-4814	EMG2:99299
EMG1:-2854	EMG2:101369
EMG1:-1804	EMG2:101415
EMG1:-927	EMG2:101517
EMG1:-2007	EMG2:100976
EMG1:-3309	EMG2:100783
EMG1:-3549	EMG2:100529
EMG1:-1084	EMG2:101802
EMG1:-407	EMG2:101837
EMG1:-1431	EMG2:101576
EMG1:-3574	EMG2:100618
EMG1:-3059	EMG2:101327
EMG1:-1403	EMG2:101918
EMG1:598	EMG2:103355
EMG1:-3430	EMG2:99878
EMG1:-5022	EMG2:98683
EMG1:-3908	EMG2:99574
EMG1:-289	EMG2:102053
EMG1:-714	EMG2:100942
EMG1:-1621	EMG2:100558
EMG1:-3014	EMG2:100336
EMG1:-2634	EMG2:100899
EMG1:-962	EMG2:101639
EMG1:-704	EMG2:101075
EMG1:-1169	EMG2:101217
EMG1:-2889	EMG2:100674
EMG1:-3362	EMG2:100475
EMG1:-2055	EMG2:100534
EMG1:-327	EMG2:101443
EMG1:-1117	EMG2:101644
EMG1:-3717	EMG2:100135
EMG1:-3236	EMG2:100719
EMG1:-1279	EMG2:101674
EMG1:-1281	EMG2:100865
EMG1:-1806	EMG2:100846
EMG1:-3356	EMG2:100733
EMG1:-4122	EMG2:100043
EMG1:-1190	EMG2:102023
EMG1:-905	EMG2:101341
EMG1:-1708	EMG2:101049
EMG1:-3341	EMG2:100526
EMG1:-3014	EMG2:101253
EMG1:-2357	EMG2:100594
EMG1:-147	EMG2:101863
EMG1:-718	EMG2:102275
EMG1:-3117	EMG2:101040
EMG1:-3446	EMG2:101128
EMG1:-2153	EMG2:101046
EMG1:-480	EMG2:101722
EMG1:-1409	EMG2:101195
EMG1:-3177	EMG2:100600
EMG1:-3212	EMG2:100738
EMG1:-1127	EMG2:101971
EMG1:-642	EMG2:101628
EMG1:-1589	EMG2:101246
EMG1:-3310	EMG2:100719
EMG1:-3257	EMG2:100867
EMG1:-1449	EMG2:101866
EMG1:-822	EMG2:101709
EMG1:-1474	EMG2:101339
EMG1:-2849	EMG2:101460
EMG1:-3647	EMG2:100907
EMG1:-1104	EMG2:102316
EMG1:-455	EMG2:102329
EMG1:-2469	EMG2:100592
EMG1:-3577	EMG2:100698
EMG1:-3054	EMG2:101412
EMG1:-1611	EMG2:101728
EMG1:-1641	EMG2:100746
EMG1:-980	EMG2:101772
EMG1:-2866	EMG2:101263
EMG1:-3081	EMG2:101690
EMG1:-2053	EMG2:101798
EMG1:-1359	EMG2:101453
EMG1:-1756	EMG2:101564
EMG1:-3457	EMG2:100942
EMG1:-3827	EMG2:100842
EMG1:-1496	EMG2:101981
EMG1:-1019	EMG2:101644
EMG1:-2089	EMG2:100939
EMG1:-3178	EMG2:101039
EMG1:-3594	EMG2:100783
EMG1:-1585	EMG2:101757
EMG1:-1179	EMG2:101300
EMG1:-1366	EMG2:101365
EMG1:-3562	EMG2:100234
EMG1:-2577	EMG2:101596
EMG1:-2555	EMG2:100601
EMG1:-486	EMG2:101546
EMG1:-1161	EMG2:101364
EMG1:-2176	EMG2:101718
EMG1:-2159	EMG2:102218
EMG1:-764	EMG2:102898
EMG1:-297	EMG2:102662
EMG1:-2369	EMG2:100852
EMG1:-4457	EMG2:99228
EMG1:-3303	EMG2:100576
EMG1:-1847	EMG2:100979
EMG1:-81	EMG2:101898
EMG1:-1231	EMG2:101088
EMG1:-2892	EMG2:100579
EMG1:-3197	EMG2:100663
EMG1:-1974	EMG2:100811
EMG1:-376	EMG2:101439
EMG1:-1424	EMG2:100728
EMG1:-2700	EMG2:100641
EMG1:-1854	EMG2:102274
EMG1:-1117	EMG2:102376
EMG1:-59	EMG2:102726
EMG1:-216	EMG2:103201
EMG1:-4171	EMG2:100469
EMG1:-4178	EMG2:100408
EMG1:-1431	EMG2:102066
EMG1:924	EMG2:104111
EMG1:638	EMG2:104823
EMG1:-3808	EMG2:101622
EMG1:-7370	EMG2:97115
EMG1:-2251	EMG2:100407
EMG1:-1196	EMG2:100250
EMG1:-1556	EMG2:100283
EMG1:-1935	EMG2:101047
EMG1:-2905	EMG2:100601
EMG1:-951	EMG2:101801
EMG1:644	EMG2:102826
EMG1:-2214	EMG2:100276
EMG1:-1519	EMG2:102133
EMG1:-1414	EMG2:103123
EMG1:-3951	EMG2:99748
EMG1:-1883	EMG2:100036
EMG1:-1232	EMG2:100656
EMG1:-1442	EMG2:101904
EMG1:-1707	EMG2:102896
EMG1:-2001	EMG2:101894
EMG1:-1524	EMG2:101190
EMG1:-2432	EMG2:100129
EMG1:-2934	EMG2:100678
EMG1:-2422	EMG2:101696
EMG1:-147	EMG2:103371
EMG1:234	EMG2:103568
EMG1:-2576	EMG2:100763
EMG1:-4411	EMG2:99456
EMG1:-4243	EMG2:99611
EMG1:-3466	EMG2:99209
EMG1:-152	EMG2:101313
EMG1:368	EMG2:102752
EMG1:-1010	EMG2:103149
EMG1:-3534	EMG2:101586
EMG1:-4512	EMG2:98931
EMG1:-1718	EMG2:100016
EMG1:-242	EMG2:101679
EMG1:-831	EMG2:103158
EMG1:-2683	EMG2:102375
EMG1:-2088	EMG2:102193
EMG1:-2158	EMG2:100623
EMG1:-2862	EMG2:99781
EMG1:-3706	EMG2:99843
EMG1:-3977	EMG2:99868
EMG1:-3331	EMG2:98979
EMG1:-220	EMG2:100977
EMG1:2468	EMG2:104988
EMG1:-3208	EMG2:101331
EMG1:-6651	EMG2:97740
EMG1:-2301	EMG2:100472
EMG1:-544	EMG2:101365
EMG1:-1987	EMG2:99820
EMG1:-2777	EMG2:100247
EMG1:-2774	EMG2:101043
EMG1:-2458	EMG2:100231
EMG1:-591	EMG2:100891
EMG1:-2027	EMG2:99221
EMG1:-1136	EMG2:101431
EMG1:-1530	EMG2:102651
EMG1:718	EMG2:104835
EMG1:-1477	EMG2:101866
EMG1:-1737	EMG2:101321
EMG1:-4508	EMG2:99303
EMG1:-4929	EMG2:98995
EMG1:-3211	EMG2:99196
EMG1:-56	EMG2:101115
EMG1:221	EMG2:101918
EMG1:-2532	EMG2:100807
EMG1:-5887	EMG2:97763
EMG1:-2387	EMG2:99618
EMG1:38	EMG2:100767
EMG1:-364	EMG2:100528
EMG1:-2661	EMG2:99691
EMG1:-2604	EMG2:100871
EMG1:-2849	EMG2:99395
EMG1:-974	EMG2:99785
EMG1:-465	EMG2:100366
EMG1:-1421	EMG2:101176
EMG1:-299	EMG2:103971
EMG1:-3477	EMG2:100167
EMG1:-1402	EMG2:100329
EMG1:-1605	EMG2:99757
EMG1:-1121	EMG2:101722
EMG1:-4850	EMG2:98652
EMG1:-1719	EMG2:100753
EMG1:1422	EMG2:103070
EMG1:-1987	EMG2:99908
EMG1:-4920	EMG2:97733
EMG1:-3434	EMG2:99454
EMG1:-2775	EMG2:99031
EMG1:-1179	EMG2:99088
EMG1:122	EMG2:100478
EMG1:-419	EMG2:101984
EMG1:-3509	EMG2:100307
EMG1:-2542	EMG2:100443
EMG1:-1261	EMG2:100393
EMG1:-1667	EMG2:99819
EMG1:-2107	EMG2:100728
EMG1:-1731	EMG2:102674
EMG1:-3792	EMG2:99721
EMG1:-1991	EMG2:99950
EMG1:-2373	EMG2:98748
EMG1:-3396	EMG2:98812
EMG1:-4126	EMG2:98674
EMG1:-1314	EMG2:100571
EMG1:1065	EMG2:102176
EMG1:-299	EMG2:101488
EMG1:-4007	EMG2:98988
EMG1:-3722	EMG2:100029
EMG1:-1897	EMG2:101144
EMG1:-747	EMG2:101162
EMG1:266	EMG2:102554
EMG1:-2811	EMG2:101247
EMG1:-3508	EMG2:102113
EMG1:-662	EMG2:104318
EMG1:-5637	EMG2:98116
EMG1:-4536	EMG2:97406
EMG1:-3387	EMG2:99507
EMG1:-2619	EMG2:101358
EMG1:-1147	EMG2:102766
EMG1:-981	EMG2:101589
EMG1:-1892	EMG2:100366
EMG1:-4084	EMG2:99282
EMG1:-4067	EMG2:100160
EMG1:-2026	EMG2:101317
EMG1:278	EMG2:102731
EMG1:-266	EMG2:102871
EMG1:-4442	EMG2:99875
EMG1:-5117	EMG2:99700
EMG1:-3280	EMG2:100449
EMG1:-1607	EMG2:100326
EMG1:-441	EMG2:101442
EMG1:-2174	EMG2:101243
EMG1:-3865	EMG2:100934
EMG1:-3689	EMG2:100236
EMG1:-1382	EMG2:101046
EMG1:-2804	EMG2:99056
EMG1:-2134	EMG2:100913
EMG1:-2734	EMG2:101759
EMG1:-3079	EMG2:101193
EMG1:-2344	EMG2:100351
EMG1:-2091	EMG2:100036
EMG1:-3875	EMG2:99375
EMG1:-3244	EMG2:100664
EMG1:-568	EMG2:103134
EMG1:651	EMG2:103751
EMG1:-2062	EMG2:100725
EMG1:-4027	EMG2:99816
EMG1:-5681	EMG2:98449
EMG1:-3699	EMG2:99175
EMG1:-1567	EMG2:99587
EMG1:134	EMG2:101083
EMG1:-533	EMG2:102366
EMG1:-3775	EMG2:100719
EMG1:-4001	EMG2:99244
EMG1:-1998	EMG2:99348
EMG1:-1238	EMG2:99491
EMG1:-1631	EMG2:100864
EMG1:-2483	EMG2:101522
EMG1:-2150	EMG2:101531
EMG1:-832	EMG2:101513
EMG1:-2749	EMG2:98988
EMG1:-2546	EMG2:100256
EMG1:-3228	EMG2:100606
EMG1:-1951	EMG2:101268
EMG1:-459	EMG2:101455
EMG1:-1136	EMG2:100467
EMG1:-3091	EMG2:99443
EMG1:-4305	EMG2:99284
EMG1:-2862	EMG2:99630
EMG1:338	EMG2:101751
EMG1:393	EMG2:102271
EMG1:-2782	EMG2:100196
EMG1:-1521	EMG2:102799
EMG1:-1382	EMG2:103063
EMG1:-4262	EMG2:98721
EMG1:-3676	EMG2:97248
EMG1:-3411	EMG2:98159
EMG1:-3181	EMG2:99268
EMG1:160	EMG2:102582
EMG1:-1980	EMG2:98959
EMG1:-1531	EMG2:98744
EMG1:-914	EMG2:100904
EMG1:-2130	EMG2:101285
EMG1:-2221	EMG2:100673
EMG1:-3511	EMG2:97752
EMG1:-1917	EMG2:98036
EMG1:-681	EMG2:100543
EMG1:-3372	EMG2:99246
EMG1:-1907	EMG2:100229
EMG1:1351	EMG2:102664
EMG1:-1829	EMG2:99528
EMG1:-3762	EMG2:98520
EMG1:-4038	EMG2:98836
EMG1:-1385	EMG2:100812
EMG1:1965	EMG2:103628
EMG1:-282	EMG2:102007
EMG1:-5702	EMG2:97121
EMG1:-3568	EMG2:99665
EMG1:-1498	EMG2:101864
EMG1:-1965	EMG2:99869
EMG1:-3057	EMG2:97368
EMG1:-1296	EMG2:100704
EMG1:-3799	EMG2:100041
EMG1:-4862	EMG2:97668
EMG1:-983	EMG2:99679
EMG1:-4	EMG2:100313
EMG1:-1476	EMG2:100604
EMG1:-2227	EMG2:101316
EMG1:-1339	EMG2:102335
EMG1:-4176	EMG2:97555
EMG1:-1654	EMG2:98747
EMG1:-1577	EMG2:100077
EMG1:-3064	EMG2:99868
EMG1:-1346	EMG2:101183
EMG1:-3341	EMG2:97332
EMG1:480	EMG2:100589
EMG1:-3701	EMG2:97666
EMG1:-3366	EMG2:98796
EMG1:-2156	EMG2:99582
EMG1:-641	EMG2:99834
EMG1:2432	EMG2:103048
EMG1:1929	EMG2:105536
EMG1:-6771	EMG2:97828
EMG1:-4187	EMG2:98424
EMG1:-3082	EMG2:97526
EMG1:-3406	EMG2:95701
EMG1:-1494	EMG2:98693
EMG1:-2125	EMG2:99501
EMG1:-2151	EMG2:99289
EMG1:-1870	EMG2:97666
EMG1:-292	EMG2:98964
EMG1:-2099	EMG2:98648
EMG1:-3282	EMG2:98649
EMG1:-2429	EMG2:99434
EMG1:-892	EMG2:99565
EMG1:-288	EMG2:99821
EMG1:-155	EMG2:102088
EMG1:-3841	EMG2:99993
EMG1:-2791	EMG2:100527
EMG1:-3342	EMG2:97940
EMG1:-2198	EMG2:98199
EMG1:-3035	EMG2:98078
EMG1:-680	EMG2:101633
EMG1:-2021	EMG2:101227
EMG1:-4111	EMG2:96959
EMG1:-694	EMG2:99219
EMG1:-4227	EMG2:96028
EMG1:-1743	EMG2:99758
EMG1:-3100	EMG2:97659
EMG1:762	EMG2:100440
EMG1:-1627	EMG2:98113
EMG1:-1872	EMG2:98927
EMG1:-5567	EMG2:95931
EMG1:-3867	EMG2:96452
EMG1:-1563	EMG2:97069
EMG1:-339	EMG2:97783
EMG1:-3644	EMG2:95823
EMG1:194	EMG2:100778
EMG1:-956	EMG2:100669
EMG1:-3180	EMG2:97203
EMG1:-2027	EMG2:96723
EMG1:2846	EMG2:103150
EMG1:-3075	EMG2:100188
EMG1:-5862	EMG2:95641
EMG1:-1776	EMG2:97781
EMG1:2278	EMG2:101415
EMG1:-4110	EMG2:97125
EMG1:-6631	EMG2:94903
EMG1:-4914	EMG2:94783
EMG1:-602	EMG2:97254
EMG1:-2646	EMG2:94183
EMG1:-2581	EMG2:94872
EMG1:-2600	EMG2:96380
EMG1:486	EMG2:99669
EMG1:-1752	EMG2:96736
EMG1:-3252	EMG2:93638
EMG1:-546	EMG2:97190
EMG1:-2531	EMG2:97164
EMG1:1423	EMG2:101984
EMG1:2340	EMG2:102525
EMG1:-8398	EMG2:90059
EMG1:-3920	EMG2:93759
EMG1:-2382	EMG2:96311
EMG1:-2442	EMG2:96027
EMG1:585	EMG2:97641
EMG1:1131	EMG2:98166
EMG1:-2277	EMG2:95939
EMG1:-1569	EMG2:98851
EMG1:-6068	EMG2:93522
EMG1:-340	EMG2:96846
EMG1:-4154	EMG2:91989
EMG1:66	EMG2:97581
EMG1:-3496	EMG2:95630
EMG1:3328	EMG2:103890
EMG1:-7030	EMG2:91101
EMG1:-4421	EMG2:91521
EMG1:-2914	EMG2:93466
EMG1:-976	EMG2:96817
EMG1:-2686	EMG2:95543
EMG1:-2441	EMG2:93746
EMG1:1586	EMG2:96731
EMG1:394	EMG2:98318
EMG1:-6677	EMG2:91917
EMG1:-3856	EMG2:93436
EMG1:-441	EMG2:95303
EMG1:-2331	EMG2:92423
EMG1:-3386	EMG2:92928
EMG1:-5134	EMG2:91988
EMG1:-427	EMG2:97204
EMG1:2714	EMG2:99849
EMG1:-2699	EMG2:94921
EMG1:-3801	EMG2:93279
EMG1:-6102	EMG2:91825
EMG1:-1167	EMG2:95890
EMG1:7812	EMG2:105601
EMG1:-5164	EMG2:93422
EMG1:-6054	EMG2:91531
EMG1:-5434	EMG2:92288
EMG1:-6192	EMG2:90439
EMG1:-4189	EMG2:89800
EMG1:-1680	EMG2:90953
EMG1:-957	EMG2:92688
EMG1:1718	EMG2:97295
EMG1:-5893	EMG2:91966
EMG1:80	EMG2:96136
EMG1:-4836	EMG2:90215
EMG1:-4651	EMG2:89744
EMG1:-3553	EMG2:91276
EMG1:-1096	EMG2:94052
EMG1:2221	EMG2:97935
EMG1:-6151	EMG2:88303
EMG1:-3716	EMG2:90309
EMG1:-3019	EMG2:91578
EMG1:-3635	EMG2:90714
EMG1:1748	EMG2:95215
EMG1:2194	EMG2:95786
EMG1:4665	EMG2:101486
EMG1:-3159	EMG2:95589
EMG1:-7269	EMG2:89806
EMG1:3377	EMG2:100203
EMG1:3018	EMG2:100329
EMG1:-12462	EMG2:84588
EMG1:-4690	EMG2:91054
EMG1:-2606	EMG2:93024
EMG1:-660	EMG2:93537
EMG1:3569	EMG2:97208
EMG1:-10178	EMG2:85958
EMG1:-6110	EMG2:88531
EMG1:-6314	EMG2:87769
EMG1:512	EMG2:92690
EMG1:2719	EMG2:95126
EMG1:1169	EMG2:96340
EMG1:-1921	EMG2:95574
EMG1:-8383	EMG2:87864
EMG1:5754	EMG2:100988
EMG1:-5021	EMG2:91343
EMG1:-10206	EMG2:84211
EMG1:-3766	EMG2:90064
EMG1:-4272	EMG2:89288
EMG1:331	EMG2:92577
EMG1:3991	EMG2:97033
EMG1:1770	EMG2:98047
EMG1:-5123	EMG2:92057
EMG1:-5647	EMG2:90244
EMG1:-1476	EMG2:92718
EMG1:-1282	EMG2:91960
EMG1:-881	EMG2:93999
EMG1:-3429	EMG2:92714
EMG1:-1803	EMG2:93220
EMG1:-1814	EMG2:92083
EMG1:73	EMG2:92783
EMG1:634	EMG2:94739
EMG1:-979	EMG2:95991
EMG1:617	EMG2:98712
EMG1:-9034	EMG2:86692
EMG1:-966	EMG2:92110
EMG1:-2436	EMG2:91815
EMG1:-5241	EMG2:90409
EMG1:-339	EMG2:95259
EMG1:-126	EMG2:95030
EMG1:-3422	EMG2:90331
EMG1:-3931	EMG2:89378
EMG1:-2432	EMG2:92262
EMG1:1955	EMG2:97673
EMG1:-1773	EMG2:94290
EMG1:-3921	EMG2:89654
EMG1:-3239	EMG2:90624
EMG1:-4116	EMG2:91364
EMG1:-2496	EMG2:92869
EMG1:-3768	EMG2:89791
EMG1:9904	EMG2:103573
EMG1:-9122	EMG2:87522
EMG1:-7624	EMG2:88329
EMG1:-1432	EMG2:94289
EMG1:-1827	EMG2:93091
EMG1:-3169	EMG2:90361
EMG1:-4343	EMG2:89089
EMG1:-1181	EMG2:93326
EMG1:1524	EMG2:98261
EMG1:-4546	EMG2:90496
EMG1:-4504	EMG2:87724
EMG1:-429	EMG2:92298
EMG1:-4588	EMG2:89626
EMG1:-3048	EMG2:91374
EMG1:-1279	EMG2:92013
EMG1:954	EMG2:93867
EMG1:8924	EMG2:105009
EMG1:-11112	EMG2:87135
EMG1:-5754	EMG2:90571
EMG1:-1740	EMG2:92843
EMG1:-1801	EMG2:91586
EMG1:-3497	EMG2:90232
EMG1:-782	EMG2:94103
EMG1:-3981	EMG2:91308
EMG1:-2100	EMG2:91243
EMG1:612	EMG2:93359
EMG1:-1801	EMG2:91931
EMG1:-3569	EMG2:91491
EMG1:-2302	EMG2:93930
EMG1:-1269	EMG2:93888
EMG1:-2370	EMG2:91803
EMG1:-4477	EMG2:89470
EMG1:-2840	EMG2:91999
EMG1:-2137	EMG2:93256
EMG1:-1667	EMG2:92104
EMG1:2053	EMG2:95027
EMG1:149	EMG2:94711
EMG1:-3646	EMG2:92106
EMG1:-2596	EMG2:93431
EMG1:-1174	EMG2:93761
EMG1:-65	EMG2:93840
EMG1:-1728	EMG2:93116
EMG1:-3948	EMG2:92051
EMG1:-2344	EMG2:93708
EMG1:536	EMG2:95591
EMG1:-874	EMG2:93590
EMG1:446	EMG2:96101
EMG1:-5781	EMG2:90988
EMG1:-3957	EMG2:93002
EMG1:-2716	EMG2:92480
EMG1:-625	EMG2:93552
EMG1:-1629	EMG2:93336
EMG1:-2391	EMG2:93909
EMG1:-1687	EMG2:95392
EMG1:-812	EMG2:95378
EMG1:-669	EMG2:94655
EMG1:-3567	EMG2:92427
EMG1:-3034	EMG2:93971
EMG1:-4994	EMG2:92173
EMG1:-998	EMG2:94462
EMG1:-63	EMG2:94660
EMG1:-2392	EMG2:92935
EMG1:-1524	EMG2:95331
EMG1:-2514	EMG2:95166
EMG1:-1527	EMG2:94882
EMG1:9	EMG2:95843
EMG1:-2862	EMG2:93546
EMG1:-3386	EMG2:94569
EMG1:-3088	EMG2:95064
EMG1:-681	EMG2:96270
EMG1:771	EMG2:96969
EMG1:-3564	EMG2:93147
EMG1:-3292	EMG2:94269
EMG1:-2459	EMG2:95396
EMG1:-1362	EMG2:95243
EMG1:1330	EMG2:97065
EMG1:-569	EMG2:97131
EMG1:-3746	EMG2:94909
EMG1:-4370	EMG2:94308
EMG1:-1480	EMG2:95499
EMG1:-1225	EMG2:94599
EMG1:-737	EMG2:95741
EMG1:-2969	EMG2:95266
EMG1:-3183	EMG2:95252
EMG1:-1560	EMG2:95717
EMG1:-309	EMG2:96096
EMG1:-427	EMG2:96513
EMG1:-3005	EMG2:95776
EMG1:-3047	EMG2:95879
EMG1:-1608	EMG2:96083
EMG1:-83	EMG2:96592
EMG1:-924	EMG2:96486
EMG1:-2322	EMG2:96722
EMG1:-3529	EMG2:95950
EMG1:-2149	EMG2:95948
EMG1:-543	EMG2:96102
EMG1:-489	EMG2:96714
EMG1:-3516	EMG2:95546
EMG1:-2887	EMG2:96446
EMG1:-2561	EMG2:95231
EMG1:-1036	EMG2:95749
EMG1:-1179	EMG2:96019
EMG1:-3081	EMG2:95769
EMG1:-3150	EMG2:96126
EMG1:-1191	EMG2:96907
EMG1:-483	EMG2:96652
EMG1:-1336	EMG2:96331
EMG1:-3196	EMG2:95708
EMG1:-1731	EMG2:97914
EMG1:-1992	EMG2:96626
EMG1:-1541	EMG2:95690
EMG1:-1512	EMG2:96230
EMG1:-3421	EMG2:95684
EMG1:-2845	EMG2:96625
EMG1:820	EMG2:99616
EMG1:119	EMG2:98407
EMG1:-2302	EMG2:96532
EMG1:-4114	EMG2:96202
EMG1:-4395	EMG2:95816
EMG1:-2462	EMG2:96119
EMG1:-812	EMG2:96496
EMG1:-491	EMG2:97501
EMG1:-3231	EMG2:96198
EMG1:-2901	EMG2:97059
EMG1:-1862	EMG2:96996
EMG1:-1041	EMG2:96694
EMG1:-1311	EMG2:96793
EMG1:-2691	EMG2:96975
EMG1:-2787	EMG2:97557
EMG1:-1094	EMG2:98251
EMG1:-926	EMG2:97395
EMG1:-1451	EMG2:97384
EMG1:-3624	EMG2:96741
EMG1:-3131	EMG2:97590
EMG1:-2669	EMG2:96913
EMG1:-2618	EMG2:95266
EMG1:1312	EMG2:99416
EMG1:-2722	EMG2:97464
EMG1:-1988	EMG2:98978
EMG1:-1645	EMG2:98349
EMG1:-160	EMG2:98916
EMG1:-2825	EMG2:96480
EMG1:-4399	EMG2:95685
EMG1:-3788	EMG2:96604
EMG1:-1471	EMG2:97884
EMG1:-161	EMG2:97956
EMG1:-1461	EMG2:97176
EMG1:-2804	EMG2:97346
EMG1:-2989	EMG2:97906
EMG1:-2261	EMG2:97467
EMG1:-670	EMG2:97841
EMG1:-1791	EMG2:97068
EMG1:-2709	EMG2:97637
EMG1:-3239	EMG2:97824
EMG1:-2395	EMG2:97188
EMG1:-587	EMG2:98095
EMG1:-1519	EMG2:97613
EMG1:-4327	EMG2:96154
EMG1:-3331	EMG2:97593
EMG1:-1686	EMG2:98222
EMG1:15	EMG2:98911
EMG1:-2223	EMG2:97091
EMG1:-3508	EMG2:97168
EMG1:-3246	EMG2:98079
EMG1:-1859	EMG2:98301
EMG1:-1221	EMG2:97701
EMG1:276	EMG2:99543
EMG1:-3285	EMG2:97670
EMG1:-5254	EMG2:96023
EMG1:-2277	EMG2:97454
EMG1:-369	EMG2:98111
EMG1:-951	EMG2:97784
EMG1:-2617	EMG2:97561
EMG1:-3651	EMG2:97078
EMG1:-1584	EMG2:98098
EMG1:-552	EMG2:97878
EMG1:-924	EMG2:97894
EMG1:-2936	EMG2:97546
EMG1:-2864	EMG2:98276
EMG1:-1607	EMG2:98451
EMG1:-703	EMG2:98359
EMG1:-1791	EMG2:97282
EMG1:-2061	EMG2:98544
EMG1:-4569	EMG2:96846
EMG1:-2009	EMG2:97943
EMG1:-1101	EMG2:97566
EMG1:-771	EMG2:98184
EMG1:-3210	EMG2:97526
EMG1:-3299	EMG2:98135
EMG1:-1751	EMG2:98668
EMG1:-1232	EMG2:98089
EMG1:-2855	EMG2:96033
EMG1:-3639	EMG2:96478
EMG1:-4716	EMG2:95887
EMG1:-2422	EMG2:96966
EMG1:-517	EMG2:97669
EMG1:-1308	EMG2:97202
EMG1:-2745	EMG2:97341
EMG1:-2999	EMG2:97899
EMG1:-1875	EMG2:98105
EMG1:188	EMG2:99244
EMG1:-1137	EMG2:98294
EMG1:-3196	EMG2:97590
EMG1:-2746	EMG2:98847
EMG1:-2383	EMG2:98124
EMG1:-1028	EMG2:98044
EMG1:-1796	EMG2:97493
EMG1:-3554	EMG2:96936
EMG1:-2539	EMG2:98825
EMG1:-1655	EMG2:98911
EMG1:-1208	EMG2:98192
EMG1:-1466	EMG2:97947
EMG1:-3626	EMG2:97146
EMG1:-3052	EMG2:98313
EMG1:-1210	EMG2:99322
EMG1:-629	EMG2:98809
EMG1:-2028	EMG2:97187
EMG1:-3329	EMG2:96923
EMG1:-3287	EMG2:97592
EMG1:-1499	EMG2:98218
EMG1:-96	EMG2:98527
EMG1:-847	EMG2:98088
EMG1:-2524	EMG2:97973
EMG1:-3406	EMG2:97956
EMG1:-1915	EMG2:98354
EMG1:-450	EMG2:98606
EMG1:-1605	EMG2:97503
EMG1:-2727	EMG2:97686
EMG1:-3336	EMG2:97978
EMG1:-2312	EMG2:97956
EMG1:-549	EMG2:98523
EMG1:-1602	EMG2:97658
EMG1:-2556	EMG2:98164
EMG1:-2366	EMG2:99297
EMG1:-1575	EMG2:99494
EMG1:-694	EMG2:99261
EMG1:-2447	EMG2:97204
EMG1:-2757	EMG2:98068
EMG1:-4267	EMG2:97293
EMG1:-1850	EMG2:98461
EMG1:514	EMG2:99768
EMG1:-1982	EMG2:97213
EMG1:-2737	EMG2:97683
EMG1:-3041	EMG2:98436
EMG1:-1951	EMG2:98594
EMG1:-701	EMG2:98718
EMG1:-1500	EMG2:97993
EMG1:-2997	EMG2:97919
EMG1:-3854	EMG2:97774
EMG1:-2189	EMG2:98413
EMG1:-784	EMG2:98586
EMG1:-1094	EMG2:98528
EMG1:-3768	EMG2:97256
EMG1:-3763	EMG2:97829
EMG1:-2149	EMG2:98631
EMG1:-721	EMG2:98913
EMG1:89	EMG2:99794
EMG1:-1939	EMG2:99608
EMG1:-3926	EMG2:98422
EMG1:-2766	EMG2:98351
EMG1:-594	EMG2:98927
EMG1:-976	EMG2:98551
EMG1:-2232	EMG2:98709
EMG1:-3388	EMG2:98553
EMG1:-2080	EMG2:98789
EMG1:-245	EMG2:99346
EMG1:-1284	EMG2:98259
EMG1:-2577	EMG2:98462
EMG1:-3820	EMG2:97963
EMG1:-1930	EMG2:98910
EMG1:-703	EMG2:98938
EMG1:-941	EMG2:98790
EMG1:-2825	EMG2:98583
EMG1:-3489	EMG2:98777
EMG1:-2367	EMG2:98937
EMG1:-721	EMG2:99461
EMG1:-617	EMG2:99774
EMG1:-3536	EMG2:98222
EMG1:-3832	EMG2:98469
EMG1:-2365	EMG2:99220
EMG1:-1604	EMG2:98776
EMG1:-1691	EMG2:98281
EMG1:-3332	EMG2:97900
EMG1:-3366	EMG2:98756
EMG1:-3159	EMG2:98128
EMG1:-1034	EMG2:98743
EMG1:-654	EMG2:99150
EMG1:-2272	EMG2:99014
EMG1:-3734	EMG2:98556
EMG1:-1737	EMG2:99821
EMG1:-894	EMG2:99306
EMG1:-952	EMG2:99139
EMG1:-2366	EMG2:99200
EMG1:-3057	EMG2:99471
EMG1:-2079	EMG2:99638
EMG1:-1848	EMG2:98339
EMG1:-763	EMG2:99435
EMG1:-3629	EMG2:97753
EMG1:-4004	EMG2:97753
EMG1:-1026	EMG2:100058
EMG1:-605	EMG2:99328
EMG1:-532	EMG2:99578
EMG1:-3345	EMG2:98286
EMG1:-3276	EMG2:99237
EMG1:-2601	EMG2:98984
EMG1:-1445	EMG2:98656
EMG1:-1166	EMG2:98644
EMG1:-2185	EMG2:99198
EMG1:-3346	EMG2:98971
EMG1:-2212	EMG2:99424
EMG1:-1107	EMG2:99317
EMG1:-1051	EMG2:99123
EMG1:-2492	EMG2:99027
EMG1:-3676	EMG2:98856
EMG1:-2431	EMG2:99230
EMG1:-458	EMG2:99808
EMG1:-801	EMG2:99721
EMG1:-3103	EMG2:98811
EMG1:-5026	EMG2:97225
EMG1:-2122	EMG2:99464
EMG1:-1258	EMG2:98949
EMG1:-491	EMG2:99574
EMG1:-2509	EMG2:98949
EMG1:-3221	EMG2:99283
EMG1:-2523	EMG2:99223
EMG1:-1499	EMG2:98776
EMG1:-1521	EMG2:98427
EMG1:-2457	EMG2:98837
EMG1:-3085	EMG2:99191
EMG1:-2030	EMG2:99472
EMG1:-281	EMG2:99922
EMG1:-233	EMG2:99980
EMG1:-3509	EMG2:98030
EMG1:-4045	EMG2:98081
EMG1:-2470	EMG2:98871
EMG1:-259	EMG2:99898
EMG1:923	EMG2:101363
EMG1:-2339	EMG2:99938
EMG1:-5598	EMG2:96868
EMG1:-2996	EMG2:98519
EMG1:-781	EMG2:99387
EMG1:-1274	EMG2:98633
EMG1:-1873	EMG2:99459
EMG1:-3731	EMG2:98831
EMG1:-2085	EMG2:99596
EMG1:-768	EMG2:99684
EMG1:-1259	EMG2:98988
EMG1:-2273	EMG2:99403
EMG1:-3719	EMG2:98954
EMG1:-2089	EMG2:100054
EMG1:-1773	EMG2:98853
EMG1:-1323	EMG2:98969
EMG1:-2764	EMG2:98792
EMG1:-4092	EMG2:98334
EMG1:-2416	EMG2:99147
EMG1:-736	EMG2:99644
EMG1:-1180	EMG2:98879
EMG1:-2262	EMG2:99195
EMG1:-4739	EMG2:97741
EMG1:-2401	EMG2:99495
EMG1:-839	EMG2:99641
EMG1:-534	EMG2:99817
EMG1:-3134	EMG2:98508
EMG1:-3254	EMG2:99321
EMG1:-1907	EMG2:100167
EMG1:-1252	EMG2:99290
EMG1:-886	EMG2:99344
EMG1:-2330	EMG2:99188
EMG1:-3702	EMG2:98732
EMG1:-2549	EMG2:99118
EMG1:-965	EMG2:99368
EMG1:-897	EMG2:99129
EMG1:-2476	EMG2:98900
EMG1:-3338	EMG2:99174
EMG1:-2991	EMG2:98942
EMG1:-1188	EMG2:99354
EMG1:-888	EMG2:99403
EMG1:-2854	EMG2:98891
EMG1:-4539	EMG2:98121
EMG1:-2347	EMG2:99751
EMG1:-2077	EMG2:98648
EMG1:-789	EMG2:99340
EMG1:-1469	EMG2:100568
EMG1:-4129	EMG2:99044
EMG1:-2831	EMG2:99605
EMG1:-1952	EMG2:98926
EMG1:-1673	EMG2:98538
EMG1:-2801	EMG2:98594
EMG1:-3884	EMG2:98460
EMG1:-2856	EMG2:98908
EMG1:-1121	EMG2:99105
EMG1:-1332	EMG2:98389
EMG1:-2879	EMG2:98084
EMG1:-3636	EMG2:98329
EMG1:-2787	EMG2:98743
EMG1:-680	EMG2:99510
EMG1:-974	EMG2:98936
EMG1:-2199	EMG2:99141
EMG1:-3474	EMG2:99094
EMG1:-2271	EMG2:99967
EMG1:-1393	EMG2:99595
EMG1:-992	EMG2:99531
EMG1:-2136	EMG2:99612
EMG1:-2714	EMG2:100614
EMG1:-5412	EMG2:97361
EMG1:-373	EMG2:100354
EMG1:-1293	EMG2:99249
EMG1:-3012	EMG2:98783
EMG1:-4301	EMG2:98464
EMG1:-3229	EMG2:98831
EMG1:-1174	EMG2:99468
EMG1:-1225	EMG2:98947
EMG1:-2757	EMG2:98665
EMG1:-3660	EMG2:98757
EMG1:-2851	EMG2:99208
EMG1:-1479	EMG2:99073
EMG1:-518	EMG2:99658
EMG1:-2637	EMG2:98771
EMG1:-3971	EMG2:98582
EMG1:-2637	EMG2:99286
EMG1:-811	EMG2:100030
EMG1:-1446	EMG2:98834
EMG1:-3132	EMG2:98241
EMG1:-4066	EMG2:98228
EMG1:-3064	EMG2:98744
EMG1:-907	EMG2:99433
EMG1:-1011	EMG2:98853
EMG1:-1736	EMG2:99513
EMG1:-4447	EMG2:97659
EMG1:-2111	EMG2:99708
EMG1:-586	EMG2:99886
EMG1:-1436	EMG2:98475
EMG1:-2477	EMG2:98466
EMG1:-3317	EMG2:98712
EMG1:-2571	EMG2:99021
EMG1:-639	EMG2:99699
EMG1:-231	EMG2:99763
EMG1:-2957	EMG2:98246
EMG1:-4191	EMG2:97761
EMG1:-2774	EMG2:98591
EMG1:-1137	EMG2:98807
EMG1:-437	EMG2:99126
EMG1:-2264	EMG2:98490
EMG1:-3576	EMG2:98191
EMG1:-2966	EMG2:98398
EMG1:-793	EMG2:99108
EMG1:-627	EMG2:98756
EMG1:-2229	EMG2:98419
EMG1:-2262	EMG2:99738
EMG1:-3031	EMG2:98901
EMG1:-1426	EMG2:98943
EMG1:-877	EMG2:98760
EMG1:-2196	EMG2:98601
EMG1:-3308	EMG2:98623
EMG1:-2054	EMG2:99724
EMG1:881	EMG2:101752
EMG1:-2252	EMG2:97807
EMG1:-2614	EMG2:98109
EMG1:-3647	EMG2:98069
EMG1:-2385	EMG2:99222
EMG1:-24	EMG2:100281
EMG1:-409	EMG2:99679
EMG1:-2593	EMG2:98614
EMG1:-3799	EMG2:98471
EMG1:-3056	EMG2:98928
EMG1:-1291	EMG2:99331
EMG1:-909	EMG2:99081
EMG1:-2233	EMG2:99043
EMG1:-3413	EMG2:98858
EMG1:-2889	EMG2:99117
EMG1:-1217	EMG2:99319
EMG1:-657	EMG2:99202
EMG1:-2211	EMG2:98854
EMG1:-3074	EMG2:99130
EMG1:-2518	EMG2:99545
EMG1:-123	EMG2:100739
EMG1:-1306	EMG2:99169
EMG1:-2193	EMG2:99100
EMG1:-4022	EMG2:98537
EMG1:-3250	EMG2:98708
EMG1:-386	EMG2:100370
EMG1:223	EMG2:100541
EMG1:-1731	EMG2:100249
EMG1:-5592	EMG2:97296
EMG1:-3515	EMG2:98448
EMG1:-1312	EMG2:99193
EMG1:-751	EMG2:99125
EMG1:-2042	EMG2:98905
EMG1:-3298	EMG2:98783
EMG1:-3159	EMG2:98622
EMG1:-1129	EMG2:99219
EMG1:-675	EMG2:99094
EMG1:-1996	EMG2:98807
EMG1:-3411	EMG2:98645
EMG1:-2869	EMG2:99033
EMG1:-1571	EMG2:98932
EMG1:-521	EMG2:99353
EMG1:-2022	EMG2:98861
EMG1:-3383	EMG2:98691
EMG1:-2292	EMG2:99783
EMG1:-1201	EMG2:99604
EMG1:-591	EMG2:99343
EMG1:-2155	EMG2:98714
EMG1:-2882	EMG2:99179
EMG1:-3411	EMG2:98392
EMG1:-479	EMG2:100006
EMG1:-549	EMG2:99193
EMG1:-1398	EMG2:99447
EMG1:-3113	EMG2:99077
EMG1:-3191	EMG2:98684
EMG1:-1146	EMG2:99138
EMG1:-567	EMG2:99023
EMG1:-1811	EMG2:98766
EMG1:-3086	EMG2:98756
EMG1:-2337	EMG2:99418
EMG1:-770	EMG2:99704
EMG1:806	EMG2:101055
EMG1:-3334	EMG2:97993
EMG1:-3611	EMG2:98503
EMG1:-2458	EMG2:99408
EMG1:-404	EMG2:100342
EMG1:-1191	EMG2:98783
EMG1:-2404	EMG2:98471
EMG1:-2984	EMG2:98975
EMG1:-1926	EMG2:100118
EMG1:515	EMG2:101746
EMG1:-824	EMG2:100168
EMG1:-4713	EMG2:96779
EMG1:-3973	EMG2:98109
EMG1:-3305	EMG2:98459
EMG1:-930	EMG2:99489
EMG1:-217	EMG2:99689
EMG1:-2779	EMG2:97896
EMG1:-3126	EMG2:98524
EMG1:-2268	EMG2:99529
EMG1:-2187	EMG2:98181
EMG1:-760	EMG2:98622
EMG1:-1957	EMG2:98526
EMG1:-3196	EMG2:98665
EMG1:-2402	EMG2:99439
EMG1:-1305	EMG2:99278
EMG1:-794	EMG2:99016
EMG1:-1863	EMG2:98671
EMG1:-2917	EMG2:98886
EMG1:-2752	EMG2:99056
EMG1:-854	EMG2:99666
EMG1:-710	EMG2:99248
EMG1:-1481	EMG2:99438
EMG1:-2726	EMG2:99596
EMG1:-4130	EMG2:98180
EMG1:-901	EMG2:99820
EMG1:119	EMG2:100707
EMG1:-2253	EMG2:99433
EMG1:-4252	EMG2:98462
EMG1:-3376	EMG2:99073
EMG1:-2414	EMG2:98458
EMG1:-1373	EMG2:98375
EMG1:-2220	EMG2:98424
EMG1:-3197	EMG2:98399
EMG1:-2641	EMG2:98988
EMG1:-994	EMG2:99467
EMG1:-909	EMG2:98938
EMG1:-1752	EMG2:98829
EMG1:-2706	EMG2:99253
EMG1:-2827	EMG2:99231
EMG1:-1568	EMG2:99316
EMG1:-574	EMG2:99707
EMG1:-1684	EMG2:99450
EMG1:-3479	EMG2:99047
EMG1:-3454	EMG2:98897
EMG1:-1777	EMG2:98983
EMG1:-787	EMG2:99194
EMG1:-2094	EMG2:98604
EMG1:-3281	EMG2:98514
EMG1:-2917	EMG2:98871
EMG1:-1360	EMG2:99321
EMG1:-1184	EMG2:98762
EMG1:-2416	EMG2:98143
EMG1:-3819	EMG2:97803
EMG1:-3429	EMG2:97900
EMG1:-1583	EMG2:98549
EMG1:-797	EMG2:98695
EMG1:-2272	EMG2:97963
EMG1:-3304	EMG2:98136
EMG1:-2489	EMG2:98947
EMG1:-1172	EMG2:99232
EMG1:-387	EMG2:99392
EMG1:-1705	EMG2:99023
EMG1:-2682	EMG2:99309
EMG1:-3416	EMG2:98594
EMG1:-2222	EMG2:98087
EMG1:253	EMG2:100203
EMG1:-1981	EMG2:98609
EMG1:-2578	EMG2:99356
EMG1:-3040	EMG2:99252
EMG1:-2429	EMG2:98389
EMG1:-1591	EMG2:98248
EMG1:-2552	EMG2:97726
EMG1:-2719	EMG2:98666
EMG1:-2018	EMG2:99764
EMG1:-2020	EMG2:98647
EMG1:-479	EMG2:99418
EMG1:-2246	EMG2:98721
EMG1:-3456	EMG2:98396
EMG1:-3454	EMG2:98288
EMG1:-1491	EMG2:98864
EMG1:-681	EMG2:98923
EMG1:-1554	EMG2:98739
EMG1:-3221	EMG2:98202
EMG1:-2675	EMG2:98823
EMG1:-1349	EMG2:99133
EMG1:-871	EMG2:98762
EMG1:-2287	EMG2:97987
EMG1:-3099	EMG2:98306
EMG1:-2890	EMG2:98556
EMG1:-1594	EMG2:98815
EMG1:-1193	EMG2:98350
EMG1:-1187	EMG2:99174
EMG1:-3569	EMG2:98126
EMG1:-3570	EMG2:98084
EMG1:-951	EMG2:99718
EMG1:-1047	EMG2:98994
EMG1:-1916	EMG2:98604
EMG1:-3339	EMG2:98323
EMG1:-3241	EMG2:98496
EMG1:-1366	EMG2:99311
EMG1:-1074	EMG2:98916
EMG1:-2142	EMG2:98621
EMG1:-3766	EMG2:98084
EMG1:-3277	EMG2:98575
EMG1:-1672	EMG2:98983
EMG1:-1124	EMG2:98920
EMG1:-2337	EMG2:98285
EMG1:-3263	EMG2:98398
EMG1:-3046	EMG2:98735
EMG1:-1603	EMG2:99041
EMG1:-954	EMG2:99007
EMG1:-1939	EMG2:98720
EMG1:-3440	EMG2:98357
EMG1:-3142	EMG2:98791
EMG1:-1868	EMG2:99059
EMG1:-1442	EMG2:98601
EMG1:-1706	EMG2:98969
EMG1:-3091	EMG2:98457
EMG1:-2282	EMG2:99332
EMG1:-713	EMG2:100238
EMG1:-256	EMG2:100119
EMG1:-1827	EMG2:99239
EMG1:-3445	EMG2:98547
EMG1:-2967	EMG2:99134
EMG1:-1711	EMG2:99389
EMG1:-1041	EMG2:99153
EMG1:-1388	EMG2:99450
EMG1:-3605	EMG2:98414
EMG1:-2974	EMG2:99015
EMG1:-1281	EMG2:99523
EMG1:-669	EMG2:99389
EMG1:-1446	EMG2:99246
EMG1:-3031	EMG2:98771
EMG1:-2939	EMG2:99069
EMG1:-1658	EMG2:99304
EMG1:-1032	EMG2:99137
EMG1:-1908	EMG2:98914
EMG1:-3781	EMG2:97875
EMG1:-2694	EMG2:99168
EMG1:-1736	EMG2:99190
EMG1:-1012	EMG2:98983
EMG1:-2068	EMG2:98459
EMG1:-2678	EMG2:99139
EMG1:-3261	EMG2:98912
EMG1:-1757	EMG2:99589
EMG1:-974	EMG2:99745
EMG1:-2304	EMG2:98875
EMG1:-3512	EMG2:98609
EMG1:-3394	EMG2:98813
EMG1:-1719	EMG2:99323
EMG1:-872	EMG2:99493
EMG1:-1802	EMG2:99140
EMG1:-3313	EMG2:98795
EMG1:-3404	EMG2:98738
EMG1:-1859	EMG2:99188
EMG1:-905	EMG2:99400
EMG1:-1916	EMG2:98910
EMG1:-3184	EMG2:98668
EMG1:-3087	EMG2:98951
EMG1:-1457	EMG2:99574
EMG1:-1212	EMG2:98856
EMG1:-2124	EMG2:98321
EMG1:-2559	EMG2:99049
EMG1:-2717	EMG2:99132
EMG1:-1524	EMG2:99439
EMG1:-929	EMG2:99274
EMG1:-2003	EMG2:98689
EMG1:-3227	EMG2:98587
EMG1:-2694	EMG2:99404
EMG1:-1807	EMG2:99413
EMG1:-1302	EMG2:99057
EMG1:-1205	EMG2:99603
EMG1:-3642	EMG2:98314
EMG1:-3441	EMG2:98712
EMG1:-1801	EMG2:99307
EMG1:-1126	EMG2:99267
EMG1:-1694	EMG2:99179
EMG1:-3107	EMG2:98871
EMG1:-3389	EMG2:98693
EMG1:-1731	EMG2:99244
EMG1:-904	EMG2:99284
EMG1:-1905	EMG2:98821
EMG1:-3239	EMG2:98548
EMG1:-2917	EMG2:99188
EMG1:-1667	EMG2:99411
EMG1:-881	EMG2:99373
EMG1:-1458	EMG2:99089
EMG1:-3370	EMG2:98177
EMG1:-3271	EMG2:98529
EMG1:-1347	EMG2:99518
EMG1:-762	EMG2:99271
EMG1:-1572	EMG2:98870
EMG1:-2286	EMG2:99551
EMG1:-3393	EMG2:98751
EMG1:-1506	EMG2:99603
EMG1:-599	EMG2:99594
EMG1:-1735	EMG2:98851
EMG1:-3096	EMG2:98489
EMG1:-3068	EMG2:98712
EMG1:-1355	EMG2:99449
EMG1:-707	EMG2:99367
EMG1:-1303	EMG2:99128
EMG1:-2799	EMG2:98593
EMG1:-2728	EMG2:99096
EMG1:-1370	EMG2:99431
EMG1:-616	EMG2:99303
EMG1:-1112	EMG2:99076
EMG1:-2649	EMG2:98681
EMG1:-2597	EMG2:99106
EMG1:-1305	EMG2:99398
EMG1:-290	EMG2:99705
EMG1:-1969	EMG2:98365
EMG1:-2516	EMG2:98867
EMG1:-3329	EMG2:98278
EMG1:-616	EMG2:100098
EMG1:-659	EMG2:99464
EMG1:-1351	EMG2:99238
EMG1:-3211	EMG2:98403
EMG1:-3102	EMG2:98798
EMG1:-781	EMG2:100496
EMG1:-1347	EMG2:99158
EMG1:-1984	EMG2:98830
EMG1:-3023	EMG2:98964
EMG1:-3622	EMG2:98734
EMG1:-1900	EMG2:99254
EMG1:-1067	EMG2:99132
EMG1:-1557	EMG2:98817
EMG1:-2850	EMG2:98574
EMG1:-3172	EMG2:98503
EMG1:-1767	EMG2:98776
EMG1:-800	EMG2:98834
EMG1:-1704	EMG2:98263
EMG1:-3187	EMG2:97805
EMG1:-3199	EMG2:97997
EMG1:-1466	EMG2:98753
EMG1:-196	EMG2:99244
EMG1:-1431	EMG2:98336
EMG1:-2640	EMG2:98368
EMG1:-2379	EMG2:99074
EMG1:-730	EMG2:100093
EMG1:-304	EMG2:99855
EMG1:-1509	EMG2:98989
EMG1:-3192	EMG2:98358
EMG1:-3237	EMG2:98554
EMG1:-1320	EMG2:99625
EMG1:-342	EMG2:99886
EMG1:-1827	EMG2:98782
EMG1:-2903	EMG2:98567
EMG1:-3107	EMG2:98774
EMG1:-2147	EMG2:98675
EMG1:-735	EMG2:99097
EMG1:-878	EMG2:99305
EMG1:-2702	EMG2:98623
EMG1:-3027	EMG2:98714
EMG1:-1612	EMG2:99044
EMG1:-612	EMG2:99238
EMG1:-1499	EMG2:98661
EMG1:-3224	EMG2:97974
EMG1:-3162	EMG2:98232
EMG1:-869	EMG2:99933
EMG1:-872	EMG2:99116
EMG1:-1290	EMG2:98888
EMG1:-3366	EMG2:97851
EMG1:-3162	EMG2:98308
EMG1:-1252	EMG2:99406
EMG1:-514	EMG2:99145
EMG1:-1078	EMG2:98848
EMG1:-2372	EMG2:98658
EMG1:-2978	EMG2:98554
EMG1:-1322	EMG2:99259
EMG1:-893	EMG2:98703
EMG1:-896	EMG2:98851
EMG1:-2844	EMG2:98063
EMG1:-3019	EMG2:98448
EMG1:-1316	EMG2:99389
EMG1:-407	EMG2:99601
EMG1:-1582	EMG2:98746
EMG1:-3394	EMG2:98021
EMG1:-3699	EMG2:97992
EMG1:-1851	EMG2:98631
EMG1:-459	EMG2:99193
EMG1:-1572	EMG2:98159
EMG1:-2947	EMG2:97928
EMG1:-2849	EMG2:98623
EMG1:-1474	EMG2:98934
EMG1:-637	EMG2:98948
EMG1:-1771	EMG2:97926
EMG1:-2734	EMG2:98046
EMG1:-2445	EMG2:98842
EMG1:-1311	EMG2:99201
EMG1:-74	EMG2:99737
EMG1:-1492	EMG2:98429
EMG1:-2694	EMG2:98314
EMG1:-2901	EMG2:98556
EMG1:-1326	EMG2:99218
EMG1:-395	EMG2:99421
EMG1:-1344	EMG2:98637
EMG1:-2756	EMG2:98502
EMG1:-3392	EMG2:98236
EMG1:-1124	EMG2:99629
EMG1:-724	EMG2:99191
EMG1:-1169	EMG2:99142
EMG1:-3244	EMG2:98264
EMG1:-3347	EMG2:98554
EMG1:-2029	EMG2:98908
EMG1:-822	EMG2:99206
EMG1:-1594	EMG2:98556
EMG1:-2986	EMG2:98182
EMG1:-2941	EMG2:98673
EMG1:-1766	EMG2:98941
EMG1:-537	EMG2:99273
EMG1:-1136	EMG2:98891
EMG1:-3039	EMG2:97973
EMG1:-3489	EMG2:98120
EMG1:-1756	EMG2:98904
EMG1:-156	EMG2:99656
EMG1:-956	EMG2:99206
EMG1:-2954	EMG2:98356
EMG1:-3817	EMG2:97811
EMG1:-2103	EMG2:98410
EMG1:-226	EMG2:99452
EMG1:-832	EMG2:99034
EMG1:-2897	EMG2:97919
EMG1:-3227	EMG2:98097
EMG1:-1703	EMG2:98733
EMG1:-237	EMG2:99450
EMG1:-814	EMG2:99126
EMG1:-2864	EMG2:98255
EMG1:-3472	EMG2:98216
EMG1:-1722	EMG2:99162
EMG1:-897	EMG2:99253
EMG1:-1491	EMG2:98630
EMG1:-3179	EMG2:98121
EMG1:-3041	EMG2:98735
EMG1:-1586	EMG2:99476
EMG1:-876	EMG2:99398
EMG1:-1092	EMG2:99389
EMG1:-2969	EMG2:98620
EMG1:-3534	EMG2:98396
EMG1:-2156	EMG2:98850
EMG1:-871	EMG2:99200
EMG1:-1556	EMG2:98480
EMG1:-2476	EMG2:98511
EMG1:-2716	EMG2:99044
EMG1:-1810	EMG2:99157
EMG1:-493	EMG2:99548
EMG1:-1340	EMG2:98841
EMG1:-2996	EMG2:98247
EMG1:-3321	EMG2:98337
EMG1:-1445	EMG2:99469
EMG1:-644	EMG2:99374
EMG1:-989	EMG2:99110
EMG1:-2748	EMG2:98496
EMG1:-3087	EMG2:98701
EMG1:-1969	EMG2:99036
EMG1:-416	EMG2:99671
EMG1:-1079	EMG2:99156
EMG1:-3033	EMG2:98193
EMG1:-2867	EMG2:98931
EMG1:-1464	EMG2:99553
EMG1:-409	EMG2:99769
EMG1:-991	EMG2:99306
EMG1:-2637	EMG2:98676
EMG1:-3138	EMG2:98907
EMG1:-2621	EMG2:98224
EMG1:212	EMG2:100148
EMG1:-1099	EMG2:99170
EMG1:-2894	EMG2:98486
EMG1:-3046	EMG2:98899
EMG1:-2121	EMG2:99083
EMG1:-629	EMG2:99671
EMG1:-1336	EMG2:98981
EMG1:-2407	EMG2:98846
EMG1:-2871	EMG2:98940
EMG1:-1754	EMG2:99334
EMG1:-629	EMG2:99477
EMG1:-1077	EMG2:98997
EMG1:-2849	EMG2:98239
EMG1:-2475	EMG2:99286
EMG1:-1700	EMG2:99492
EMG1:-526	EMG2:99781
EMG1:-1396	EMG2:99001
EMG1:-2891	EMG2:98251
EMG1:-3011	EMG2:98764
EMG1:-1812	EMG2:99224
EMG1:-675	EMG2:99294
EMG1:-939	EMG2:99053
EMG1:-2766	EMG2:98291
EMG1:-2942	EMG2:98629
EMG1:-1866	EMG2:98866
EMG1:-335	EMG2:99267
EMG1:-793	EMG2:98909
EMG1:-2198	EMG2:98620
EMG1:-3409	EMG2:98161
EMG1:-1876	EMG2:98994
EMG1:-576	EMG2:99409
EMG1:-897	EMG2:99084
EMG1:-2369	EMG2:98656
EMG1:-3521	EMG2:98183
EMG1:-1909	EMG2:99029
EMG1:-1094	EMG2:98943
EMG1:-1282	EMG2:98416
EMG1:-1989	EMG2:98951
EMG1:-3212	EMG2:98546
EMG1:-2173	EMG2:98755
EMG1:-550	EMG2:99444
EMG1:-1278	EMG2:98634
EMG1:-2766	EMG2:98233
EMG1:-3117	EMG2:98404
EMG1:-1769	EMG2:99061
EMG1:-176	EMG2:99662
EMG1:-942	EMG2:98807
EMG1:-2374	EMG2:98484
EMG1:-2826	EMG2:98711
EMG1:-1698	EMG2:99178
EMG1:-1003	EMG2:98794
EMG1:-1119	EMG2:98607
EMG1:-2442	EMG2:98294
EMG1:-3106	EMG2:98304
EMG1:-1741	EMG2:99070
EMG1:-1003	EMG2:98698
EMG1:-1320	EMG2:98141
EMG1:-2555	EMG2:97871
EMG1:-3332	EMG2:97686
EMG1:-1981	EMG2:98264
EMG1:-878	EMG2:98361
EMG1:-835	EMG2:98202
EMG1:-2509	EMG2:97686
EMG1:-3308	EMG2:97499
EMG1:-716	EMG2:99517
EMG1:242	EMG2:99766
EMG1:-501	EMG2:99053
EMG1:-2159	EMG2:98564
EMG1:-3074	EMG2:98599
EMG1:-1645	EMG2:99487
EMG1:-970	EMG2:99068
EMG1:-314	EMG2:99664
EMG1:-2891	EMG2:98130
EMG1:-3324	EMG2:98243
EMG1:-2489	EMG2:98375
EMG1:-626	EMG2:99030
EMG1:-729	EMG2:98977
EMG1:-2379	EMG2:98302
EMG1:-3056	EMG2:98272
EMG1:-1700	EMG2:99124
EMG1:-602	EMG2:99266
EMG1:-932	EMG2:98896
EMG1:-2496	EMG2:98279
EMG1:-3254	EMG2:98457
EMG1:-2394	EMG2:98616
EMG1:-972	EMG2:98952
EMG1:-1001	EMG2:98706
EMG1:-2586	EMG2:98178
EMG1:-2964	EMG2:98421
EMG1:-2356	EMG2:98470
EMG1:-890	EMG2:98961
EMG1:-1001	EMG2:98756
EMG1:-2792	EMG2:98048
EMG1:-3031	EMG2:98522
EMG1:-3171	EMG2:97600
EMG1:-1018	EMG2:98305
EMG1:-839	EMG2:98509
EMG1:-2654	EMG2:97723
EMG1:-3527	EMG2:97445
EMG1:-2167	EMG2:98323
EMG1:-1189	EMG2:98086
EMG1:-728	EMG2:98216
EMG1:-2428	EMG2:97541
EMG1:-3243	EMG2:97496
EMG1:-2524	EMG2:97679
EMG1:-846	EMG2:98093
EMG1:-434	EMG2:98493
EMG1:-2539	EMG2:97579
EMG1:-3645	EMG2:97086
EMG1:-2454	EMG2:97928
EMG1:-1485	EMG2:97673
EMG1:-66	EMG2:99158
EMG1:-2514	EMG2:97932
EMG1:-3437	EMG2:97676
EMG1:-2404	EMG2:98102
EMG1:-1115	EMG2:98219
EMG1:-846	EMG2:98160
EMG1:-2159	EMG2:97896
EMG1:-3262	EMG2:97711
EMG1:-2132	EMG2:98219
EMG1:110	EMG2:99615
EMG1:-557	EMG2:99095
EMG1:-3194	EMG2:97442
EMG1:-3421	EMG2:97830
EMG1:-2023	EMG2:98612
EMG1:-1009	EMG2:98489
EMG1:-725	EMG2:98461
EMG1:-2079	EMG2:98191
EMG1:-3093	EMG2:97966
EMG1:-2298	EMG2:98311
EMG1:-532	EMG2:99078
EMG1:-562	EMG2:99024
EMG1:-2442	EMG2:98202
EMG1:-3059	EMG2:98418
EMG1:-2239	EMG2:98815
EMG1:-1181	EMG2:98591
EMG1:-701	EMG2:98843
EMG1:-2396	EMG2:98003
EMG1:-2837	EMG2:98249
EMG1:-1331	EMG2:99644
EMG1:-158	EMG2:100246
EMG1:-2082	EMG2:97947
EMG1:-2200	EMG2:98579
EMG1:-3787	EMG2:97709
EMG1:-2854	EMG2:98154
EMG1:-553	EMG2:99311
EMG1:-1186	EMG2:98481
EMG1:-2727	EMG2:97806
EMG1:-3016	EMG2:98371
EMG1:-2089	EMG2:99137
EMG1:-741	EMG2:99396
EMG1:-848	EMG2:98953
EMG1:-2816	EMG2:98019
EMG1:-3456	EMG2:98199
EMG1:-2384	EMG2:98776
EMG1:-815	EMG2:99259
EMG1:-867	EMG2:98926
EMG1:-2736	EMG2:98124
EMG1:-3491	EMG2:98051
EMG1:-2914	EMG2:98266
EMG1:-1294	EMG2:98666
EMG1:-1104	EMG2:98287
EMG1:-1701	EMG2:98839
EMG1:-3034	EMG2:98531
EMG1:-2351	EMG2:98819
EMG1:-1172	EMG2:98971
EMG1:-623	EMG2:99099
EMG1:-2110	EMG2:98616
EMG1:-3654	EMG2:97926
EMG1:-2281	EMG2:98856
EMG1:-1037	EMG2:99028
EMG1:-1037	EMG2:98688
EMG1:-2700	EMG2:97914
EMG1:-3312	EMG2:97973
EMG1:-2995	EMG2:97896
EMG1:-370	EMG2:99376
EMG1:-722	EMG2:98894
EMG1:-2551	EMG2:97987
EMG1:-3029	EMG2:98343
EMG1:-2380	EMG2:98738
EMG1:-556	EMG2:99712
EMG1:-1624	EMG2:97968
EMG1:-2479	EMG2:97865
EMG1:-2784	EMG2:98426
EMG1:-1613	EMG2:99503
EMG1:364	EMG2:100834
EMG1:-749	EMG2:99448
EMG1:-3643	EMG2:97236
EMG1:-3506	EMG2:97886
EMG1:-2376	EMG2:98681
EMG1:-1454	EMG2:98461
EMG1:-1654	EMG2:97594
EMG1:-2643	EMG2:97333
EMG1:-3379	EMG2:97509
EMG1:-2722	EMG2:97540
EMG1:-288	EMG2:99000
EMG1:-379	EMG2:98610
EMG1:-1677	EMG2:98654
EMG1:-2623	EMG2:98981
EMG1:-3397	EMG2:97688
EMG1:-1514	EMG2:98032
EMG1:-876	EMG2:98198
EMG1:-2087	EMG2:98031
EMG1:-2921	EMG2:98038
EMG1:-1551	EMG2:99258
EMG1:-996	EMG2:98881
EMG1:-1049	EMG2:98163
EMG1:-2099	EMG2:98153
EMG1:-3070	EMG2:97878
EMG1:-1385	EMG2:99597
EMG1:262	EMG2:100658
EMG1:-511	EMG2:99776
EMG1:-3511	EMG2:97588
EMG1:-4722	EMG2:96569
EMG1:-1582	EMG2:99282
EMG1:1061	EMG2:101474
EMG1:-356	EMG2:100211
EMG1:-4836	EMG2:96175
EMG1:-4700	EMG2:96131
EMG1:-3402	EMG2:96718
EMG1:-922	EMG2:97819
EMG1:-296	EMG2:98209
EMG1:-1155	EMG2:98583
EMG1:-2824	EMG2:98084
EMG1:-2707	EMG2:97998
EMG1:-1963	EMG2:97314
EMG1:-743	EMG2:97829
EMG1:-1609	EMG2:98110
EMG1:-2045	EMG2:98776
EMG1:-2144	EMG2:98783
EMG1:533	EMG2:100708
EMG1:-1385	EMG2:98523
EMG1:-4277	EMG2:95735
EMG1:-505	EMG2:100641
EMG1:4579	EMG2:107449
EMG1:6756	EMG2:111521
EMG1:-9085	EMG2:95258
EMG1:-8986	EMG2:92676
EMG1:-5814	EMG2:95062
EMG1:-1333	EMG2:98800
EMG1:4388	EMG2:105001
EMG1:4535	EMG2:107009
EMG1:-3461	EMG2:100871
EMG1:-8640	EMG2:94915
EMG1:-7078	EMG2:94547
EMG1:-4956	EMG2:93763
EMG1:-2392	EMG2:94868
EMG1:-3476	EMG2:94485
EMG1:-2132	EMG2:96493
EMG1:53	EMG2:99607
EMG1:-614	EMG2:98569
EMG1:-1930	EMG2:96233
EMG1:-3616	EMG2:94962
EMG1:-945	EMG2:98541
EMG1:6060	EMG2:107247
EMG1:3648	EMG2:105677
EMG1:-1117	EMG2:101221
EMG1:-547	EMG2:102678
EMG1:-1367	EMG2:103666
EMG1:-3242	EMG2:101933
EMG1:-739	EMG2:103083
EMG1:-3769	EMG2:98770
EMG1:-11191	EMG2:90036
EMG1:-7848	EMG2:91268
EMG1:-3134	EMG2:94709
EMG1:101	EMG2:96563
EMG1:2500	EMG2:99559
EMG1:3358	EMG2:103056
EMG1:-930	EMG2:102153
EMG1:-6241	EMG2:95728
EMG1:-3267	EMG2:96246
EMG1:1473	EMG2:100269
EMG1:779	EMG2:101612
EMG1:-4933	EMG2:97502
EMG1:-5443	EMG2:96031
EMG1:-1602	EMG2:97754
EMG1:-4640	EMG2:93023
EMG1:-1171	EMG2:96393
EMG1:6105	EMG2:107427
EMG1:4426	EMG2:109156
EMG1:-4992	EMG2:99343
EMG1:-10344	EMG2:89834
EMG1:-7730	EMG2:90203
EMG1:-954	EMG2:97754
EMG1:9147	EMG2:111156
EMG1:5609	EMG2:110539
EMG1:-5039	EMG2:99829
EMG1:-10553	EMG2:92256
EMG1:-13438	EMG2:87197
EMG1:-10261	EMG2:86837
EMG1:1703	EMG2:96295
EMG1:8173	EMG2:104878
EMG1:860	EMG2:101286
EMG1:-5961	EMG2:95234
EMG1:-4463	EMG2:95791
EMG1:-4593	EMG2:93442
EMG1:-2735	EMG2:93256
EMG1:751	EMG2:97733
EMG1:2069	EMG2:102232
EMG1:1404	EMG2:103623
EMG1:-4819	EMG2:95644
EMG1:-7331	EMG2:90117
EMG1:-645	EMG2:96528
EMG1:1066	EMG2:101101
EMG1:154	EMG2:101623
EMG1:-251	EMG2:100527
EMG1:575	EMG2:101189
EMG1:-3046	EMG2:98986
EMG1:-7237	EMG2:95245
EMG1:-10176	EMG2:89804
EMG1:-447	EMG2:96682
EMG1:5519	EMG2:103370
EMG1:3563	EMG2:105066
EMG1:-8702	EMG2:92590
EMG1:-7316	EMG2:92539
EMG1:2188	EMG2:100388
EMG1:2700	EMG2:101309
EMG1:-964	EMG2:99175
EMG1:-3833	EMG2:97361
EMG1:-4564	EMG2:96444
EMG1:-2104	EMG2:97410
EMG1:-4219	EMG2:93799
EMG1:-2585	EMG2:95519
EMG1:-2334	EMG2:97239
EMG1:-1124	EMG2:99081
EMG1:-2428	EMG2:96692
EMG1:-1032	EMG2:96778
EMG1:-1864	EMG2:96484
EMG1:1616	EMG2:102389
EMG1:2228	EMG2:104462
EMG1:-2872	EMG2:99506
EMG1:-5506	EMG2:94571
EMG1:-162	EMG2:100781
EMG1:-6839	EMG2:95321
EMG1:-11521	EMG2:88282
EMG1:-2734	EMG2:93781
EMG1:7422	EMG2:104414
EMG1:2282	EMG2:103034
EMG1:-7591	EMG2:94503
EMG1:-7330	EMG2:92397
EMG1:-201	EMG2:97659
EMG1:5432	EMG2:103736
EMG1:3683	EMG2:105723
EMG1:-8364	EMG2:94179
EMG1:-5022	EMG2:96766
EMG1:-4055	EMG2:95314
EMG1:-904	EMG2:96563
EMG1:-3421	EMG2:94664
EMG1:-1884	EMG2:97231
EMG1:7008	EMG2:108530
EMG1:-6579	EMG2:94840
EMG1:-6715	EMG2:90699
EMG1:-2960	EMG2:93671
EMG1:-1395	EMG2:97049
EMG1:6444	EMG2:106609
EMG1:6560	EMG2:109639
EMG1:-5840	EMG2:96223
EMG1:-1959	EMG2:100041
EMG1:-2672	EMG2:101232
EMG1:-5607	EMG2:97103
EMG1:6178	EMG2:109203
EMG1:-5211	EMG2:97098
EMG1:-9529	EMG2:90856
EMG1:-4232	EMG2:95346
EMG1:-2886	EMG2:96890
EMG1:-4948	EMG2:92532
EMG1:-3018	EMG2:92828
EMG1:363	EMG2:97299
EMG1:2368	EMG2:102358
EMG1:2142	EMG2:104189
EMG1:-3025	EMG2:98733
EMG1:-4317	EMG2:94752
EMG1:3427	EMG2:103866
EMG1:1234	EMG2:104659
EMG1:-2117	EMG2:101877
EMG1:-1319	EMG2:102321
EMG1:-5009	EMG2:96151
EMG1:-6512	EMG2:93066
EMG1:-978	EMG2:99288
EMG1:6061	EMG2:109042
EMG1:1924	EMG2:106155
EMG1:-5855	EMG2:96750
EMG1:-12584	EMG2:87048
EMG1:-1511	EMG2:97046
EMG1:-1565	EMG2:98808
EMG1:-951	EMG2:97741
EMG1:2462	EMG2:101219
EMG1:-3413	EMG2:96248
EMG1:-2717	EMG2:98303
EMG1:-4686	EMG2:95931
EMG1:-1886	EMG2:97920
EMG1:-316	EMG2:98172
EMG1:-2107	EMG2:97411
EMG1:-4737	EMG2:96036
EMG1:-2176	EMG2:98459
EMG1:-487	EMG2:99098
EMG1:-4257	EMG2:93593
EMG1:-798	EMG2:96321
EMG1:1688	EMG2:101438
EMG1:2031	EMG2:103751
EMG1:3063	EMG2:105909
EMG1:-4667	EMG2:97086
EMG1:-7376	EMG2:92084
EMG1:-6859	EMG2:92094
EMG1:3531	EMG2:103401
EMG1:1559	EMG2:102381
EMG1:5356	EMG2:106766
EMG1:-6036	EMG2:96723
EMG1:-9187	EMG2:93081
EMG1:-2532	EMG2:98861
EMG1:-1859	EMG2:98761
EMG1:-2957	EMG2:95156
EMG1:-2215	EMG2:95739
EMG1:4509	EMG2:105573
EMG1:-4937	EMG2:97756
EMG1:-1111	EMG2:99886
EMG1:-5860	EMG2:92338
EMG1:-2261	EMG2:95588
EMG1:1638	EMG2:101418
EMG1:-5769	EMG2:94880
EMG1:-2492	EMG2:95535
EMG1:-1307	EMG2:95639
EMG1:-5209	EMG2:91877
EMG1:-5057	EMG2:92186
EMG1:639	EMG2:98307
EMG1:9293	EMG2:109285
EMG1:-2733	EMG2:97644
EMG1:-5364	EMG2:94622
EMG1:-828	EMG2:99980
EMG1:-1433	EMG2:100134
EMG1:-8796	EMG2:91068
EMG1:1251	EMG2:99094
EMG1:-351	EMG2:99096
EMG1:-2050	EMG2:98723
EMG1:-3397	EMG2:98938
EMG1:-5497	EMG2:94457
EMG1:-242	EMG2:97838
EMG1:-3221	EMG2:95095
EMG1:3057	EMG2:103546
EMG1:-3816	EMG2:97718
EMG1:-1570	EMG2:99021
EMG1:-6006	EMG2:92391
EMG1:-3129	EMG2:94483
EMG1:-1024	EMG2:97479
EMG1:216	EMG2:100468
EMG1:-4979	EMG2:94506
EMG1:-2680	EMG2:94288
EMG1:4114	EMG2:102625
EMG1:-7872	EMG2:92812
EMG1:-6522	EMG2:92989
EMG1:4673	EMG2:103224
EMG1:-1819	EMG2:97209
EMG1:-624	EMG2:98136
EMG1:2061	EMG2:103796
EMG1:3180	EMG2:108599
EMG1:-14223	EMG2:86574
EMG1:128	EMG2:98016
EMG1:-3853	EMG2:95488
EMG1:-6217	EMG2:92804
EMG1:-7727	EMG2:90053
EMG1:-3473	EMG2:92076
EMG1:1484	EMG2:96114
EMG1:5725	EMG2:102927
EMG1:1493	EMG2:100874
EMG1:-5097	EMG2:96234
EMG1:-1423	EMG2:98008
EMG1:7351	EMG2:107103
EMG1:-4314	EMG2:96485
EMG1:-362	EMG2:100729
EMG1:-10711	EMG2:91515
EMG1:-5593	EMG2:91071
EMG1:1934	EMG2:97738
EMG1:-999	EMG2:96263
EMG1:-5512	EMG2:92141
EMG1:66	EMG2:99426
EMG1:-3445	EMG2:95169
EMG1:-1746	EMG2:95396
EMG1:1516	EMG2:99039
EMG1:-294	EMG2:99171
EMG1:-2881	EMG2:97806
EMG1:-3630	EMG2:95994
EMG1:-5474	EMG2:92176
EMG1:-2401	EMG2:94991
EMG1:-5502	EMG2:93048
EMG1:511	EMG2:99580
EMG1:2014	EMG2:101309
EMG1:-4367	EMG2:92776
EMG1:-5441	EMG2:90468
EMG1:-4154	EMG2:91833
EMG1:2498	EMG2:99481
EMG1:8839	EMG2:107720
EMG1:-2991	EMG2:97044
EMG1:-9319	EMG2:89547
EMG1:5888	EMG2:105740
EMG1:-12992	EMG2:87261
EMG1:-4516	EMG2:91660
EMG1:-218	EMG2:94721
EMG1:1264	EMG2:97572
EMG1:-2743	EMG2:95985
EMG1:4141	EMG2:104554
EMG1:-1043	EMG2:99442
EMG1:-3837	EMG2:96144
EMG1:-5851	EMG2:92158
EMG1:2714	EMG2:101962
EMG1:-2612	EMG2:97990
EMG1:-5379	EMG2:94226
EMG1:-7132	EMG2:88690
EMG1:5907	EMG2:101478
EMG1:-8259	EMG2:89602
EMG1:-3988	EMG2:92946
EMG1:4474	EMG2:100576
EMG1:1354	EMG2:100068
EMG1:705	EMG2:99093
EMG1:-5002	EMG2:94870
EMG1:-414	EMG2:100355
EMG1:-10289	EMG2:88581
EMG1:-3371	EMG2:91770
EMG1:-217	EMG2:95505
EMG1:-2874	EMG2:93737
EMG1:-65	EMG2:97679
EMG1:2368	EMG2:101129
EMG1:1219	EMG2:99919
EMG1:-4914	EMG2:93846
EMG1:-3168	EMG2:96736
EMG1:-4682	EMG2:95153
EMG1:-3810	EMG2:94593
EMG1:1614	EMG2:98469
EMG1:5961	EMG2:105850
EMG1:-8382	EMG2:93513
EMG1:-6479	EMG2:94277
EMG1:4108	EMG2:104409
EMG1:-5611	EMG2:94192
EMG1:-7064	EMG2:90673
EMG1:-3764	EMG2:93615
EMG1:5837	EMG2:106312
EMG1:-7680	EMG2:91221
EMG1:-172	EMG2:95969
EMG1:-569	EMG2:96534
EMG1:-682	EMG2:98835
EMG1:-3273	EMG2:96673
EMG1:-3656	EMG2:95896
EMG1:866	EMG2:98973
EMG1:-5063	EMG2:92626
EMG1:-2745	EMG2:95631
EMG1:-3565	EMG2:95260
EMG1:-681	EMG2:98306
EMG1:-1002	EMG2:96646
EMG1:-3031	EMG2:94373
EMG1:-86	EMG2:98748
EMG1:3038	EMG2:104556
EMG1:-5047	EMG2:96517
EMG1:-1061	EMG2:98403
EMG1:-5481	EMG2:93712
EMG1:-3952	EMG2:95396
EMG1:-4351	EMG2:94768
EMG1:1324	EMG2:100449
EMG1:-3676	EMG2:94578
EMG1:231	EMG2:98417
EMG1:-5883	EMG2:93169
EMG1:-540	EMG2:99296
EMG1:-1001	EMG2:98713
EMG1:-4219	EMG2:93008
EMG1:-2797	EMG2:94127
EMG1:-2266	EMG2:96397
EMG1:1403	EMG2:101411
EMG1:-3720	EMG2:96336
EMG1:-6158	EMG2:91256
EMG1:2727	EMG2:100527
EMG1:-3764	EMG2:95683
EMG1:-826	EMG2:99607
EMG1:-1277	EMG2:98356
EMG1:1216	EMG2:100804
EMG1:3931	EMG2:104719
EMG1:-11099	EMG2:89904
EMG1:-1512	EMG2:98318
EMG1:-4307	EMG2:95358
EMG1:-4672	EMG2:92695
EMG1:-639	EMG2:96610
EMG1:-3226	EMG2:95718
EMG1:-49	EMG2:99808
EMG1:-3175	EMG2:96187
EMG1:-1468	EMG2:96048
EMG1:-1467	EMG2:96402
EMG1:-1504	EMG2:98069
EMG1:1296	EMG2:102647
EMG1:-3081	EMG2:98335
EMG1:361	EMG2:100426
EMG1:-4931	EMG2:94475
EMG1:-7792	EMG2:91418
EMG1:-3823	EMG2:95063
EMG1:1298	EMG2:99316
EMG1:764	EMG2:99340
EMG1:2654	EMG2:102181
EMG1:-346	EMG2:101316
EMG1:-6189	EMG2:95316
EMG1:-1471	EMG2:99449
EMG1:-2541	EMG2:96007
EMG1:-1211	EMG2:97211
EMG1:-349	EMG2:99551
EMG1:-3845	EMG2:97293
EMG1:2303	EMG2:103489
EMG1:-3572	EMG2:95646
EMG1:-2778	EMG2:96236
EMG1:-2689	EMG2:97704
EMG1:-5673	EMG2:95020
EMG1:-3798	EMG2:94975
EMG1:-3787	EMG2:92730
EMG1:-1721	EMG2:93931
EMG1:-1547	EMG2:95968
EMG1:602	EMG2:99669
EMG1:3183	EMG2:103409
EMG1:-5541	EMG2:92011
EMG1:-2124	EMG2:94842
EMG1:-549	EMG2:97945
EMG1:4078	EMG2:105363
EMG1:-8397	EMG2:91904
EMG1:-3806	EMG2:92817
EMG1:6929	EMG2:104948
EMG1:-4274	EMG2:96279
EMG1:-5926	EMG2:94163
EMG1:-552	EMG2:98178
EMG1:1356	EMG2:99727
EMG1:-634	EMG2:98390
EMG1:-1473	EMG2:99422
EMG1:-4727	EMG2:96282
EMG1:-1221	EMG2:98989
EMG1:-877	EMG2:97971
EMG1:-931	EMG2:97448
EMG1:-2736	EMG2:97256
EMG1:-3296	EMG2:97959
EMG1:-624	EMG2:99266
EMG1:-814	EMG2:98653
EMG1:-3150	EMG2:95647
EMG1:-6197	EMG2:92617
EMG1:-2031	EMG2:97356
EMG1:-1977	EMG2:96421
EMG1:-327	EMG2:97103
EMG1:1828	EMG2:100047
EMG1:-679	EMG2:101146
EMG1:-8070	EMG2:94106
EMG1:-3594	EMG2:95985
EMG1:-2063	EMG2:96202
EMG1:1136	EMG2:99627
EMG1:261	EMG2:101022
EMG1:-4881	EMG2:96299
EMG1:-1716	EMG2:98065
EMG1:-358	EMG2:98338
EMG1:-781	EMG2:98476
EMG1:-5541	EMG2:94470
EMG1:-3789	EMG2:96276
EMG1:-3182	EMG2:95480
EMG1:-405	EMG2:96994
EMG1:296	EMG2:97947
EMG1:-2072	EMG2:97300
EMG1:-1087	EMG2:99578
EMG1:-2794	EMG2:97474
EMG1:-2396	EMG2:96050
EMG1:-346	EMG2:98009
EMG1:-407	EMG2:99981
EMG1:-4938	EMG2:96793
EMG1:-2776	EMG2:96748
EMG1:-861	EMG2:97387
EMG1:-677	EMG2:97244
EMG1:-2295	EMG2:97330
EMG1:-1276	EMG2:99843
EMG1:-3744	EMG2:96486
EMG1:3036	EMG2:102373
EMG1:49	EMG2:100697
EMG1:-6453	EMG2:94609
EMG1:-5553	EMG2:94971
EMG1:-444	EMG2:99003
EMG1:-750	EMG2:97429
EMG1:-1099	EMG2:97220
EMG1:-779	EMG2:98771
EMG1:-2868	EMG2:98097
EMG1:-2927	EMG2:96803
EMG1:-859	EMG2:97966
EMG1:-2064	EMG2:96342
EMG1:-2877	EMG2:96889
EMG1:-3587	EMG2:97258
EMG1:-5214	EMG2:94483
EMG1:-402	EMG2:97251
EMG1:2343	EMG2:101279
EMG1:-5744	EMG2:94683
EMG1:-4206	EMG2:96597
EMG1:-2877	EMG2:96816
EMG1:-737	EMG2:97519
EMG1:-91	EMG2:98601
EMG1:-2825	EMG2:97616
EMG1:-2032	EMG2:99350
EMG1:-2127	EMG2:98658
EMG1:-144	EMG2:100292
EMG1:-5719	EMG2:94289
EMG1:-2110	EMG2:98551
EMG1:-3176	EMG2:98595
EMG1:-2303	EMG2:98730
EMG1:-1134	EMG2:98380
EMG1:-2376	EMG2:96711
EMG1:-3720	EMG2:96022
EMG1:-3682	EMG2:96298
EMG1:-1089	EMG2:98191
EMG1:-154	EMG2:98338
EMG1:-1617	EMG2:96836
EMG1:-1357	EMG2:98789
EMG1:-507	EMG2:101836
EMG1:-3292	EMG2:98354
EMG1:-2656	EMG2:96864
EMG1:-3319	EMG2:95653
EMG1:-2284	EMG2:97759
EMG1:-4029	EMG2:96665
EMG1:3333	EMG2:104243
EMG1:-6427	EMG2:94178
EMG1:-1127	EMG2:98028
EMG1:-4059	EMG2:96413
EMG1:-4039	EMG2:96761
EMG1:-3663	EMG2:95774
EMG1:-591	EMG2:97447
EMG1:1700	EMG2:100227
EMG1:-212	EMG2:101395
EMG1:-4416	EMG2:98592
EMG1:-2570	EMG2:99148
EMG1:-562	EMG2:100046
EMG1:-3897	EMG2:96093
EMG1:-5504	EMG2:94706
EMG1:-4852	EMG2:95404
EMG1:-497	EMG2:99009
EMG1:-609	EMG2:98426
EMG1:-2872	EMG2:96130
EMG1:-2245	EMG2:97761
EMG1:-2407	EMG2:98919
EMG1:-3164	EMG2:97633
EMG1:388	EMG2:100253
EMG1:-2158	EMG2:97348
EMG1:-2348	EMG2:98216
EMG1:-2229	EMG2:100214
EMG1:-2534	EMG2:99331
EMG1:-1588	EMG2:98600
EMG1:2583	EMG2:103233
EMG1:-2254	EMG2:101004
EMG1:-7176	EMG2:95839
EMG1:-4751	EMG2:97049
EMG1:-4090	EMG2:95594
EMG1:-2433	EMG2:96642
EMG1:-3303	EMG2:96727
EMG1:-4326	EMG2:96373
EMG1:-1095	EMG2:98980
EMG1:-867	EMG2:98819
EMG1:282	EMG2:100163
EMG1:-1742	EMG2:100028
EMG1:-3626	EMG2:98985
EMG1:-1378	EMG2:100839
EMG1:-3029	EMG2:97535
EMG1:-2850	EMG2:97076
EMG1:-3630	EMG2:96883
EMG1:-3611	EMG2:97506
EMG1:124	EMG2:101053
EMG1:2565	EMG2:104031
EMG1:-4456	EMG2:96278
EMG1:-4548	EMG2:96190
EMG1:-3604	EMG2:97886
EMG1:-1543	EMG2:99418
EMG1:348	EMG2:100366
EMG1:-2721	EMG2:97192
EMG1:-4322	EMG2:96419
EMG1:-2345	EMG2:99464
EMG1:-1338	EMG2:100157
EMG1:-2561	EMG2:97026
EMG1:2655	EMG2:102191
EMG1:-4788	EMG2:96604
EMG1:-3534	EMG2:98163
EMG1:-2246	EMG2:98975
EMG1:-3977	EMG2:95380
EMG1:-404	EMG2:98641
EMG1:-2766	EMG2:97890
EMG1:-2144	EMG2:99778
EMG1:-2370	EMG2:99264
EMG1:-4772	EMG2:95326
EMG1:1529	EMG2:101338
EMG1:-2950	EMG2:98783
EMG1:-4352	EMG2:98521
EMG1:955	EMG2:103497
EMG1:-3741	EMG2:97912
EMG1:-1313	EMG2:99271
EMG1:-6502	EMG2:94686
EMG1:-5321	EMG2:95896
EMG1:2312	EMG2:103399
EMG1:-1977	EMG2:97931
EMG1:5938	EMG2:107103
EMG1:-6211	EMG2:97088
EMG1:-6524	EMG2:96549
EMG1:-2222	EMG2:99718
EMG1:-2151	EMG2:98311
EMG1:-3387	EMG2:95659
EMG1:-3142	EMG2:96728
EMG1:-899	EMG2:100443
EMG1:-2850	EMG2:98296
EMG1:-2765	EMG2:96539
EMG1:-296	EMG2:98611
EMG1:-1922	EMG2:98470
EMG1:-4674	EMG2:96713
EMG1:-3004	EMG2:97571
EMG1:617	EMG2:99867
EMG1:30	EMG2:100050
EMG1:-3211	EMG2:98111
EMG1:962	EMG2:104223
EMG1:-4406	EMG2:98591
EMG1:-4633	EMG2:95635
EMG1:593	EMG2:101050
EMG1:-5377	EMG2:96011
EMG1:-2657	EMG2:99776
EMG1:-2403	EMG2:99952
EMG1:-3825	EMG2:96717
EMG1:-1200	EMG2:98381
EMG1:-2512	EMG2:98124
EMG1:-3760	EMG2:97711
EMG1:-1344	EMG2:99622
EMG1:-1108	EMG2:98620
EMG1:-2249	EMG2:96787
EMG1:-2209	EMG2:98083
EMG1:-2367	EMG2:99451
EMG1:-2054	EMG2:99533
EMG1:-534	EMG2:99781
EMG1:-438	EMG2:99687
EMG1:-1909	EMG2:99858
EMG1:-3929	EMG2:98841
EMG1:-1841	EMG2:100280
EMG1:-2632	EMG2:98838
EMG1:-3675	EMG2:96576
EMG1:-1839	EMG2:99362
EMG1:-567	EMG2:102506
EMG1:-4111	EMG2:99149
EMG1:-6247	EMG2:94761
EMG1:-2981	EMG2:96629
EMG1:-2196	EMG2:98274
EMG1:-2921	EMG2:99044
EMG1:-2886	EMG2:98828
EMG1:-2521	EMG2:97694
EMG1:-1120	EMG2:98887
EMG1:-3804	EMG2:97311
EMG1:-3411	EMG2:98765
EMG1:-4392	EMG2:97495
EMG1:-783	EMG2:99356
EMG1:-1486	EMG2:98318
EMG1:-2820	EMG2:98395
EMG1:-4374	EMG2:97456
EMG1:-1389	EMG2:100279
EMG1:921	EMG2:102078
EMG1:-251	EMG2:100989
EMG1:-6266	EMG2:94989
EMG1:-4101	EMG2:97755
EMG1:-2502	EMG2:98837
EMG1:-160	EMG2:99889
EMG1:1764	EMG2:102522
EMG1:-2001	EMG2:100363
EMG1:-5032	EMG2:98214
EMG1:-3834	EMG2:98466
EMG1:-2400	EMG2:98686
EMG1:-4277	EMG2:95491
EMG1:-2986	EMG2:97053
EMG1:-3901	EMG2:97359
EMG1:-1377	EMG2:99630
EMG1:-1952	EMG2:98269
EMG1:-1581	EMG2:98038
EMG1:-2004	EMG2:99203
EMG1:-4746	EMG2:97383
EMG1:-1436	EMG2:100508
EMG1:-241	EMG2:100501
EMG1:324	EMG2:101555
EMG1:-2165	EMG2:101303
EMG1:-6261	EMG2:98136
EMG1:-5071	EMG2:97901
EMG1:-5289	EMG2:95343
EMG1:-3339	EMG2:95923
EMG1:-3528	EMG2:96324
EMG1:-2317	EMG2:98648
EMG1:-2007	EMG2:98966
EMG1:-792	EMG2:99369
EMG1:-690	EMG2:99452
EMG1:-3806	EMG2:97630
EMG1:-5626	EMG2:96441
EMG1:-2600	EMG2:98781
EMG1:-544	EMG2:99736
EMG1:-2818	EMG2:97375
EMG1:-3439	EMG2:97498
EMG1:-3594	EMG2:98868
EMG1:-3742	EMG2:98051
EMG1:-2056	EMG2:97878
EMG1:-866	EMG2:98553
EMG1:-1951	EMG2:98791
EMG1:-2524	EMG2:99739
EMG1:-3040	EMG2:98987
EMG1:-1406	EMG2:99146
EMG1:-1899	EMG2:98573
EMG1:-2162	EMG2:99010
EMG1:-2742	EMG2:100158
EMG1:-6651	EMG2:95648
EMG1:-301	EMG2:100269
EMG1:257	EMG2:100522
EMG1:-4321	EMG2:97358
EMG1:-4482	EMG2:97664
EMG1:-2204	EMG2:100059
EMG1:-2393	EMG2:98409
EMG1:-2024	EMG2:98183
EMG1:-2823	EMG2:98364
EMG1:-4207	EMG2:98325
EMG1:-2674	EMG2:99439
EMG1:-2284	EMG2:98719
EMG1:-2184	EMG2:98164
EMG1:-2872	EMG2:98709
EMG1:-4499	EMG2:97978
EMG1:-3074	EMG2:99272
EMG1:-2512	EMG2:98428
EMG1:-3552	EMG2:96566
EMG1:-2385	EMG2:98461
EMG1:-2496	EMG2:100250
EMG1:-3627	EMG2:99003
EMG1:-1214	EMG2:99847
EMG1:-666	EMG2:100008
EMG1:-2154	EMG2:99868
EMG1:-4984	EMG2:98192
EMG1:-2392	EMG2:100410
EMG1:32	EMG2:102123
EMG1:-3631	EMG2:97686
EMG1:-4612	EMG2:97068
EMG1:-3901	EMG2:98803
EMG1:-2477	EMG2:99974
EMG1:-1019	EMG2:100008
EMG1:-3304	EMG2:96891
EMG1:-2393	EMG2:98468
EMG1:-3586	EMG2:98758
EMG1:-3654	EMG2:98526
EMG1:-1154	EMG2:99871
EMG1:-2055	EMG2:98507
EMG1:-3396	EMG2:97951
EMG1:-1727	EMG2:100931
EMG1:-3584	EMG2:99258
EMG1:-1577	EMG2:99679
EMG1:-1516	EMG2:99085
EMG1:-1699	EMG2:100181
EMG1:-1637	EMG2:102326
EMG1:-5850	EMG2:97759
EMG1:-3976	EMG2:97529
EMG1:-2786	EMG2:97574
EMG1:-2297	EMG2:99003
EMG1:-3832	EMG2:98818
EMG1:-2490	EMG2:100413
EMG1:-851	EMG2:101098
EMG1:-846	EMG2:100855
EMG1:-3284	EMG2:99628
EMG1:-6424	EMG2:97187
EMG1:-4225	EMG2:98252
EMG1:-2246	EMG2:98746
EMG1:-1697	EMG2:98505
EMG1:-560	EMG2:101438
EMG1:-5046	EMG2:98072
EMG1:-3899	EMG2:98820
EMG1:-2866	EMG2:98299
EMG1:-914	EMG2:99496
EMG1:-1276	EMG2:100724
EMG1:-4477	EMG2:98853
EMG1:-3726	EMG2:99177
EMG1:-786	EMG2:100811
EMG1:-236	EMG2:101181
EMG1:-3665	EMG2:98776
EMG1:-4203	EMG2:99368
EMG1:-3008	EMG2:100479
EMG1:-716	EMG2:101681
EMG1:-3104	EMG2:98531
EMG1:-4421	EMG2:97696
EMG1:-3779	EMG2:98893
EMG1:-1514	EMG2:101442
EMG1:-1022	EMG2:101176
EMG1:-67	EMG2:101544
EMG1:-4040	EMG2:98381
EMG1:-4354	EMG2:98777
EMG1:-3430	EMG2:99456
EMG1:-1804	EMG2:99659
EMG1:-444	EMG2:100432
EMG1:-2749	EMG2:99305
EMG1:-4482	EMG2:98676
EMG1:-3381	EMG2:99404
EMG1:-1937	EMG2:99519
EMG1:377	EMG2:101673
EMG1:-3434	EMG2:99044
EMG1:-3909	EMG2:99566
EMG1:-3420	EMG2:100363
EMG1:-4377	EMG2:97481
EMG1:-542	EMG2:100307
EMG1:-2492	EMG2:99897
EMG1:-3532	EMG2:99915
EMG1:-2447	EMG2:101259
EMG1:-2574	EMG2:99730
EMG1:-1943	EMG2:99511
EMG1:-2642	EMG2:99635
EMG1:-3981	EMG2:99458
EMG1:-3707	EMG2:99617
EMG1:-2484	EMG2:99337
EMG1:-1179	EMG2:99722
EMG1:-1990	EMG2:100027
EMG1:-4032	EMG2:99458
EMG1:-3441	EMG2:100158
EMG1:-1876	EMG2:100521
EMG1:-2146	EMG2:99180
EMG1:-3371	EMG2:98550
EMG1:-3272	EMG2:99744
EMG1:-1002	EMG2:102226
EMG1:-187	EMG2:102376
EMG1:-1579	EMG2:100362
EMG1:-3787	EMG2:98693
EMG1:-3963	EMG2:99511
EMG1:-3307	EMG2:100009
EMG1:-1272	EMG2:100929
EMG1:584	EMG2:102403
EMG1:-2184	EMG2:101377
EMG1:-6617	EMG2:97429
EMG1:-5256	EMG2:97813
EMG1:-2333	EMG2:99198
EMG1:205	EMG2:101476
EMG1:-2099	EMG2:100360
EMG1:-5309	EMG2:98123
EMG1:-3910	EMG2:99069
EMG1:-1092	EMG2:100802
EMG1:-1866	EMG2:99143
EMG1:-2514	EMG2:99276
EMG1:-3872	EMG2:99046
EMG1:-2569	EMG2:100551
EMG1:-384	EMG2:101699
EMG1:-2530	EMG2:98737
EMG1:-3169	EMG2:98651
EMG1:-2592	EMG2:100448
EMG1:-1649	EMG2:101940
EMG1:-1133	EMG2:101859
EMG1:-1876	EMG2:100324
EMG1:-2215	EMG2:100816
EMG1:-4022	EMG2:100491
EMG1:-5190	EMG2:98969
EMG1:-2699	EMG2:99436
EMG1:-1668	EMG2:99499
EMG1:-2447	EMG2:99489
EMG1:-3781	EMG2:99204
EMG1:-2867	EMG2:100274
EMG1:-2658	EMG2:99299
EMG1:-2366	EMG2:98151
EMG1:-1607	EMG2:100196
EMG1:-4147	EMG2:99055
EMG1:-2017	EMG2:101181
EMG1:-1392	EMG2:100846
EMG1:20	EMG2:101696
EMG1:-2541	EMG2:100372
EMG1:-4486	EMG2:99443
EMG1:-4698	EMG2:99064
EMG1:-1424	EMG2:100599
EMG1:-1227	EMG2:100236
EMG1:-2759	EMG2:99688
EMG1:-3863	EMG2:99734
EMG1:-4310	EMG2:99144
EMG1:-2675	EMG2:99062
EMG1:-341	EMG2:100598
EMG1:-2507	EMG2:99551
EMG1:-3936	EMG2:99095
EMG1:-3564	EMG2:99775
EMG1:-23	EMG2:102232
EMG1:-877	EMG2:100977
EMG1:-1842	EMG2:100702
EMG1:-4222	EMG2:99644
EMG1:-3587	EMG2:100109
EMG1:-3031	EMG2:99124
EMG1:-1643	EMG2:99309
EMG1:-2562	EMG2:99269
EMG1:-4023	EMG2:99054
EMG1:-2881	EMG2:100311
EMG1:-1406	EMG2:100365
EMG1:-1119	EMG2:99727
EMG1:-2457	EMG2:99092
EMG1:-2683	EMG2:100336
EMG1:-2854	EMG2:100471
EMG1:-1825	EMG2:100279
EMG1:-1087	EMG2:100273
EMG1:-3012	EMG2:99035
EMG1:-4116	EMG2:99141
EMG1:-3314	EMG2:100063
EMG1:-2267	EMG2:99739
EMG1:-1192	EMG2:99878
EMG1:-3122	EMG2:98768
EMG1:-2650	EMG2:100753
EMG1:-3434	EMG2:100239
EMG1:-2800	EMG2:99153
EMG1:-1497	EMG2:99458
EMG1:-1607	EMG2:100119
EMG1:-3594	EMG2:99794
EMG1:-3704	EMG2:99692
EMG1:-1495	EMG2:100558
EMG1:-224	EMG2:101257
EMG1:-2526	EMG2:99754
EMG1:-4264	EMG2:99031
EMG1:-2816	EMG2:100735
EMG1:-2844	EMG2:99263
EMG1:-874	EMG2:100308
EMG1:-2041	EMG2:100128
EMG1:-4095	EMG2:99416
EMG1:-4564	EMG2:98763
EMG1:-376	EMG2:101689
EMG1:-1627	EMG2:99776
EMG1:-2228	EMG2:99818
EMG1:-4098	EMG2:99248
EMG1:-4216	EMG2:99344
EMG1:-844	EMG2:101292
EMG1:-632	EMG2:101009
EMG1:-1497	EMG2:101363
EMG1:-4162	EMG2:100067
EMG1:-4556	EMG2:99695
EMG1:-2204	EMG2:100516
EMG1:-3132	EMG2:98502
EMG1:-1841	EMG2:100364
EMG1:-3583	EMG2:99719
EMG1:-3635	EMG2:99756
EMG1:-1121	EMG2:100973
EMG1:-779	EMG2:100519
EMG1:-2299	EMG2:99758
EMG1:-3612	EMG2:99711
EMG1:-3797	EMG2:99595
EMG1:-2049	EMG2:99918
EMG1:-932	EMG2:100091
EMG1:-2081	EMG2:99639
EMG1:-3448	EMG2:99667
EMG1:-3932	EMG2:99145
EMG1:-1546	EMG2:100214
EMG1:-732	EMG2:100284
EMG1:-2014	EMG2:99695
EMG1:-3761	EMG2:99533
EMG1:-2686	EMG2:100527
EMG1:-2131	EMG2:99614
EMG1:-646	EMG2:100346
EMG1:-2865	EMG2:98446
EMG1:-2852	EMG2:99678
EMG1:-3209	EMG2:99897
EMG1:-1296	EMG2:100608
EMG1:-1348	EMG2:99762
EMG1:-2549	EMG2:98846
EMG1:-4104	EMG2:98386
EMG1:-316	EMG2:102967
EMG1:-1857	EMG2:100719
EMG1:-2674	EMG2:98459
EMG1:-2235	EMG2:99117
EMG1:-3499	EMG2:99222
EMG1:-3034	EMG2:99899
EMG1:-2018	EMG2:99700
EMG1:-2400	EMG2:97943
EMG1:-1514	EMG2:99034
EMG1:-951	EMG2:101491
EMG1:-3391	EMG2:99684
EMG1:-2063	EMG2:99984
EMG1:-1530	EMG2:99458
EMG1:-1581	EMG2:99968
EMG1:-3941	EMG2:98940
EMG1:-4009	EMG2:98986
EMG1:-2199	EMG2:99546
EMG1:-1077	EMG2:99874
EMG1:-1311	EMG2:100434
EMG1:-2706	EMG2:100556
EMG1:-4808	EMG2:98667
EMG1:-2841	EMG2:98967
EMG1:-1459	EMG2:98932
EMG1:-1359	EMG2:100016
EMG1:-3523	EMG2:99376
EMG1:-3102	EMG2:100311
EMG1:-2679	EMG2:99204
EMG1:-2996	EMG2:97487
EMG1:-1564	EMG2:99003
EMG1:-2619	EMG2:99531
EMG1:-2627	EMG2:99949
EMG1:-1588	EMG2:100031
EMG1:-844	EMG2:99822
EMG1:-1855	EMG2:99337
EMG1:-3040	EMG2:99496
EMG1:-3693	EMG2:99193
EMG1:-1971	EMG2:99683
EMG1:-871	EMG2:99643
EMG1:-1087	EMG2:100138
EMG1:-2399	EMG2:100531
EMG1:-4239	EMG2:99107
EMG1:-1476	EMG2:100313
EMG1:-1495	EMG2:99275
EMG1:-2492	EMG2:98653
EMG1:-2990	EMG2:99096
EMG1:-4237	EMG2:97968
EMG1:-2926	EMG2:97446
EMG1:1359	EMG2:101023
EMG1:-2196	EMG2:98249
EMG1:-1907	EMG2:100116
EMG1:-3007	EMG2:99530
EMG1:-337	EMG2:101305
EMG1:834	EMG2:102313
EMG1:1148	EMG2:104088
EMG1:-2857	EMG2:101509
EMG1:-4427	EMG2:100301
EMG1:-5935	EMG2:96294
EMG1:-1286	EMG2:98973
EMG1:-2875	EMG2:98144
EMG1:-4864	EMG2:96535
EMG1:-3709	EMG2:97936
EMG1:-2459	EMG2:97849
EMG1:-2300	EMG2:96516
EMG1:-2432	EMG2:96526
EMG1:-1692	EMG2:98879
EMG1:-2227	EMG2:98858
EMG1:-292	EMG2:99761
EMG1:-53	EMG2:99681
EMG1:-2216	EMG2:98141
EMG1:-3531	EMG2:98221
EMG1:-4531	EMG2:97218
EMG1:-2397	EMG2:97839
EMG1:902	EMG2:100446
EMG1:-1114	EMG2:99422
EMG1:-4182	EMG2:97518
EMG1:-3921	EMG2:97810
EMG1:-3442	EMG2:96950
EMG1:-3896	EMG2:94250
EMG1:958	EMG2:100129
EMG1:-2141	EMG2:98836
EMG1:-641	EMG2:101523
EMG1:-2720	EMG2:98449
EMG1:-2152	EMG2:97339
EMG1:86	EMG2:99624
EMG1:-2747	EMG2:98833
EMG1:-1594	EMG2:100785
EMG1:-2931	EMG2:98069
EMG1:-619	EMG2:99319
EMG1:1344	EMG2:102431
EMG1:-3835	EMG2:98908
EMG1:-3763	EMG2:99095
EMG1:-2452	EMG2:99262
EMG1:-3739	EMG2:96314
EMG1:-4702	EMG2:94547
EMG1:-6122	EMG2:94569
EMG1:-7759	EMG2:91221
EMG1:296	EMG2:98381
EMG1:1591	EMG2:99374
EMG1:2416	EMG2:102431
EMG1:-984	EMG2:101096
EMG1:-4689	EMG2:98092
EMG1:541	EMG2:102532
EMG1:-251	EMG2:101354
EMG1:-1487	EMG2:100806
EMG1:-4371	EMG2:99015
EMG1:-4582	EMG2:98671
EMG1:-3725	EMG2:97589
EMG1:-2543	EMG2:97271
EMG1:-6541	EMG2:91867
EMG1:1311	EMG2:101623
EMG1:-2690	EMG2:99339
EMG1:-1851	EMG2:99448
EMG1:-1780	EMG2:98097
EMG1:-1570	EMG2:98610
EMG1:-2152	EMG2:100060
EMG1:-4364	EMG2:98012
EMG1:174	EMG2:101803
EMG1:-2614	EMG2:98368
EMG1:-2496	EMG2:97994
EMG1:-293	EMG2:102698
EMG1:-3775	EMG2:100406
EMG1:-3472	EMG2:98869
EMG1:-1290	EMG2:99967
EMG1:-657	EMG2:101148
EMG1:-492	EMG2:103373
EMG1:-8349	EMG2:95407
EMG1:-4202	EMG2:96945
EMG1:944	EMG2:100939
EMG1:-1227	EMG2:99276
EMG1:-1877	EMG2:100095
EMG1:-2894	EMG2:100090
EMG1:-2947	EMG2:98505
EMG1:-6	EMG2:100533
EMG1:-3694	EMG2:96973
EMG1:-4376	EMG2:97150
EMG1:-2360	EMG2:99865
EMG1:-161	EMG2:101098
EMG1:1099	EMG2:102048
EMG1:-739	EMG2:100943
EMG1:-2642	EMG2:100854
EMG1:-4762	EMG2:98843
EMG1:-1706	EMG2:100785
EMG1:-2263	EMG2:98676
EMG1:-2176	EMG2:98585
EMG1:-2449	EMG2:99652
EMG1:-4310	EMG2:98324
EMG1:-2346	EMG2:98866
EMG1:956	EMG2:101415
EMG1:-512	EMG2:100903
EMG1:-4502	EMG2:98484
EMG1:-4698	EMG2:98265
EMG1:-403	EMG2:101821
EMG1:-227	EMG2:101164
EMG1:-2204	EMG2:99424
EMG1:-3776	EMG2:99046
EMG1:-4479	EMG2:98797
EMG1:-904	EMG2:101209
EMG1:-245	EMG2:101359
EMG1:-3845	EMG2:97331
EMG1:-2779	EMG2:99529
EMG1:-3699	EMG2:99158
EMG1:-3469	EMG2:98105
EMG1:-976	EMG2:99049
EMG1:-124	EMG2:100281
EMG1:-1534	EMG2:101283
EMG1:-5864	EMG2:97566
EMG1:-491	EMG2:101140
EMG1:-3222	EMG2:97059
EMG1:1481	EMG2:102547
EMG1:-2340	EMG2:100892
EMG1:-3487	EMG2:100695
EMG1:-2917	EMG2:99744
EMG1:-479	EMG2:100668
EMG1:-3829	EMG2:96878
EMG1:-7281	EMG2:94025
EMG1:-4537	EMG2:95591
EMG1:4480	EMG2:105604
EMG1:543	EMG2:101407
EMG1:778	EMG2:102396
EMG1:-356	EMG2:103275
EMG1:-1637	EMG2:103391
EMG1:893	EMG2:105626
EMG1:-3453	EMG2:100217
EMG1:-4229	EMG2:97668
EMG1:-1967	EMG2:101313
EMG1:-4977	EMG2:98693
EMG1:-1077	EMG2:101043
EMG1:-2209	EMG2:98266
EMG1:-986	EMG2:99373
EMG1:-3941	EMG2:98009
EMG1:-2061	EMG2:100687
EMG1:-5809	EMG2:95633
EMG1:1076	EMG2:100854
EMG1:1719	EMG2:102594
EMG1:-1026	EMG2:102338
EMG1:-4957	EMG2:99056
EMG1:-1427	EMG2:101232
EMG1:1723	EMG2:103661
EMG1:-61	EMG2:102681
EMG1:-3990	EMG2:100143
EMG1:-5017	EMG2:99514
EMG1:-2123	EMG2:100699
EMG1:1315	EMG2:103884
EMG1:-4330	EMG2:98343
EMG1:-5244	EMG2:97841
EMG1:-3256	EMG2:100321
EMG1:-2591	EMG2:99812
EMG1:-3678	EMG2:97039
EMG1:-2710	EMG2:97066
EMG1:-1998	EMG2:99890
EMG1:-3049	EMG2:99831
EMG1:-1404	EMG2:100804
EMG1:1564	EMG2:103189
EMG1:-1679	EMG2:100414
EMG1:-3430	EMG2:100037
EMG1:-3271	EMG2:100909
EMG1:-1768	EMG2:101583
EMG1:-479	EMG2:101539
EMG1:-2002	EMG2:100518
EMG1:-5227	EMG2:98164
EMG1:-2806	EMG2:101298
EMG1:-1837	EMG2:101414
EMG1:-377	EMG2:102051
EMG1:-715	EMG2:101709
EMG1:-3528	EMG2:100607
EMG1:-5102	EMG2:98806
EMG1:-2273	EMG2:100174
EMG1:-1576	EMG2:99586
EMG1:-996	EMG2:100290
EMG1:-3318	EMG2:99266
EMG1:-2244	EMG2:101181
EMG1:-3935	EMG2:98443
EMG1:-51	EMG2:101373
EMG1:-1631	EMG2:99898
EMG1:-2013	EMG2:101134
EMG1:-4219	EMG2:99596
EMG1:-2608	EMG2:99976
EMG1:-245	EMG2:101453
EMG1:-5437	EMG2:95231
EMG1:1607	EMG2:103457
EMG1:-1011	EMG2:102966
EMG1:-1754	EMG2:101478
EMG1:-1647	EMG2:100229
EMG1:-820	EMG2:100976
EMG1:-3104	EMG2:100299
EMG1:-4071	EMG2:99846
EMG1:-3277	EMG2:99283
EMG1:-1549	EMG2:99573
EMG1:-1236	EMG2:99968
EMG1:-2444	EMG2:100090
EMG1:-4029	EMG2:99106
EMG1:-2893	EMG2:99006
EMG1:136	EMG2:100908
EMG1:-1541	EMG2:99501
EMG1:-1851	EMG2:100617
EMG1:-2215	EMG2:101521
EMG1:-2337	EMG2:100821
EMG1:-1843	EMG2:99700
EMG1:-581	EMG2:101216
EMG1:-2706	EMG2:100544
EMG1:-4062	EMG2:99807
EMG1:-3367	EMG2:99161
EMG1:541	EMG2:102262
EMG1:-2007	EMG2:99886
EMG1:-2996	EMG2:100132
EMG1:-3324	EMG2:101256
EMG1:-3121	EMG2:100971
EMG1:-1866	EMG2:101249
EMG1:-3744	EMG2:99333
EMG1:-2636	EMG2:101764
EMG1:-3929	EMG2:101553
EMG1:-3007	EMG2:101788
EMG1:-2591	EMG2:101039
EMG1:-3051	EMG2:100254
EMG1:-4593	EMG2:99666
EMG1:-2651	EMG2:102427
EMG1:-2324	EMG2:101792
EMG1:-1862	EMG2:101151
EMG1:-2399	EMG2:100411
EMG1:-3745	EMG2:100154
EMG1:-3302	EMG2:101311
EMG1:-2982	EMG2:100743
EMG1:-3086	EMG2:99214
EMG1:-1038	EMG2:101048
EMG1:-3019	EMG2:100653
EMG1:-3244	EMG2:101093
EMG1:-3307	EMG2:99989
EMG1:-1414	EMG2:100588
EMG1:-2007	EMG2:99774
EMG1:-1934	EMG2:101112
EMG1:-2434	EMG2:101803
EMG1:-2447	EMG2:101188
EMG1:-1519	EMG2:100919
EMG1:-1591	EMG2:100831
EMG1:-2647	EMG2:101151
EMG1:-3817	EMG2:100733
EMG1:-2866	EMG2:100629
EMG1:-1071	EMG2:101149
EMG1:-1788	EMG2:100419
EMG1:-3619	EMG2:99564
EMG1:-2808	EMG2:101264
EMG1:-2669	EMG2:100644
EMG1:-1503	EMG2:100669
EMG1:-1678	EMG2:100347
EMG1:-3005	EMG2:100333
EMG1:-3816	EMG2:100154
EMG1:-3252	EMG2:99436
EMG1:239	EMG2:101612
EMG1:-262	EMG2:101578
EMG1:-2646	EMG2:100745
EMG1:-3042	EMG2:101128
EMG1:-2362	EMG2:101039
EMG1:-1804	EMG2:100333
EMG1:-1287	EMG2:100763
EMG1:-2621	EMG2:100859
EMG1:-3521	EMG2:100964
EMG1:-2640	EMG2:101134
EMG1:-2283	EMG2:100123
EMG1:-1045	EMG2:101393
EMG1:-3622	EMG2:99802
EMG1:-3169	EMG2:100873
EMG1:-3047	EMG2:100209
EMG1:186	EMG2:102119
EMG1:-1177	EMG2:101026
EMG1:-2937	EMG2:100607
EMG1:-4440	EMG2:99542
EMG1:-1426	EMG2:101780
EMG1:-1441	EMG2:101031
EMG1:-1525	EMG2:100691
EMG1:-2495	EMG2:100931
EMG1:-3313	EMG2:100886
EMG1:-2386	EMG2:100908
EMG1:-1269	EMG2:100720
EMG1:-454	EMG2:101505
EMG1:-2702	EMG2:100644
EMG1:-3366	EMG2:100669
EMG1:-2548	EMG2:100616
EMG1:-961	EMG2:100968
EMG1:-837	EMG2:100982
EMG1:-1896	EMG2:101214
EMG1:-3474	EMG2:100186
EMG1:-2448	EMG2:100067
EMG1:-1527	EMG2:99476
EMG1:-159	EMG2:100917
EMG1:-1919	EMG2:100604
EMG1:-3268	EMG2:100133
EMG1:-1878	EMG2:100727
EMG1:-1286	EMG2:100086
EMG1:-822	EMG2:100423
EMG1:-1809	EMG2:100872
EMG1:-3158	EMG2:100576
EMG1:-2422	EMG2:100708
EMG1:-1387	EMG2:100594
EMG1:-1351	EMG2:100566
EMG1:-2730	EMG2:100462
EMG1:-3606	EMG2:100366
EMG1:-2636	EMG2:100332
EMG1:-1399	EMG2:100294
EMG1:-1126	EMG2:100294
EMG1:-2347	EMG2:100553
EMG1:-2847	EMG2:100917
EMG1:-1812	EMG2:101235
EMG1:-1172	EMG2:100697
EMG1:-1539	EMG2:99984
EMG1:-2502	EMG2:100232
EMG1:-2973	EMG2:100529
EMG1:-1855	EMG2:100954
EMG1:-1992	EMG2:99514
EMG1:-1166	EMG2:100013
EMG1:-1977	EMG2:100579
EMG1:-4215	EMG2:99099
EMG1:-1722	EMG2:100811
EMG1:-1322	EMG2:100531
EMG1:-3123	EMG2:98160
EMG1:-1394	EMG2:101291
EMG1:-2912	EMG2:101094
EMG1:-1955	EMG2:101671
EMG1:-1456	EMG2:101144
EMG1:-1591	EMG2:100989
EMG1:-3106	EMG2:100486
EMG1:-3706	EMG2:100611
EMG1:-2723	EMG2:100651
EMG1:-1393	EMG2:100766
EMG1:-1504	EMG2:100428
EMG1:-2789	EMG2:100304
EMG1:-3439	EMG2:100554
EMG1:-2746	EMG2:100498
EMG1:-994	EMG2:101101
EMG1:-1365	EMG2:100626
EMG1:-3244	EMG2:99801
EMG1:-3385	EMG2:100529
EMG1:-2603	EMG2:100645
EMG1:-1394	EMG2:100498
EMG1:-798	EMG2:100935
EMG1:-3734	EMG2:98908
EMG1:-3471	EMG2:99693
EMG1:-2041	EMG2:100673
EMG1:-1004	EMG2:100540
EMG1:-371	EMG2:101291
EMG1:-2169	EMG2:100783
EMG1:-3529	EMG2:100408
EMG1:-2624	EMG2:100604
EMG1:-1616	EMG2:100477
EMG1:-1454	EMG2:100456
EMG1:-2601	EMG2:100269
EMG1:-3134	EMG2:100665
EMG1:-2363	EMG2:100787
EMG1:-1041	EMG2:100839
EMG1:-1598	EMG2:100045
EMG1:-2835	EMG2:99808
EMG1:-3241	EMG2:100164
EMG1:-2382	EMG2:100694
EMG1:-1339	EMG2:100549
EMG1:-1118	EMG2:100423
EMG1:-2467	EMG2:100411
EMG1:-3942	EMG2:99704
EMG1:-2430	EMG2:100272
EMG1:-938	EMG2:100850
EMG1:-1052	EMG2:100633
EMG1:-2291	EMG2:100689
EMG1:-3210	EMG2:100544
EMG1:-2512	EMG2:100822
EMG1:-1596	EMG2:100346
