timestamp_ms,acc_x,acc_y,acc_z,gyro_x,gyro_y,gyro_z,temp,button
5364,0.8857,0.1819,0.4580,3.7405,0.1221,0.7328,45.66,0
5374,0.8884,0.1851,0.4568,4.0916,0.2290,-0.1679,45.67,0
5384,0.8914,0.1787,0.4553,4.1069,-0.1832,-0.3817,45.63,0
5394,0.8887,0.1829,0.4548,3.9237,-0.5038,-0.2443,45.66,0
5404,0.8918,0.1790,0.4534,3.8779,-1.0992,0.4122,45.64,0
5414,0.8867,0.1829,0.4590,3.7252,-1.6641,1.1450,45.66,0
5424,0.8867,0.1882,0.4561,3.4351,-2.2290,1.4046,45.66,0
5434,0.9036,0.1785,0.4561,3.3893,-1.7710,1.0992,45.63,0
5444,0.9028,0.1826,0.4556,3.9389,-0.4122,0.8702,45.61,0
5454,0.9009,0.1843,0.4492,5.1450,1.0840,1.1450,45.64,0
5464,0.8965,0.1870,0.4539,5.4351,1.8168,1.0229,45.67,0
5474,0.8916,0.1904,0.4609,5.1450,2.2595,0.7939,45.65,0
5484,0.8875,0.1926,0.4634,4.6107,2.2748,0.5954,45.59,0
5494,0.8879,0.1882,0.4617,3.6641,1.4351,0.5038,45.65,0
5504,0.8818,0.1917,0.4458,2.7023,0.6412,0.8092,45.66,0
5514,0.8875,0.1863,0.4502,2.2595,-0.2443,0.8397,45.67,0
5524,0.8926,0.1821,0.4453,2.0763,-1.0840,0.7786,45.63,0
5534,0.9004,0.1750,0.4453,2.5344,-0.9313,0.6870,45.60,0
5544,0.8967,0.1748,0.4429,3.3893,0.0458,0.6412,45.66,0
5554,0.8950,0.1765,0.4487,4.0916,1.1908,0.5649,45.65,0
5564,0.8882,0.1812,0.4514,4.3206,1.8015,0.2595,45.64,0
5574,0.8831,0.1814,0.4607,4.1832,1.1908,0.2748,45.62,0
5584,0.8914,0.1760,0.4565,3.3435,-0.1374,0.4580,45.64,0
5594,0.8926,0.1733,0.4509,2.8702,-0.3817,0.6412,45.67,0
5604,0.8875,0.1758,0.4504,3.0229,0.6260,0.8702,45.63,0
5614,0.8904,0.1729,0.4504,3.5115,0.2290,0.7939,45.64,0
5624,0.8906,0.1765,0.4451,3.8321,-0.2901,0.9771,45.64,0
5634,0.8870,0.1663,0.4551,4.3359,0.2595,1.0992,45.62,0
5644,0.8867,0.1802,0.4495,4.5344,0.3664,0.7634,45.62,0
5654,0.8916,0.1794,0.4543,4.3053,0.3359,0.5344,45.62,0
5664,0.8950,0.1768,0.4563,3.9237,0.7634,0.1374,45.64,0
5674,0.8928,0.1838,0.4495,3.9237,0.7328,0.0000,45.64,0
5684,0.8931,0.1819,0.4568,4.2443,1.3282,0.0458,45.64,0
5694,0.8904,0.1877,0.4580,4.7634,1.1145,0.2290,45.64,0
5704,0.8843,0.1921,0.4614,4.4427,0.9618,0.4275,45.61,0
5714,0.8784,0.1936,0.4590,3.8015,0.2595,0.7634,45.65,0
5724,0.8855,0.1875,0.4546,3.2366,-0.7023,1.6641,45.69,0
5734,0.8943,0.1838,0.4504,3.0992,-2.0611,2.0916,45.62,0
5744,0.9011,0.1846,0.4548,3.4962,-1.5878,2.0763,45.62,0
5754,0.8953,0.1890,0.4504,3.9084,-0.2748,1.6336,45.62,0
5764,0.8921,0.1858,0.4541,3.8473,0.6718,1.1603,45.64,0
5774,0.8879,0.1914,0.4521,3.5115,0.5344,0.6260,45.61,0
5784,0.8879,0.1914,0.4438,3.1298,-0.1221,0.3359,45.64,0
5794,0.8945,0.1836,0.4521,2.7176,-0.5344,-0.1679,45.64,0
5804,0.8933,0.1848,0.4441,2.7939,-0.2443,-0.2443,45.66,0
5814,0.8958,0.1819,0.4443,3.2061,0.2748,-0.3664,45.61,0
5824,0.8984,0.1824,0.4541,3.5420,0.9924,-0.0916,45.64,0
5834,0.8914,0.1799,0.4600,3.6183,1.6031,0.0763,45.66,0
5844,0.8906,0.1816,0.4587,3.5267,1.3893,0.2748,45.69,0
5854,0.8967,0.1792,0.4612,3.2366,0.5802,0.3664,45.66,0
5864,0.8921,0.1724,0.4587,2.9466,0.2901,0.3969,45.63,0
5874,0.8955,0.1748,0.4514,3.1145,0.2748,0.4580,45.61,0
5884,0.8992,0.1716,0.4536,3.6336,0.1679,0.5038,45.62,0
5894,0.8887,0.1729,0.4558,3.8779,0.5344,0.4580,45.63,0
5904,0.8909,0.1782,0.4541,3.4656,1.0534,-0.0305,45.63,0
5914,0.8853,0.1833,0.4531,2.9618,1.6794,-0.3206,45.64,0
5924,0.8821,0.1917,0.4526,2.4733,1.4198,-0.2595,45.66,0
5934,0.8782,0.1919,0.4470,2.0305,0.8702,-0.2595,45.64,0
5944,0.8794,0.1865,0.4536,1.6794,0.4885,-0.2290,45.67,0
5954,0.8794,0.1816,0.4458,1.5725,-0.1069,-0.8397,45.62,0
5964,0.8933,0.1736,0.4390,1.8473,-1.2366,-1.3282,45.65,0
5974,0.8997,0.1704,0.4351,3.2672,-1.0840,-0.9160,45.66,0
5984,0.8955,0.1743,0.4429,4.9771,-0.1832,-0.3053,45.68,0
5994,0.8770,0.1746,0.4561,5.7710,0.9160,0.9160,45.63,0
6004,0.8784,0.1802,0.4631,5.4046,0.0153,0.6870,45.65,0
6014,0.8757,0.1863,0.4531,4.5344,-1.0076,-0.3511,45.63,0
6024,0.8762,0.1890,0.4517,4.5038,-0.9160,-1.3282,45.64,0
6034,0.8821,0.1870,0.4487,4.8244,-0.8550,-1.9237,45.64,0
6044,0.8833,0.1914,0.4453,5.5878,-1.9389,-1.4962,45.63,0
6054,0.8894,0.1885,0.4480,6.4885,-2.0763,-0.7328,45.62,0
6064,0.8875,0.1934,0.4502,6.3969,-1.8168,-0.3206,45.65,0
6074,0.8884,0.1890,0.4570,5.6489,-2.0458,-0.6565,45.62,0
6084,0.8962,0.1875,0.4612,4.5496,-2.4427,-0.9618,45.65,0
6094,0.9011,0.1870,0.4453,3.7099,-2.9924,-0.8244,45.63,0
6104,0.8979,0.1882,0.4436,3.5725,-2.4122,-0.2137,45.67,0
6114,0.8926,0.1787,0.4426,3.6794,-1.8168,-0.0611,45.64,0
6124,0.8916,0.1812,0.4500,3.6641,-2.3664,0.3053,45.63,0
6134,0.8965,0.1799,0.4373,3.6336,-2.9771,0.3969,45.67,0
6144,0.9316,0.1965,0.3982,4.1069,-3.2214,-0.0763,45.62,0
6154,0.8555,0.1689,0.4944,3.2061,-1.3435,-0.8855,45.63,0
6164,0.9153,0.1804,0.4260,6.1374,-3.2519,0.1527,45.62,0
6174,0.8960,0.1870,0.4473,5.4962,0.4427,-1.0382,45.68,0
6184,0.8889,0.1865,0.4607,5.9847,-0.4885,-1.1756,45.67,0
6194,0.8977,0.1868,0.4436,5.2366,-1.0229,-2.0153,45.64,0
6204,0.8960,0.1953,0.4487,4.9466,-1.5878,-1.5725,45.66,0
6214,0.8999,0.1890,0.4419,5.3130,-1.9084,-0.9008,45.64,0
6224,0.8906,0.1841,0.4497,4.7634,-2.2443,-0.4122,45.65,0
6234,0.8882,0.1865,0.4297,6.3359,0.0916,-1.0382,45.65,0
6244,0.8809,0.1902,0.4402,6.2901,-0.7328,-1.6794,45.64,0
6254,0.9011,0.1880,0.4343,6.5802,-2.7939,-1.2519,45.66,0
6264,0.8904,0.1863,0.4368,6.7786,-1.2519,-1.0076,45.69,0
6274,0.8918,0.1919,0.4470,6.9008,-2.6870,-1.4351,45.66,0
6284,0.9031,0.1936,0.4404,6.8855,-1.7710,-1.4962,45.62,0
6294,0.8984,0.1992,0.4504,6.5802,-1.0076,-1.9237,45.64,0
6304,0.8940,0.2012,0.4402,6.0458,-1.5573,-2.2595,45.65,0
6314,0.9014,0.2041,0.4451,5.5573,-2.4122,-2.5802,45.65,0
6324,0.9124,0.2112,0.4417,5.7099,-2.8702,-1.8626,45.64,0
6334,0.9038,0.2034,0.4463,5.8779,-1.3893,-0.7023,45.62,0
6344,0.9031,0.2107,0.4529,5.6336,-0.0153,-0.9313,45.67,0
6354,0.9028,0.2068,0.4487,4.1679,-0.1832,-1.0687,45.66,0
6364,0.9060,0.2063,0.4387,2.7176,-0.6412,-0.7176,45.67,0
6374,0.9116,0.2019,0.4375,2.4427,-0.7023,0.1527,45.62,0
6384,0.8997,0.1941,0.4365,2.7176,0.4885,1.1298,45.63,0
6394,0.9077,0.1968,0.4399,3.2672,0.6412,1.7710,45.64,0
6404,0.9019,0.1975,0.4458,3.6489,0.8855,1.8473,45.68,0
6414,0.8979,0.1965,0.4421,3.8473,0.9160,1.6183,45.63,0
6424,0.9028,0.1956,0.4504,3.4351,0.3359,1.0076,45.64,0
6434,0.9087,0.1938,0.4443,2.7634,0.3359,1.0229,45.65,0
6444,0.9084,0.1890,0.4395,2.4275,0.7786,1.6031,45.67,0
6454,0.9099,0.1870,0.4368,2.2290,1.2672,2.7176,45.66,0
6464,0.9185,0.1899,0.4319,2.5344,1.8779,3.8779,45.63,0
6474,0.9136,0.1917,0.4414,3.0382,3.0840,4.7634,45.64,0
6484,0.9119,0.1899,0.4487,3.4046,3.6641,4.6565,45.65,0
6494,0.9187,0.1948,0.4500,3.5420,3.5878,4.3053,45.62,0
6504,0.9119,0.1990,0.4580,3.3893,4.0916,4.1679,45.63,0
6514,0.9128,0.2041,0.4617,2.4733,4.6107,3.9084,45.63,0
6524,0.9131,0.2068,0.4675,1.4962,5.9389,4.0611,45.69,0
6534,0.8992,0.2148,0.4580,0.2901,6.6565,4.5802,45.64,0
6544,0.8950,0.2163,0.4648,-1.1908,5.6183,5.4656,45.67,0
6554,0.8987,0.2200,0.4575,-2.0305,4.2901,5.4962,45.66,0
6564,0.9246,0.2192,0.4678,-2.1985,4.3664,5.2824,45.72,0
6574,0.9448,0.2236,0.4753,-2.3206,6.5802,2.8855,45.66,0
6584,0.9697,0.2212,0.4873,-1.9542,9.5420,-1.4198,45.65,0
6594,1.0029,0.2239,0.4919,-1.4046,14.2901,-5.7557,45.65,0
6604,1.0229,0.2251,0.5137,-0.9313,18.7634,-8.5802,45.65,0
6614,1.0469,0.2395,0.5232,-0.6718,22.6870,-9.5420,45.65,0
6624,1.0852,0.2500,0.5295,-1.1145,26.1679,-10.2290,45.64,0
6634,1.1135,0.2656,0.5608,-2.3817,31.6031,-11.6641,45.62,0
6644,1.1257,0.2695,0.5825,-4.2137,40.5802,-12.5038,45.68,0
6654,1.1169,0.2678,0.5925,-7.8626,47.4351,-13.2824,45.66,0
6664,1.1089,0.2690,0.6028,-11.6489,51.7557,-12.7328,45.64,0
6674,1.0928,0.2627,0.6016,-14.1985,56.6718,-10.9618,45.65,0
6684,1.0679,0.2703,0.6057,-16.0611,61.8473,-9.0687,45.65,0
6694,1.0393,0.2566,0.6160,-18.4733,68.0763,-6.3053,45.62,0
6704,1.0034,0.2546,0.6245,-22.5802,72.9924,-2.9924,45.61,0
6714,0.9128,0.2314,0.6277,-28.9160,77.0534,-0.3359,45.65,0
6724,0.9204,0.2317,0.5984,-32.0305,73.9695,5.9389,45.66,0
6734,0.9097,0.2329,0.5823,-34.0611,71.9389,8.5344,45.67,0
6744,0.8835,0.2061,0.6079,-36.0611,71.6489,10.1832,45.70,0
6754,0.9038,0.2009,0.5854,-36.7634,73.8931,9.4046,45.68,0
6764,0.8704,0.2017,0.6213,-37.1603,79.4198,6.5802,45.67,0
6774,0.8772,0.1921,0.6008,-35.8168,82.0458,3.4809,45.60,0
6784,0.8594,0.1919,0.6240,-34.1374,85.2519,-0.3359,45.64,0
6794,0.8491,0.2053,0.6331,-32.3817,88.0763,-2.2748,45.65,0
6804,0.8225,0.2124,0.6445,-32.6718,90.9466,-3.6336,45.69,0
6814,0.7893,0.2317,0.6555,-35.0229,92.1679,-4.4733,45.67,0
6824,0.7864,0.2305,0.6731,-38.3206,93.8168,-3.9237,45.70,0
6834,0.7800,0.2393,0.6870,-42.1985,91.0229,-4.3053,45.66,0
6844,0.7998,0.2214,0.6868,-44.5191,88.8244,-4.9008,45.66,0
6854,0.8228,0.1990,0.6995,-45.1450,86.8092,-5.7252,45.64,0
6864,0.8413,0.1848,0.7000,-42.9313,88.5802,-7.4656,45.63,0
6874,0.8457,0.1826,0.7324,-39.0687,94.6412,-9.8473,45.69,0
6884,0.8223,0.1975,0.7678,-36.4733,101.7252,-12.1832,45.67,0
6894,0.7932,0.1980,0.8000,-37.5573,106.5954,-14.0458,45.64,0
6904,0.7817,0.1689,0.8135,-42.8397,109.0534,-14.5344,45.67,0
6914,0.7639,0.1433,0.8135,-47.9695,108.8550,-13.9695,45.66,0
6924,0.7539,0.1096,0.8125,-52.1985,109.7863,-9.9237,45.65,0
6934,0.7334,0.0894,0.8059,-55.3893,109.8168,-4.0458,45.68,0
6944,0.7085,0.0737,0.8264,-57.3588,110.4885,-0.3511,45.65,0
6954,0.7002,0.0725,0.8228,-57.7863,111.8626,-0.5191,45.70,0
6964,0.7043,0.0735,0.8240,-55.8473,111.7405,-3.8779,45.65,0
6974,0.7034,0.1086,0.8420,-50.2901,113.5115,-7.4504,45.66,0
6984,0.6875,0.1411,0.8691,-45.5573,119.0534,-8.6412,45.68,0
6994,0.6047,0.1501,0.8901,-44.0458,125.8931,-7.8015,45.66,0
7004,0.5432,0.1729,0.9077,-46.9924,133.0534,-8.5344,45.64,0
7014,0.5125,0.1494,0.9138,-54.0916,132.5802,-11.2824,45.63,0
7024,0.5168,0.1121,0.8906,-63.4198,128.4886,-12.3817,45.66,0
7034,0.5210,0.0718,0.8735,-70.8092,126.3359,-11.1756,45.68,0
7044,0.4963,0.0300,0.8469,-75.2061,125.0840,-7.3740,45.67,0
7054,0.4802,-0.0037,0.8179,-77.6336,126.2443,0.6412,45.66,0
7064,0.4604,-0.0227,0.8130,-77.6794,126.9160,6.6718,45.67,0
7074,0.4153,-0.0161,0.8030,-76.1221,129.9237,9.6489,45.68,0
7084,0.3914,-0.0220,0.8018,-75.2366,134.0916,9.0229,45.67,0
7094,0.3350,-0.0298,0.8088,-73.2977,137.2977,5.8168,45.69,0
7104,0.2842,-0.0308,0.7893,-70.5038,134.7176,2.5649,45.69,0
7114,0.2449,-0.0557,0.8032,-69.5115,128.2290,4.0153,45.61,0
7124,0.2456,-0.0784,0.7932,-70.9771,116.9924,9.8473,45.64,0
7134,0.2139,-0.1123,0.7881,-74.2290,107.7710,16.7176,45.63,0
7144,0.2275,-0.1284,0.7766,-76.2443,104.9771,19.9389,45.66,0
7154,0.1982,-0.1287,0.7742,-76.6412,108.0916,18.8092,45.63,0
7164,0.1714,-0.1375,0.7742,-76.3969,111.6794,16.5649,45.63,0
7174,0.1450,-0.1450,0.7747,-74.6412,111.1603,13.7863,45.67,0
7184,0.1357,-0.1545,0.7639,-71.1450,110.6107,12.6260,45.66,0
7194,0.1025,-0.1736,0.7686,-67.0840,109.8626,12.8550,45.61,0
7204,0.0879,-0.1938,0.7747,-63.6794,107.0840,14.3359,45.65,0
7214,0.0437,-0.2000,0.7891,-60.8855,100.9313,16.5344,45.69,0
7224,0.0330,-0.2041,0.7881,-59.8626,95.1298,19.3893,45.69,0
7234,0.0193,-0.2146,0.7825,-60.2443,90.4885,21.4656,45.64,0
7244,0.0081,-0.2341,0.7874,-60.7481,89.9084,22.6718,45.61,0
7254,-0.0225,-0.2874,0.7925,-61.4809,90.3206,21.0840,45.64,0
7264,-0.0352,-0.2588,0.7886,-60.5802,92.3206,16.7023,45.64,0
7274,-0.0386,-0.3008,0.7900,-59.4198,90.0153,13.7252,45.65,0
7284,-0.0469,-0.3137,0.7883,-57.7557,89.6336,12.4275,45.65,0
7294,-0.0793,-0.3306,0.7830,-55.4809,88.1527,14.0458,45.64,0
7304,-0.0754,-0.3499,0.7847,-53.5878,83.3588,15.2519,45.65,0
7314,-0.0725,-0.3586,0.7944,-50.7634,80.0916,14.6870,45.63,0
7324,-0.0647,-0.3481,0.7888,-46.5802,79.7710,14.1221,45.65,0
7334,-0.0720,-0.3318,0.7935,-43.1450,83.3740,14.7023,45.65,0
7344,-0.0957,-0.3247,0.8015,-42.4275,88.6107,16.1221,45.66,0
7354,-0.1248,-0.3484,0.7974,-43.5573,91.3893,16.7481,45.61,0
7364,-0.1523,-0.3645,0.7795,-44.5191,87.9389,14.6870,45.64,0
7374,-0.1716,-0.3772,0.7563,-44.3664,84.4427,14.3206,45.67,0
7384,-0.1973,-0.3923,0.7446,-43.9237,84.0611,16.6107,45.63,0
7394,-0.2019,-0.4109,0.7329,-43.8473,82.7939,19.1298,45.67,0
7404,-0.2112,-0.4375,0.7295,-44.6260,79.3740,19.1908,45.64,0
7414,-0.2253,-0.4546,0.7166,-43.6947,78.1374,17.4962,45.63,0
7424,-0.2371,-0.4404,0.6895,-40.6412,78.0763,16.9008,45.62,0
7434,-0.2402,-0.4561,0.6853,-38.2595,77.4351,20.3817,45.63,0
7444,-0.2585,-0.4939,0.6799,-36.2748,79.0840,23.6336,45.64,0
7454,-0.2898,-0.4971,0.6692,-34.3511,80.9618,24.0763,45.63,0
7464,-0.3145,-0.4915,0.6414,-32.2137,82.2137,23.2061,45.64,0
7474,-0.3721,-0.4749,0.6255,-29.7710,83.6183,22.3664,45.67,0
7484,-0.3928,-0.4382,0.6140,-28.4275,83.6031,24.0305,45.65,0
7494,-0.4402,-0.4636,0.5762,-27.6336,82.6565,24.9160,45.64,0
7504,-0.4807,-0.4561,0.5530,-25.5573,79.6031,26.5954,45.66,0
7514,-0.5286,-0.4590,0.5220,-24.7481,73.3893,28.1679,45.63,0
7524,-0.5933,-0.4578,0.4951,-25.6336,60.9008,30.8855,45.63,0
7534,-0.5906,-0.4771,0.4700,-26.3206,50.0153,33.5420,45.62,0
7544,-0.6106,-0.4875,0.4739,-26.9160,43.2366,32.2748,45.65,0
7554,-0.6123,-0.4866,0.4600,-24.3206,37.7710,30.9160,45.66,0
7564,-0.6260,-0.4990,0.4810,-20.4275,36.1374,26.4733,45.62,0
7574,-0.6157,-0.4954,0.4563,-14.4427,35.1298,21.6336,45.68,0
7584,-0.6248,-0.5063,0.4768,-8.9008,34.2595,16.1374,45.65,0
7594,-0.6199,-0.4946,0.4827,-3.8168,31.0534,11.1756,45.63,0
7604,-0.6091,-0.4783,0.5103,0.1832,26.9313,8.9160,45.64,0
7614,-0.6003,-0.4834,0.5063,0.7786,20.2595,8.8855,45.64,0
7624,-0.6016,-0.4978,0.5342,0.5496,12.1374,10.5038,45.64,0
7634,-0.5808,-0.5059,0.5525,-0.3053,2.9008,10.1832,45.63,0
7644,-0.5569,-0.5110,0.5713,-0.2290,-3.1908,7.9237,45.64,0
7654,-0.5251,-0.5276,0.5859,2.3511,-4.7328,3.8779,45.66,0
7664,-0.4976,-0.5203,0.6025,6.9771,-2.2137,-2.1221,45.61,0
7674,-0.4766,-0.5054,0.6296,11.8626,1.0840,-7.6641,45.64,0
7684,-0.4629,-0.4773,0.6506,15.7557,1.6947,-8.7939,45.63,0
7694,-0.4468,-0.4653,0.6716,16.9924,0.4275,-5.8626,45.63,0
7704,-0.4578,-0.4568,0.6819,16.5496,-1.3282,-1.7557,45.62,0
7714,-0.4539,-0.4653,0.6914,14.8397,-4.7634,2.1221,45.63,0
7724,-0.4478,-0.4521,0.7012,12.4733,-6.4427,5.1603,45.64,0
7734,-0.4448,-0.4448,0.7139,10.0458,-6.0153,6.5344,45.66,0
7744,-0.4373,-0.4424,0.7200,7.0076,-4.5344,6.9924,45.66,0
7754,-0.4485,-0.4373,0.7224,4.1221,-3.6794,6.0458,45.66,0
7764,-0.4355,-0.4329,0.7085,2.6412,-3.0992,5.7557,45.66,0
7774,-0.4424,-0.4412,0.7051,3.0382,-1.8015,4.9771,45.67,0
7784,-0.4514,-0.4343,0.6951,4.8397,0.7328,3.8473,45.65,0
7794,-0.4634,-0.4158,0.7007,6.8244,2.6565,3.1756,45.64,0
7804,-0.4700,-0.4072,0.7019,6.8702,2.1679,3.2214,45.66,0
7814,-0.4712,-0.4138,0.6970,5.3588,-0.2595,4.2748,45.65,0
7824,-0.4612,-0.4248,0.6882,3.0534,-2.5802,5.3282,45.65,0
7834,-0.4680,-0.4448,0.6938,1.8931,-4.1527,6.1832,45.66,0
7844,-0.4658,-0.4529,0.6887,2.3206,-6.3817,6.2443,45.68,0
7854,-0.4568,-0.4509,0.6936,3.5420,-6.9313,5.8321,45.67,0
7864,-0.4448,-0.4509,0.7114,4.4427,-6.3969,4.3053,45.67,0
7874,-0.4382,-0.4438,0.7197,6.1069,-4.8244,1.7557,45.64,0
7884,-0.4282,-0.4363,0.7256,8.1527,-3.1298,-1.1298,45.64,0
7894,-0.4319,-0.4265,0.7236,8.8550,-2.7176,-2.3511,45.68,0
7904,-0.4321,-0.4480,0.7063,7.9847,-4.2901,-1.3740,45.62,0
7914,-0.4299,-0.4558,0.6785,6.0763,-6.9618,1.7405,45.64,0
7924,-0.4297,-0.4529,0.6882,4.3053,-5.9389,6.3664,45.65,0
7934,-0.4514,-0.4519,0.6877,1.8779,-4.3511,11.0382,45.65,0
7944,-0.4729,-0.4534,0.6841,-0.8550,-4.2137,13.8626,45.62,0
7954,-0.4980,-0.4417,0.6714,-2.6412,-5.0076,14.5954,45.65,0
7964,-0.5020,-0.4373,0.6587,-3.1450,-7.8626,14.4580,45.63,0
7974,-0.5090,-0.4397,0.6472,-2.6565,-10.3359,13.4962,45.65,0
7984,-0.5090,-0.4434,0.6433,-0.6718,-11.2672,11.6641,45.68,0
7994,-0.5183,-0.4448,0.6467,2.5038,-12.5649,7.6031,45.65,0
8004,-0.5017,-0.4380,0.6558,5.1145,-13.8168,4.2443,45.65,0
8014,-0.4863,-0.4634,0.6626,7.1298,-14.9466,1.6031,45.64,0
8024,-0.4722,-0.4490,0.6548,8.7634,-16.7023,0.2137,45.67,0
8034,-0.4690,-0.4529,0.6646,9.9695,-16.6412,0.4733,45.64,0
8044,-0.4673,-0.4412,0.6594,10.6412,-17.6641,2.0153,45.68,0
8054,-0.4678,-0.4382,0.6665,10.3817,-18.7634,3.3130,45.69,0
8064,-0.4722,-0.4138,0.6846,8.7939,-19.2366,5.4809,45.65,0
8074,-0.4629,-0.4075,0.6975,5.8626,-21.6641,8.0153,45.63,0
8084,-0.4587,-0.3982,0.7117,1.2061,-23.9084,10.6107,45.66,0
8094,-0.4414,-0.4248,0.7158,-4.4580,-27.7863,13.3435,45.66,0
8104,-0.4336,-0.4338,0.7097,-9.2519,-30.4886,15.1298,45.66,0
8114,-0.4417,-0.4214,0.7026,-12.5191,-31.8473,17.8779,45.64,0
8124,-0.4590,-0.4011,0.6746,-15.7863,-32.3206,21.8779,45.64,0
8134,-0.4924,-0.4109,0.6611,-19.2214,-34.3817,26.8092,45.66,0
8144,-0.4932,-0.4392,0.6448,-22.3511,-41.1603,29.8015,45.66,0
8154,-0.4868,-0.4585,0.6433,-23.1603,-45.6336,30.7634,45.62,0
8164,-0.4473,-0.4856,0.6299,-20.6870,-48.0153,29.4809,45.62,0
8174,-0.4412,-0.5010,0.6267,-15.8168,-45.7099,24.9313,45.65,0
8184,-0.4192,-0.5210,0.6555,-9.9237,-42.6718,20.1069,45.64,0
8194,-0.4128,-0.5303,0.6699,-5.2366,-41.1756,14.6107,45.64,0
8204,-0.4084,-0.5173,0.6675,-0.9160,-40.0916,11.2214,45.65,0
8214,-0.4067,-0.4768,0.6655,2.4733,-39.3740,11.0840,45.62,0
8224,-0.4141,-0.4426,0.6787,3.2366,-41.0229,15.0229,45.64,0
8234,-0.4221,-0.4102,0.6887,0.8092,-44.0305,20.5802,45.62,0
8244,-0.4385,-0.3999,0.7024,-4.3053,-48.9466,24.5344,45.62,0
8254,-0.4341,-0.3650,0.6953,-10.3359,-54.4733,27.7557,45.65,0
8264,-0.4033,-0.4048,0.7095,-16.2901,-60.5954,31.0840,45.66,0
8274,-0.3770,-0.4561,0.7168,-19.8779,-66.3969,30.8550,45.66,0
8284,-0.3254,-0.4995,0.7183,-19.6183,-69.6641,27.1450,45.64,0
8294,-0.2849,-0.5088,0.7166,-15.6641,-68.7786,22.7328,45.66,0
8304,-0.2681,-0.4978,0.7173,-8.7939,-63.9389,21.5725,45.64,0
8314,-0.2759,-0.4834,0.7324,-3.2061,-58.3206,21.9847,45.60,0
8324,-0.3137,-0.4590,0.7395,0.8550,-54.4580,22.7939,45.67,0
8334,-0.3325,-0.4277,0.7319,3.6947,-55.0382,23.1145,45.64,0
8344,-0.3406,-0.3901,0.7292,5.1298,-54.3359,22.8397,45.64,0
8354,-0.3340,-0.3972,0.7439,5.2519,-53.7710,21.4351,45.67,0
8364,-0.3213,-0.4250,0.7778,4.5802,-55.4504,17.6031,45.67,0
8374,-0.2578,-0.4524,0.7881,4.2137,-59.6641,11.3130,45.65,0
8384,-0.2029,-0.4475,0.8047,4.9008,-58.8855,6.3817,45.62,0
8394,-0.1663,-0.4434,0.8098,6.0763,-55.2214,5.8015,45.67,0
8404,-0.1572,-0.4500,0.8169,7.2061,-48.6870,7.5420,45.67,0
8414,-0.1753,-0.4390,0.8091,8.4275,-41.9695,9.7557,45.64,0
8424,-0.2136,-0.4104,0.8015,9.7710,-37.3282,11.8626,45.66,0
8434,-0.2495,-0.3855,0.7935,10.7023,-35.3282,14.4733,45.63,0
8444,-0.2876,-0.3408,0.7817,11.1603,-35.1908,16.6870,45.63,0
8454,-0.2905,-0.3533,0.8008,9.8473,-40.0611,18.4580,45.64,0
8464,-0.2520,-0.3889,0.8191,8.0153,-48.7786,15.5573,45.64,0
8474,-0.1877,-0.4060,0.8225,6.4580,-52.2443,9.2366,45.66,0
8484,-0.1248,-0.4468,0.8484,7.0992,-50.6870,3.1908,45.67,0
8494,-0.1072,-0.4377,0.8362,9.7557,-42.6870,-0.4275,45.65,0
8504,-0.1062,-0.4368,0.8503,12.0000,-34.3206,0.3511,45.66,0
8514,-0.1265,-0.4243,0.8391,12.5496,-29.2366,4.1985,45.67,0
8524,-0.1721,-0.3804,0.8315,12.2443,-25.8015,9.6641,45.65,0
8534,-0.2222,-0.3281,0.8044,10.0458,-26.7786,17.5114,45.67,0
8544,-0.2815,-0.2957,0.7800,4.9313,-32.6107,25.4198,45.67,0
8554,-0.2861,-0.3433,0.7998,-1.5115,-45.0840,30.8855,45.65,0
8564,-0.2637,-0.3826,0.7844,-6.5344,-61.1756,28.4733,45.68,0
8574,-0.2251,-0.4038,0.7693,-7.4504,-68.5954,21.8626,45.67,0
8584,-0.1758,-0.4377,0.7666,-5.0382,-68.3664,14.7786,45.64,0
8594,-0.1296,-0.4644,0.7805,-0.1985,-65.8168,8.6107,45.63,0
8604,-0.1050,-0.4680,0.7974,5.6031,-59.6794,4.2137,45.67,0
8614,-0.0952,-0.4480,0.7964,11.3130,-50.7328,1.5878,45.65,0
8624,-0.1377,-0.4231,0.7888,13.8168,-45.2672,0.7328,45.64,0
8634,-0.1746,-0.3716,0.7773,15.4046,-46.4580,2.7786,45.67,0
8644,-0.1938,-0.3384,0.7742,15.5267,-51.9237,5.8931,45.61,0
8654,-0.1841,-0.3225,0.7754,13.8931,-61.9695,8.9771,45.66,0
8664,-0.1169,-0.3892,0.8044,11.3588,-69.9389,7.9389,45.61,0
8674,-0.0530,-0.4250,0.8257,10.4580,-73.6489,-0.6260,45.65,0
8684,-0.0034,-0.4512,0.8372,13.3893,-67.8473,-11.5573,45.66,0
8694,0.0374,-0.4746,0.8501,19.8015,-61.1603,-21.6641,45.64,0
8704,0.0356,-0.4536,0.8650,26.4122,-56.2137,-25.0992,45.64,0
8714,0.0361,-0.4158,0.8652,30.7786,-53.5267,-22.7328,45.63,0
8724,-0.0063,-0.3567,0.8718,32.2595,-51.6947,-16.9618,45.63,0
8734,-0.0439,-0.3047,0.8577,29.5420,-52.5038,-8.9008,45.65,0
8744,-0.0857,-0.2524,0.8342,22.1832,-57.2824,1.6641,45.65,0
8754,-0.0750,-0.2380,0.8213,12.3664,-67.9542,13.3588,45.61,0
8764,-0.0696,-0.2771,0.8069,1.4962,-80.6870,19.7252,45.67,0
8774,-0.0164,-0.3108,0.8059,-5.8168,-87.4351,17.9695,45.69,0
8784,0.0244,-0.3516,0.8093,-7.0076,-83.8473,6.9771,45.67,0
8794,0.0598,-0.3772,0.8215,-3.3588,-75.4962,-7.1145,45.63,0
8804,0.0640,-0.3687,0.8274,3.2366,-67.0229,-19.0840,45.64,0
8814,0.0537,-0.3479,0.8201,9.7863,-62.0153,-25.9695,45.64,0
8824,0.0544,-0.3142,0.8206,14.1679,-62.6107,-27.6794,45.65,0
8834,0.0623,-0.2815,0.7998,16.3511,-64.5954,-25.6947,45.67,0
8844,0.1125,-0.3044,0.8296,17.6031,-68.3359,-23.7099,45.65,0
8854,0.1421,-0.3081,0.8213,19.4198,-71.8015,-24.5344,45.67,0
8864,0.1660,-0.2896,0.8330,20.1527,-73.0840,-24.2901,45.67,0
8874,0.2122,-0.2766,0.8416,19.1756,-76.8397,-21.3893,45.65,0
8884,0.2522,-0.3220,0.8584,15.9237,-78.9313,-16.6870,45.64,0
8894,0.2874,-0.3584,0.8726,13.6183,-79.6336,-16.5649,45.63,0
8904,0.3054,-0.3667,0.8867,13.9695,-74.4427,-21.1908,45.64,0
8914,0.3044,-0.3657,0.8877,16.1985,-70.0458,-24.5802,45.62,0
8924,0.3193,-0.3584,0.8770,19.6031,-71.4809,-21.1908,45.64,0
8934,0.3525,-0.3560,0.8730,21.8473,-78.2290,-12.2137,45.66,0
8944,0.3562,-0.3574,0.8975,22.9771,-83.1603,-0.4427,45.64,0
8954,0.3594,-0.3440,0.9160,21.5267,-82.0153,9.5115,45.62,0
8964,0.3494,-0.3342,0.9460,16.4275,-74.6412,14.1374,45.66,0
8974,0.3469,-0.3574,0.9541,7.2672,-68.9618,13.0382,45.65,0
8984,0.3862,-0.4045,0.9636,-1.2977,-69.1603,9.2824,45.63,0
8994,0.4424,-0.4365,0.9373,-6.5191,-67.5725,3.1145,45.64,0
9004,0.4512,-0.4534,0.9255,-6.0458,-60.9924,-4.2290,45.65,0
9014,0.4329,-0.4570,0.9121,-1.3282,-51.2214,-12.0763,45.64,0
9024,0.3982,-0.4512,0.8948,4.9618,-42.8092,-18.7176,45.68,0
9034,0.4177,-0.4475,0.8535,12.5954,-44.4733,-21.7710,45.67,0
9044,0.4062,-0.4329,0.8582,21.4962,-43.8626,-21.4504,45.64,0
9055,0.4011,-0.3848,0.8506,31.1145,-39.6489,-21.5114,45.64,0
9064,0.3982,-0.3542,0.8752,37.0382,-33.2672,-22.9771,45.63,0
9074,0.3967,-0.3198,0.8796,37.8779,-27.7252,-23.8015,45.64,0
9084,0.3733,-0.2825,0.8730,32.8092,-24.0763,-22.0916,45.63,0
9094,0.3694,-0.2485,0.8557,25.4656,-22.0305,-19.4809,45.63,0
9104,0.3838,-0.2637,0.8228,17.4656,-25.5573,-14.6260,45.65,0
9114,0.4282,-0.2620,0.8047,12.4580,-31.1298,-5.2519,45.64,0
9124,0.4458,-0.2620,0.8030,10.0000,-36.6412,6.9313,45.64,0
9164,0.4614,-0.2866,3.9999,-0.0153,-0.0153,-0.0153,36.53,0
9174,0.4407,-0.2891,0.8879,5.7252,-30.5038,19.8015,45.65,0
9184,0.4307,-0.2979,0.8765,3.3130,-24.8397,9.2214,45.61,0
9214,0.4746,-0.3091,0.8345,7.7863,-27.1756,-13.4962,45.64,0
9224,0.4802,-0.2986,0.8293,12.6412,-28.0000,-11.9389,45.63,0
9234,0.4636,-0.2812,0.8320,16.4886,-27.3435,-9.6641,45.65,0
9245,0.4509,-0.2812,0.8447,17.6947,-27.5267,-9.1145,45.66,0
9254,0.4368,-0.2783,0.8274,16.6260,-26.8092,-9.8779,45.61,0
9264,0.4185,-0.2822,0.8323,14.7328,-26.6870,-13.0687,45.64,0
9274,0.4377,-0.2793,0.8291,13.2977,-28.1985,-16.5038,45.67,0
9284,0.4534,-0.2501,-0.0001,-0.0153,-0.0153,-0.0153,36.53,0
9314,0.4260,-0.2463,0.7849,7.1603,-30.5649,-11.2366,45.62,0
9324,0.4473,-0.2446,0.7598,5.3282,-34.8855,-8.4122,45.64,0
9334,0.4558,-0.2517,0.7600,3.4046,-37.9542,-7.3282,45.62,0
9344,0.4817,-0.2693,0.7556,3.2824,-41.8779,-7.3740,45.66,0
9354,0.4937,-0.2856,0.7549,4.3969,-42.1832,-9.3130,45.63,0
9364,0.4773,-0.2930,0.7600,6.1527,-39.1908,-15.0382,45.65,0
9374,0.4529,-0.2832,0.7458,9.8321,-35.4962,-24.8702,45.64,0
9384,0.4656,-0.2585,0.7346,14.9618,-35.6641,-34.4580,45.65,0
9394,0.4895,-0.2327,0.7322,19.3893,-36.7786,-39.3588,45.64,0
9404,0.5146,-0.2053,0.7444,21.6183,-39.4656,-39.6336,45.65,0
9414,0.5571,-0.1943,0.7415,21.4504,-42.0763,-37.3282,45.66,0
9424,0.5618,-0.1794,0.7495,19.1756,-43.4656,-33.4809,45.68,0
9434,0.5522,-0.1790,0.7480,16.3664,-45.5725,-29.8931,45.63,0
9444,0.5659,-0.1882,0.7410,13.2977,-49.6641,-28.6412,45.62,0
9454,0.5847,-0.2070,0.7429,12.0611,-54.6718,-29.5420,45.64,0
9464,0.6118,-0.2275,0.7302,13.1756,-54.8092,-32.4580,45.62,0
9474,0.6382,-0.2485,0.7351,16.9008,-53.3130,-38.6260,45.62,0
9484,0.6860,-0.2727,0.7312,23.2824,-52.7634,-42.4733,45.60,0
9494,0.7266,-0.2568,0.7463,30.5496,-52.2290,-42.7023,45.64,0
9504,0.7354,-0.2539,0.7649,36.6260,-47.7710,-41.2824,45.63,0
9514,0.7161,-0.2332,0.7925,38.6718,-41.2061,-40.9313,45.66,0
9524,0.6912,-0.2148,0.7939,36.8550,-36.0611,-42.5649,45.62,0
9534,0.6711,-0.1960,0.7891,32.7939,-33.5420,-43.8473,45.63,0
9544,0.6577,-0.1665,0.7583,28.4580,-33.4046,-43.1145,45.63,0
9554,0.6633,-0.1421,0.7358,24.1221,-36.8244,-40.1374,45.64,0
9564,0.6995,-0.1216,0.7444,20.9466,-41.3435,-33.0382,45.64,0
9574,0.7007,-0.1094,0.7507,17.1450,-44.4275,-22.5496,45.63,0
9584,0.6919,-0.1079,0.7451,11.2366,-50.3053,-12.4580,45.64,0
9594,0.7090,-0.1333,0.7268,5.9542,-58.6260,-3.9237,45.61,0
9604,0.7068,-0.1450,0.6956,3.6183,-63.4046,1.0992,45.63,0
9614,0.7053,-0.1616,0.6956,3.9695,-65.2061,1.0229,45.62,0
9624,0.6978,-0.1802,0.6748,6.6565,-61.9084,-5.6947,45.64,0
9634,0.6833,-0.1741,0.6641,11.2366,-55.0992,-14.6565,45.65,0
9644,0.6660,-0.1780,0.6409,15.7405,-48.7328,-25.7710,45.60,0
9654,0.6631,-0.1741,0.6091,19.5725,-46.8702,-37.1145,45.63,0
9664,0.7041,-0.1697,0.5776,25.1908,-48.8702,-45.2061,45.59,0
9674,0.7654,-0.1477,0.5571,32.4122,-47.8626,-47.0992,45.61,0
9684,0.7869,-0.1382,0.5735,39.0992,-45.9542,-45.2672,45.62,0
9694,0.8198,-0.1182,0.5813,43.7710,-44.7634,-40.7328,45.62,0
9704,0.7974,-0.0835,0.6228,43.9847,-43.6031,-34.3817,45.61,0
9714,0.7830,-0.0583,0.6282,39.7557,-46.9924,-30.2290,45.63,0
9724,0.8003,-0.0371,0.6421,32.4733,-51.6031,-26.4122,45.62,0
9734,0.8167,-0.0222,0.6494,23.3740,-54.5649,-22.1985,45.64,0
9744,0.8086,-0.0095,0.6526,14.0153,-54.2137,-18.7786,45.61,0
9754,0.8140,-0.0171,0.6343,6.5802,-51.4198,-17.7099,45.62,0
9764,0.8347,-0.0159,0.6304,2.0000,-50.1832,-16.7481,45.60,0
9774,0.8462,-0.0295,0.5974,0.1679,-52.7634,-14.6260,45.62,0
9784,0.8594,-0.0425,0.5698,1.2977,-59.5420,-11.2214,45.61,0
9794,0.8901,-0.0547,0.5718,4.4427,-67.7252,-8.3664,45.63,0
9804,0.9690,-0.0762,0.5796,10.2595,-71.6031,-6.9008,45.65,0
9814,0.9971,-0.0645,0.5950,18.2901,-61.1298,-7.9237,45.62,0
9824,1.0027,-0.0466,0.6357,24.0916,-45.8779,-11.1450,45.61,0
9834,0.9836,-0.0271,0.6685,23.8931,-32.5802,-16.4122,45.59,0
9844,0.9780,-0.0154,0.6689,18.2748,-23.5725,-22.0458,45.64,0
9854,0.9915,-0.0115,0.6335,8.1069,-18.6565,-26.7634,45.76,0
9864,0.9919,-0.0032,0.6218,5.4656,-13.8626,-24.9466,45.65,0
9874,0.9741,-0.0115,0.6113,2.9313,-13.4962,-19.0382,45.61,0
9884,0.9746,-0.0081,0.5906,0.6718,-18.9008,-9.7710,45.60,0
9894,0.9868,-0.0142,0.5735,-1.7099,-23.6489,0.3053,45.61,0
9904,0.9753,-0.0125,0.5720,-4.2443,-23.2672,8.1221,45.62,0
9924,1.8535,-0.0347,1.1299,0.0000,0.0000,0.0000,45.57,0
9934,1.8115,-0.0439,1.0835,-36.1527,-47.2824,29.5725,45.38,0
9944,1.8110,-0.0557,1.0566,-43.9695,-46.2748,29.8931,45.52,0
9954,1.7871,-0.0781,1.0244,-44.9160,-44.0000,26.1832,45.57,0
9964,1.8555,-0.1313,0.9907,-37.2977,-34.8244,23.7252,45.42,0
9974,1.8062,-0.1187,0.9497,-23.8779,-18.7634,22.8702,45.42,0
9984,1.7734,-0.1318,0.9565,-10.5038,-8.3206,21.7863,45.52,0
9994,1.7329,-0.1255,0.9644,-2.1374,-9.5267,19.9237,45.57,0
10004,1.7251,-0.1084,0.9902,1.9237,-9.3893,16.7634,45.42,0
10014,1.6953,-0.1035,1.0010,2.4275,-11.4504,11.2519,45.38,0
10034,-1.1777,1.2480,2.2725,0.0000,0.0000,0.0000,45.57,0
10044,1.7354,-0.1196,0.9795,0.5649,1.4809,10.5954,45.52,0
10054,1.7305,-0.1328,1.0024,4.0458,-8.0305,9.6031,45.38,0
10064,1.7227,-0.1235,0.9985,1.8473,-11.6336,9.2977,45.33,0
10074,1.7222,-0.1260,1.0083,1.6183,-14.8092,8.6260,45.52,0
10084,1.7451,-0.1362,1.0000,4.0305,-12.3359,7.3893,45.52,0
10094,1.7910,-0.1279,0.9800,7.8626,-6.9466,6.0763,45.42,0
10104,1.8022,-0.1328,0.9863,10.3359,-3.0687,4.2901,45.38,0
10114,1.7686,-0.1543,1.0029,10.7328,-3.6947,5.6794,45.52,0
10124,1.7915,-0.1582,1.0098,11.7252,-3.1756,6.3511,45.38,0
10134,2.0024,1.0972,0.9609,10.6260,-3.7710,5.0076,45.42,1
10144,1.8291,-0.0981,0.9292,11.0992,1.3282,6.7481,45.38,1
10154,1.7388,-0.0957,1.0142,6.6260,-2.4733,5.7710,45.42,1
10164,1.7515,-0.1143,1.0063,0.7328,-9.0840,6.2901,45.52,1
10174,1.8062,-0.1216,0.9854,-0.1832,-8.7634,8.9313,45.52,1
10184,1.7964,-0.1411,0.9961,1.2214,-0.7634,11.0840,45.52,1
10194,1.7715,-0.1328,1.0347,1.4656,3.3588,10.2595,45.52,1
10204,1.7529,-0.1304,1.0337,-0.2748,3.4351,9.2977,45.38,1
10214,1.7251,-0.1216,1.0146,-1.3893,1.2366,6.7328,45.52,1
10224,1.7275,-0.1099,1.0273,-1.7405,-0.7176,4.3053,45.38,1
10234,1.7505,-0.1284,0.9937,-0.8702,-1.1756,3.0687,45.38,1
10244,1.7451,-0.1265,0.9824,1.2672,1.2061,1.7405,45.24,1
10254,1.7471,-0.1426,0.9600,4.2748,-0.9313,2.8092,45.61,1
10264,1.7520,-0.1499,0.9395,9.4962,-2.0458,4.3206,45.24,1
10274,1.7422,-0.1445,0.9355,16.8244,-4.3511,5.2672,45.38,1
10284,1.7397,-0.1382,0.9629,21.9237,-3.6336,2.2137,45.52,1
10294,1.7305,-0.1362,0.9731,25.2061,-3.2214,-3.2672,45.38,1
10304,1.7559,-0.1382,0.9653,26.2137,-6.2137,-8.4885,45.33,1
10314,1.7876,-0.1313,0.9590,26.8244,-6.8244,-8.5802,45.38,1
10324,1.7964,-0.1357,0.9604,27.5573,-6.7328,-7.4962,45.61,1
10334,1.7939,-0.1392,0.9731,27.0534,-6.3969,-5.1298,45.38,1
10344,1.7681,-0.1201,0.9746,23.8168,-4.0611,-3.1603,45.38,0
10354,1.9370,-0.1084,0.7295,21.1756,-8.1527,-1.0840,45.33,0
10364,1.6694,-0.1187,1.1040,13.9237,-7.0687,-3.0534,45.38,0
10374,1.8296,-0.1167,0.9658,9.3130,-5.6183,-3.1756,45.42,0
10384,1.8047,-0.1177,0.9902,6.1679,3.3893,-2.1985,45.38,0
10394,1.7656,-0.1250,0.9956,4.3053,1.6641,-0.3053,45.38,0
10404,1.7700,-0.1079,0.9702,2.4427,-5.2061,3.6641,45.52,0
10414,1.7695,-0.1426,0.9424,2.8397,-9.8015,6.5496,45.24,0
10424,1.7866,-0.1313,0.9438,6.1985,-9.8015,7.9847,45.33,0
10434,1.7886,-0.1362,0.9634,6.0611,-6.0305,6.5191,45.38,0
10444,1.7979,-0.1392,0.9717,6.3969,1.5725,1.8931,45.24,0
10454,1.7720,-0.1382,0.9800,6.3359,6.6565,-1.5573,45.52,0
10464,1.7617,-0.1328,0.9731,5.4656,5.8779,-3.6336,45.38,0
10474,1.7524,-0.1396,0.9678,4.4275,3.0534,-3.6794,45.33,0
10484,1.7476,-0.1504,0.9785,5.0534,2.3969,-3.3588,45.38,0
10494,1.7368,-0.1445,0.9648,5.7557,-0.1679,-2.5191,45.42,0
10504,1.7310,-0.1313,0.9551,5.6183,-2.0611,-3.1908,45.52,0
10514,1.7207,-0.1211,0.9565,6.7939,-2.8092,-3.6183,45.52,0
10524,1.7339,-0.1343,0.9370,6.4122,-8.4427,-3.8015,45.52,0
10534,1.7642,-0.1152,0.9263,6.4580,-11.1298,-3.1450,45.52,0
10544,1.7744,-0.1182,0.9424,7.5115,-10.9313,-1.3130,45.71,0
10554,1.7905,-0.1309,0.9541,8.6718,-8.1374,-2.3053,45.61,0
10564,1.7827,-0.1382,0.9536,10.3511,-3.9847,-5.4504,45.42,0
10574,1.7764,-0.1436,0.9399,13.9389,-1.8931,-8.1374,45.61,0
10584,1.7539,-0.1338,0.9453,17.0992,-3.2519,-10.2290,45.33,0
10594,1.7822,-0.1162,0.9658,18.0000,-4.3664,-13.4809,45.42,0
10604,1.8066,-0.1060,0.9604,19.4046,-0.4733,-13.1298,45.24,0
10614,1.8145,-0.1089,0.9717,19.0687,2.2137,-12.5191,45.38,0
10624,1.7944,-0.0947,0.9741,18.2595,3.6336,-11.5267,45.24,0
10634,1.7754,-0.0942,0.9937,14.6565,-1.2977,-9.7710,45.61,0
10644,1.7827,-0.0767,0.9741,10.1985,-5.1603,-6.2443,45.38,0
10654,1.7988,-0.0747,0.9717,7.6336,-7.0229,-3.2366,45.33,0
10664,1.8130,-0.0708,0.9619,7.8473,-2.0000,-1.8931,45.42,0
10674,1.7827,-0.0806,0.9639,6.9618,-0.5038,-1.7252,45.38,0
10684,1.7676,-0.0737,0.9751,4.2901,-3.8473,-2.9466,45.38,0
10694,1.7925,-0.0928,0.9639,2.5802,-6.1527,-3.6947,45.52,0
10704,1.8223,-0.0977,0.9478,4.0458,-6.2901,-2.3359,45.52,0
10714,1.8652,-0.1143,0.9409,8.0000,-2.5191,0.1221,45.24,0
10724,1.8604,-0.1167,0.9414,13.5115,4.4580,1.9695,45.33,0
10734,1.8169,-0.1108,0.9697,15.4504,4.8855,2.5038,45.19,0
10744,1.7954,-0.1245,0.9829,12.9924,3.2519,1.6641,45.33,0
10754,1.7837,-0.1133,0.9951,11.2366,1.5267,1.7405,45.33,0
10764,1.8037,-0.1040,0.9819,8.1221,1.1756,1.9695,45.24,0
10774,1.7886,-0.0967,1.0000,6.6260,5.5115,1.7863,45.52,0
10784,1.7817,-0.0874,0.9863,5.3282,7.0229,-0.3206,45.24,0
10794,1.7847,-0.0718,0.9736,4.3664,7.8473,0.3206,45.24,0
10804,1.7612,-0.0674,0.9565,4.9618,8.3817,0.9618,45.38,0
10814,1.7676,-0.0781,0.9434,6.0153,7.0229,0.7023,45.38,0
10824,1.7603,-0.0781,0.9331,8.4427,8.1221,1.8473,45.57,0
10834,1.7441,-0.0757,0.9414,9.5878,6.2137,1.3130,45.24,0
10844,1.7305,-0.0835,0.9517,8.8855,3.0229,1.1145,45.33,0
10854,1.7251,-0.0762,0.9561,6.6565,-0.6718,-0.0763,45.24,0
10864,1.7334,-0.0732,0.9604,4.8092,-1.6336,-3.4962,45.52,0
10874,1.7427,-0.0737,0.9629,3.4962,-1.0382,-5.5267,45.38,0
10884,1.7412,-0.0591,0.9805,1.5115,-0.9160,-8.6870,45.24,0
10894,1.7441,-0.0703,0.9805,-1.0992,-0.2443,-11.4962,45.38,0
10904,1.7715,-0.0845,0.9370,-0.0916,-2.0458,-13.7557,45.38,0
10914,1.8037,-0.1060,0.8994,5.8473,-0.3969,-10.6107,45.24,0
10924,1.8140,-0.1167,0.9062,14.8702,2.1985,-6.2901,45.38,0
10935,1.8013,-0.1118,0.9365,20.9160,3.5267,-3.4962,45.38,0
10944,1.7690,-0.1069,0.9775,21.8321,3.9084,-5.0992,45.38,0
10954,1.7700,-0.0996,0.9761,18.5496,3.5573,-10.1527,45.52,0
10964,1.7603,-0.0830,0.9844,15.4351,4.2901,-12.2137,45.42,0
10974,1.7969,-0.0811,0.9731,13.8473,1.7099,-12.6260,45.57,0
10984,1.8042,-0.0654,0.9707,11.9237,1.9695,-11.5878,45.61,0
10994,1.7974,-0.0796,0.9839,10.6412,3.4809,-11.0382,45.38,0
11004,1.7847,-0.0811,0.9824,8.3053,1.5573,-10.0763,45.33,0
11014,1.7993,-0.0845,0.9790,6.0458,-0.6107,-7.8626,45.38,0
11024,1.7886,-0.0747,0.9473,7.1756,-3.7863,-6.5802,45.33,0
11034,1.8208,-0.0796,0.9312,10.8092,-5.5420,-3.0076,45.24,0
11044,1.8350,-0.0659,0.9556,15.5725,-1.1908,-0.5191,45.24,0
11054,1.8271,-0.0557,0.9785,17.4809,6.7328,-2.2595,45.33,0
11064,1.7954,-0.0435,1.0078,15.7405,10.6412,-5.6641,45.42,0
11074,1.7808,-0.0308,1.0205,10.4275,9.6183,-8.6870,45.61,0
11084,1.7842,-0.0234,0.9888,4.3664,6.2443,-10.8244,45.38,0
11094,1.8027,-0.0293,0.9829,3.1298,4.0611,-8.5038,45.38,0
11104,1.8188,-0.0225,0.9580,3.2824,1.9389,-3.4351,45.57,0
11114,1.8149,-0.0229,0.9702,3.5725,2.8855,0.9924,45.38,0
11124,1.8013,-0.0288,0.9814,3.5573,4.6565,2.5191,45.42,0
11134,1.7964,-0.0225,0.9707,2.5344,5.2824,2.1069,45.19,0
11144,1.7983,-0.0200,0.9736,1.7863,6.8855,2.2595,45.38,0
11154,1.7959,-0.0288,0.9868,1.6947,8.1832,1.2977,45.52,0
11164,1.8198,-0.0308,0.9902,2.2137,8.2443,-0.4885,45.42,0
11174,1.8354,-0.0342,0.9893,4.2595,7.8779,-2.4733,45.38,0
11184,1.8745,-0.0361,0.9922,6.6107,10.1985,-4.5038,45.24,0
11194,1.9087,-0.0195,1.0156,8.1832,15.8015,-7.9695,45.42,0
11204,1.9160,-0.0298,1.0420,8.5496,18.9160,-12.6870,45.42,0
11214,1.9604,-0.0356,1.0459,8.5802,21.4656,-15.7405,45.52,0
11224,1.9883,-0.0439,1.0513,9.1908,27.5420,-15.5878,45.38,0
11234,2.0093,-0.0327,1.0762,10.3817,36.5038,-17.2824,45.24,0
11244,2.0146,-0.0396,1.1055,9.3130,46.7176,-19.2214,45.42,0
11254,2.0186,-0.0444,1.1333,7.0992,54.1832,-22.3817,45.05,0
11264,2.0386,-0.0176,1.1377,5.2672,60.2137,-24.3969,45.42,0
11274,2.0737,0.0151,1.1431,4.9618,66.7023,-24.7481,45.57,0
11284,2.1138,0.0381,1.1572,3.4962,76.0153,-26.4275,45.38,0
11294,2.1396,0.0449,1.1787,1.7405,87.6794,-28.9160,45.38,0
11304,2.1377,0.0527,1.2153,-0.5344,101.2519,-33.0229,45.38,0
11314,2.0991,0.0449,1.2456,-4.8550,110.0916,-32.0000,45.24,0
11324,2.0767,0.0723,1.2354,-9.3130,116.7634,-25.7099,45.38,0
11334,2.0620,0.0801,1.2339,-16.3206,120.2595,-13.0687,45.42,0
11344,2.0386,0.1055,1.2588,-23.3740,126.5954,-0.3053,45.24,0
11354,1.9849,0.1187,1.2686,-31.2366,133.9542,9.1298,45.52,0
11364,1.9399,0.6249,-0.0001,-0.0153,-0.0153,-0.0153,36.53,0
11374,1.8711,0.1396,1.2876,-42.3664,140.5038,6.0305,45.38,0
11384,1.8477,0.1548,1.3037,-44.3511,144.0458,-0.9313,45.42,0
11394,1.8203,0.1616,1.3047,-42.6565,148.3206,-8.7023,45.52,0
11404,1.8252,0.1494,1.3135,-39.7405,158.5649,-16.4733,45.52,0
11414,1.8198,0.1465,1.3599,-39.4962,168.5343,-21.3435,45.57,0
11424,1.7671,0.1367,1.4009,-41.8779,181.0840,-28.1832,45.71,0
11434,1.7329,0.1060,1.3970,-44.8397,185.8321,-36.7786,45.33,0
11444,1.7471,0.0693,1.3853,-45.0076,183.2061,-40.1985,45.33,0
11454,1.8091,0.0625,1.4053,-43.1145,182.8702,-37.5573,45.61,0
11464,1.8237,0.0396,1.4453,-41.9389,187.0992,-31.1603,45.38,0
11474,1.8135,0.0054,1.5171,-43.1298,198.2595,-22.9313,45.24,0
11484,1.7715,0.0278,1.5596,-51.8931,204.9924,-21.1298,45.33,0
11494,1.6963,0.0127,1.5947,-61.0076,210.0916,-23.4351,45.52,0
11504,1.6831,0.0156,1.5854,-65.7252,204.8397,-24.3206,45.52,0
11514,1.7085,0.0200,1.5835,-65.8779,206.0153,-19.5267,45.38,0
11524,1.7021,-0.0122,1.6157,-66.8092,211.4198,-15.3588,45.38,0
11534,1.6470,-0.0166,1.6392,-72.1069,225.3740,-8.7176,45.33,0
11544,1.5571,-0.0498,1.6699,-80.7023,234.8244,-8.2443,45.38,0
11554,1.4590,-0.0488,1.6445,-90.1374,240.4580,-14.5649,45.52,0
11564,1.3979,-0.0713,1.6328,-98.1985,250.5343,-16.5496,45.42,0
11574,1.3447,-0.0811,1.5967,-103.5725,254.1069,-13.8321,45.38,0
11584,1.2646,-0.0596,1.5986,-110.2748,262.0153,-4.7939,45.38,0
11594,1.1885,-0.0493,1.5781,-124.7939,263.3893,9.6183,45.42,0
11604,1.1230,-0.0879,1.5562,-139.5878,250.6107,24.6870,45.38,0
11614,1.0581,-0.1313,1.5029,-147.6183,238.8550,37.5115,45.38,0
11624,1.0195,-0.1997,1.4712,-148.3512,236.3206,44.5649,45.38,0
11634,0.9707,-0.2495,1.4736,-142.7939,239.2061,42.2595,45.61,0
11644,0.9028,-0.2979,1.5073,-134.6565,241.8473,32.3969,45.42,0
11654,0.8838,-0.2993,1.5298,-126.0000,248.0458,14.6107,45.42,0
11664,0.8867,-0.3188,1.5659,-119.7099,248.1374,-2.1985,45.38,0
11674,0.8989,-0.3169,1.5620,-109.4351,246.0153,-9.7099,45.52,0
11684,0.8755,-0.3340,1.5879,-102.9008,242.4886,-5.7557,45.24,0
11694,0.8760,-0.4077,1.5684,-99.8015,245.7099,6.4427,45.57,0
11704,0.7881,-0.4268,1.5708,-97.6641,246.8397,16.5954,45.42,0
11714,0.7163,-0.4580,1.6260,-97.8473,245.2519,18.6107,45.42,0
11724,0.7593,-0.4941,1.6362,-95.6183,239.5420,10.0763,45.38,0
11734,0.7744,-0.4780,1.6528,-87.0992,243.6488,-2.3206,45.42,0
11744,0.7271,-0.4561,1.6836,-78.6260,253.2519,-5.6947,45.42,0
11754,0.6162,-0.4253,1.7183,-74.1527,250.1985,-2.8397,45.52,0
11764,0.5796,-0.4326,1.7549,-75.9847,240.2443,7.1450,45.38,0
11774,0.5186,-0.4082,1.7666,-82.1985,234.4733,14.5802,45.33,0
11784,0.4595,-0.3867,1.7573,-94.7481,234.6565,22.3969,45.38,0
11794,0.4160,-0.4272,1.7344,-107.2061,235.2061,30.3817,45.24,0
11804,0.4077,-0.4771,1.7070,-116.5038,226.4122,30.7939,45.57,0
11814,0.4229,-0.5137,1.6689,-117.6031,227.6488,28.1374,45.38,0
11824,0.3975,-0.5698,1.6445,-106.5038,231.1908,26.3359,45.52,0
11834,0.3745,-0.5757,1.6514,-93.8168,240.7328,21.7710,45.38,0
11844,0.3340,-0.6245,1.6782,-84.1527,243.6336,17.3740,45.24,0
11854,0.2812,-0.6094,1.6660,-79.4962,249.1756,15.4656,45.38,0
11865,0.1992,-0.5688,1.6362,-80.5802,252.8550,16.8702,45.24,0
11874,0.1060,-0.5762,1.6064,-84.7939,251.5725,21.3282,45.38,0
11884,0.0386,-0.5464,1.5908,-92.4122,247.2977,24.7176,45.61,0
11894,-0.0215,-0.6001,1.5688,-99.3893,229.9389,26.1527,45.24,0
11904,-0.0254,-0.7051,1.5337,-100.9008,211.0229,25.3130,45.38,0
11914,-0.0229,-0.7495,1.4751,-101.1298,207.1450,28.9466,45.19,0
11924,0.0557,-0.8452,1.4370,-95.9847,213.6947,30.7786,45.52,0
11934,-0.0186,-0.8301,1.3940,-85.8015,228.0916,30.2290,45.38,0
11944,-0.1279,-0.7554,1.3452,-78.0763,246.2595,40.2290,45.38,0
11954,-0.2598,-0.7334,1.3682,-77.0992,238.1374,50.7176,45.52,0
11964,-0.3853,-0.7412,1.3491,-81.7557,218.7939,60.9008,45.38,0
11974,-0.3960,-0.7710,1.3569,-84.0611,200.9466,65.4504,45.61,0
11984,-0.4233,-0.8530,1.3188,-84.0763,190.8550,63.8168,45.57,0
11994,-0.5200,-0.8794,1.2642,-79.9084,190.7939,59.1298,45.38,0
12004,-0.6187,-0.8740,1.2515,-77.0229,186.5954,53.3130,45.52,0
12014,-0.7109,-0.9287,1.2134,-76.6870,169.6031,47.3893,45.38,0
12024,-0.6479,-0.9624,1.1753,-76.5802,166.4427,38.0611,45.42,0
12034,-0.6113,-1.0264,1.1084,-64.9924,175.1908,25.2519,45.42,0
12044,-0.6294,-0.9946,1.0713,-44.5344,193.4657,18.8397,45.24,0
12054,-0.7275,-1.0044,1.0742,-27.5114,202.1985,17.5725,45.33,0
12064,-0.8516,-0.9766,1.0801,-16.5802,196.7176,20.6412,45.38,0
12074,-0.9575,-0.9668,1.0571,-8.6412,179.0687,26.6260,45.38,0
12084,-1.0176,-0.9443,1.0376,-3.6947,156.2290,31.6183,45.52,0
12094,-1.0693,-0.9497,0.9785,-0.9924,143.3282,32.6107,45.42,0
12104,-1.0918,-0.9326,0.9375,2.2901,137.3588,31.8626,45.38,0
12114,-1.1323,-0.9521,0.9775,5.4351,138.3053,23.2824,45.52,0
12124,-1.1890,-0.9712,0.9717,6.5344,138.1985,12.1221,45.33,0
12134,-1.1846,-0.9888,0.9209,11.5420,136.3969,1.1908,45.52,0
12144,-1.2534,-0.9722,0.9165,18.6412,129.7405,-2.8092,45.42,0
12154,-1.2446,-1.0093,0.9170,26.3511,114.8702,-7.9389,45.38,0
12164,-1.2349,-0.9775,0.9287,32.5802,104.6870,-9.3588,45.38,0
12174,-1.2764,-0.9468,0.9634,31.0229,86.9008,-5.9389,45.24,0
12184,-1.2451,-0.9346,0.9902,22.3664,69.8321,2.1374,45.05,0
12194,-1.2388,-0.9463,1.0254,8.5038,52.7786,11.9695,45.52,0
12204,-1.2021,-0.9688,1.0234,-5.2824,41.6336,21.4962,45.24,0
12215,-1.1992,-1.0234,1.0391,-14.8702,31.1145,25.9389,45.52,0
12224,-1.1890,-1.0327,1.0522,-17.3588,20.2901,25.8473,45.38,0
12234,-1.1553,-1.0737,1.0576,-11.4504,14.6260,21.0840,45.19,0
12244,-1.1416,-1.0723,1.0596,2.2137,13.5115,13.7099,45.38,0
12254,-1.1216,-1.0312,1.1138,18.9008,13.4962,4.5191,45.33,0
12264,-1.1021,-0.9834,1.1748,32.4122,11.2977,-4.5802,45.33,0
12274,-1.0767,-0.9043,1.2437,36.9008,7.2214,-8.9160,45.24,0
12284,-1.0312,-0.8833,1.2886,34.2290,2.4580,-10.7328,45.33,0
12294,-1.0029,-0.8594,1.3403,25.7252,0.9771,-9.5573,45.24,0
12304,-0.9668,-0.8818,1.3608,15.6489,-4.0763,-5.7710,45.52,0
12314,-0.9111,-0.9131,1.3521,6.9924,-6.7481,-0.9924,45.38,0
12324,-0.8931,-0.9229,1.3540,5.1145,-5.6947,4.8244,45.61,0
12334,-0.8989,-0.9287,1.3535,7.2519,-7.5725,9.6947,45.09,0
12344,-0.9282,-0.9146,1.3633,9.2214,-9.5267,13.0840,45.24,0
12354,-0.9297,-0.9233,1.3613,10.8702,-9.8321,13.9084,45.42,0
12364,-0.9395,-0.9087,1.3638,12.3359,-8.5038,12.8702,45.38,0
12374,-0.9536,-0.8857,1.3691,13.3893,-8.8702,13.5725,45.38,0
12384,-0.9600,-0.8750,1.3652,11.5573,-10.8397,15.1756,45.24,0
12394,-0.9434,-0.8921,1.3564,9.0840,-9.9542,17.3588,45.52,0
12404,-0.9395,-0.9224,1.3516,6.9924,-5.3588,16.5344,45.52,0
12414,-0.9692,-0.9390,1.3286,8.2595,-0.8397,12.3969,45.61,0
12424,-1.0137,-0.9165,1.2871,10.8702,0.2595,10.7634,45.61,0
12434,-1.0430,-0.8818,1.2656,11.5115,-2.7328,13.9847,45.57,0
12444,-1.0913,-0.8516,1.2593,7.0687,-12.7176,19.9389,45.38,0
12454,-1.1177,-0.8364,1.2383,0.7786,-26.3664,28.1527,45.38,0
12464,-1.1318,-0.8540,1.2124,-4.7328,-39.9237,34.1679,45.38,0
12474,-1.1094,-0.8794,1.2202,-7.6031,-52.0916,36.9313,45.38,0
12484,-1.0845,-0.9004,1.2139,-8.2901,-55.3893,36.8702,45.38,0
12494,-1.0537,-0.9072,1.2114,-9.3130,-54.8550,33.4656,45.19,0
12504,-1.0254,-0.9561,1.2148,-6.4885,-52.5344,28.3053,45.42,0
12514,-1.0483,-0.9678,1.2002,-2.9771,-49.8168,26.7634,45.24,0
12524,-1.0601,-0.9766,1.1870,-0.4122,-54.8397,28.7786,45.33,0
12534,-1.0415,-1.0435,1.1797,-0.0458,-60.6718,29.2519,45.52,0
12544,-1.0239,-1.0122,1.1641,2.0000,-63.9389,32.3664,45.24,0
12554,-1.0278,-1.0488,1.1743,4.7481,-68.6412,35.9389,45.24,0
12564,-1.0513,-1.0264,1.1787,11.4656,-69.7099,34.7481,45.42,0
12574,-1.0459,-1.0249,1.1807,16.9771,-70.9924,31.7405,45.38,0
12584,-1.0137,-0.9927,1.1846,18.7481,-65.4046,28.4275,45.33,0
12594,-1.0166,-0.9277,1.1987,15.7557,-62.2595,29.2519,45.33,0
12604,-1.0288,-0.9360,1.2158,11.2672,-68.5802,32.2748,45.42,0
12614,-1.0571,-0.8706,1.2173,7.2977,-81.4809,38.5649,45.38,0
12624,-1.0264,-0.7866,1.2285,1.4962,-97.7099,50.6718,45.42,0
12634,-1.0117,-0.7158,1.2456,-7.5420,-110.9160,68.8244,45.24,0
12644,-1.0029,-0.7827,1.2856,-20.6412,-125.9847,78.3359,45.33,0
12654,-0.9653,-0.9165,1.2988,-27.8168,-133.2061,67.4198,45.24,0
12664,-0.8940,-0.9326,1.2979,-24.6412,-126.9313,48.5649,45.38,0
12674,-0.8311,-0.9658,1.2866,-15.4809,-113.3893,33.1450,45.42,0
12684,-0.8130,-0.9258,1.2666,-1.6641,-104.4122,28.1832,45.52,0
12694,-0.8188,-0.8560,1.3120,10.1527,-105.8779,32.9618,45.38,0
12704,-0.8169,-0.7681,1.3452,12.0458,-107.9847,44.0305,45.52,0
12714,-0.8101,-0.7446,1.3530,4.0153,-110.4122,55.1450,45.42,0
12724,-0.8843,-0.6826,1.3423,-9.5267,-117.8168,65.0687,45.38,0
12734,-0.8984,-0.6836,1.3550,-26.9924,-132.1527,74.5649,45.38,0
12744,-0.9004,-0.7363,1.3394,-43.6489,-150.0305,78.5496,45.24,0
12754,-0.7852,-0.8491,1.3765,-50.2595,-166.0916,69.8626,45.42,0
12764,-0.6562,-0.9688,1.3970,-45.2824,-165.7405,52.3969,45.42,0
12775,-0.5449,-1.0381,1.3804,-27.2977,-152.4733,27.2366,45.42,0
12784,-0.5332,-1.0635,1.3833,0.0611,-135.4809,7.3282,45.42,0
12794,-0.5312,-0.9810,1.3818,29.3130,-130.6565,-0.7939,45.52,0
12805,-0.5371,-0.8936,1.4126,47.7405,-131.1450,2.9160,45.57,0
12814,-0.5415,-0.7817,1.4429,55.5725,-135.5267,12.3511,45.19,0
12824,-0.4893,-0.6714,1.4653,53.7863,-131.9847,21.7710,45.52,0
12834,-0.4771,-0.6729,1.5698,45.6641,-131.6794,22.7786,45.33,0
12844,-0.4565,-0.6528,1.5986,33.8473,-134.8397,18.2137,45.42,0
12854,-0.4282,-0.7383,1.5967,24.9771,-145.5267,13.2214,45.24,0
12864,-0.4058,-0.7441,1.5708,22.6412,-152.2137,11.8321,45.38,0
12874,-0.3613,-0.7764,1.5674,25.2824,-152.1527,12.0763,45.38,0
12884,-0.3472,-0.7847,1.5698,30.1985,-143.7710,11.7863,45.42,0
12894,-0.3638,-0.6934,1.5767,32.8397,-134.7634,12.5954,45.57,0
12904,-0.3354,-0.6709,1.6421,27.3588,-139.1450,12.0305,45.33,0
12914,-0.2876,-0.7266,1.6538,17.8321,-149.9389,13.1756,45.33,0
12924,-0.1963,-0.8379,1.6689,16.1221,-161.3282,11.3893,45.71,0
12934,-0.0991,-0.8989,1.6777,25.8168,-161.0534,6.9008,45.42,0
12944,-0.0391,-0.9141,1.6758,39.6183,-142.0763,-0.7786,45.38,0
12954,-0.1235,-0.8774,1.6860,54.3817,-119.2824,-10.8397,45.24,0
12964,-0.2300,-0.7905,1.6958,62.6107,-97.2977,-21.5725,45.19,0
12974,-0.2969,-0.6880,1.6929,63.7405,-87.4198,-31.5878,45.38,0
12984,-0.3589,-0.5610,1.6445,52.2290,-84.1527,-37.9847,45.42,0
12994,-0.3838,-0.5327,1.5854,35.1145,-104.3053,-29.8015,45.52,0
13004,-0.3091,-0.5303,1.5513,22.3817,-141.1450,-10.2443,45.42,0
13014,-0.1562,-0.6128,1.5513,15.8931,-175.3435,10.1527,45.38,0
13025,-0.0220,-0.7310,1.5850,19.4046,-186.5649,17.1298,45.52,0
13034,0.0664,-0.8359,1.6255,32.6718,-171.2672,5.6031,45.38,0
13044,0.0342,-0.8848,1.6636,51.3893,-139.2672,-23.4962,45.52,0
13054,-0.0044,-0.8560,1.6685,68.3664,-103.9237,-58.9160,45.38,0
13064,-0.0640,-0.7749,1.6968,81.2824,-72.9771,-88.6565,45.38,0
13074,-0.1133,-0.6587,1.6157,86.4122,-64.9618,-101.0840,45.52,0
13084,-0.1353,-0.5786,1.5918,89.1450,-91.6641,-90.1069,45.19,0
13094,-0.0190,-0.4707,1.5664,85.1756,-128.6718,-52.9771,45.42,0
13104,0.1323,-0.4336,1.5986,69.6794,-164.1985,-6.5191,45.42,0
13114,0.2632,-0.5327,1.6719,54.1069,-182.6260,19.2977,45.38,0
13124,0.3096,-0.6284,1.7046,41.2977,-175.0382,19.6183,45.38,0
13134,0.2720,-0.7510,1.7412,41.1756,-156.7176,-5.3588,45.42,0
13144,0.2344,-0.7734,1.6914,53.4656,-124.4733,-47.0076,45.38,0
13154,0.2319,-0.7363,1.6387,75.1756,-78.2290,-93.2672,45.33,0
13164,0.1182,-0.6821,1.6162,99.0076,-65.5420,-125.3282,45.42,0
13174,0.1216,-0.5630,1.6191,124.7939,-84.4885,-120.5343,45.52,0
13184,0.2407,-0.3540,1.6396,132.9160,-121.9542,-84.4275,45.52,0
13194,0.3623,-0.2183,1.6953,118.4427,-153.1298,-31.7099,45.52,0
13204,0.3984,-0.1523,1.7896,88.1832,-176.1069,16.9618,45.24,0
13214,0.4907,-0.2900,1.8472,49.0840,-192.6565,40.0611,45.24,0
13224,0.5332,-0.5005,1.8975,23.0076,-190.8397,20.0763,45.52,0
13234,0.5923,-0.6021,1.8740,24.1679,-150.5191,-31.4504,45.52,0
13244,0.6709,-0.6411,1.8291,44.4733,-100.3969,-88.1374,45.52,0
13254,0.6714,-0.6333,1.8247,75.9084,-72.1527,-114.6565,45.38,0
13264,0.6880,-0.5703,1.8467,106.3053,-74.8092,-101.7557,45.38,0
13274,0.7393,-0.4067,1.9062,125.7252,-98.5496,-65.9237,45.38,0
13284,0.7612,-0.2744,1.9902,124.5343,-109.4198,-24.7634,45.24,0
13294,0.7144,-0.1978,2.0513,99.3740,-107.5725,2.1832,45.38,0
13304,0.6191,-0.2002,2.1094,62.0611,-114.3664,16.9160,45.38,0
13314,0.6035,-0.3545,2.0435,27.5878,-126.8244,8.8550,45.42,0
13324,0.6533,-0.4639,1.9150,24.6718,-111.8321,-31.2824,45.33,0
13334,0.7241,-0.4736,1.8032,50.9313,-87.6183,-72.7634,45.52,0
13344,0.8149,-0.4741,1.7881,92.9924,-77.4046,-88.2137,45.24,0
13354,0.8184,-0.3745,1.8179,135.7557,-71.1145,-80.1221,45.42,0
13364,0.8013,-0.2534,1.9297,161.1450,-69.5878,-68.6412,45.33,0
13374,0.7808,-0.1338,2.0303,159.7557,-65.2519,-59.9389,45.38,0
13384,0.7666,-0.0171,2.1016,137.2519,-62.7176,-51.4351,45.42,0
13394,0.7339,0.0347,2.0903,101.4046,-64.9313,-39.6947,45.38,0
13414,0.7065,0.0059,1.9536,23.1756,-89.3588,-7.7710,45.61,0
13424,0.7217,-0.0664,1.8857,3.1756,-114.2595,6.2137,45.42,0
13434,0.8232,-0.1157,1.8472,-4.9771,-127.1908,15.2977,45.38,0
13444,0.8750,-0.1348,1.8408,-2.2443,-130.4427,20.6260,45.24,0
13454,0.9155,-0.1836,1.8452,3.0076,-124.9313,21.0229,45.38,0
13464,0.9341,-0.1953,1.8750,11.0382,-118.5496,16.4580,45.33,0
13474,0.9419,-0.1987,1.8789,19.8015,-108.9160,10.3969,45.52,0
13484,0.9375,-0.1943,1.8945,22.9771,-92.1985,1.9237,45.38,0
13494,0.8887,-0.1689,1.8833,20.4275,-77.2214,-9.5267,45.42,0
13504,0.8403,-0.1631,1.8550,12.5802,-68.6565,-20.5496,45.38,0
13514,0.8350,-0.2217,1.7983,7.2977,-70.0611,-30.9466,45.52,0
13524,0.9023,-0.2974,1.7417,14.2748,-80.5802,-35.3130,45.38,0
13534,1.0254,-0.3096,1.6685,35.3435,-82.8702,-34.5649,45.52,0
13544,1.0938,-0.2812,1.7188,61.3893,-75.3740,-31.4198,45.38,0
13555,1.0781,-0.2256,1.7935,79.2977,-63.6947,-29.9237,45.24,0
13564,1.0396,-0.1660,1.8511,80.7176,-54.7634,-34.5802,45.52,0
13574,1.0259,-0.1240,1.8706,70.0916,-43.6183,-40.6107,45.24,0
13584,1.0474,-0.1040,1.8643,54.0763,-39.5267,-38.5802,45.33,0
13594,1.0444,-0.0869,1.8589,37.4504,-43.5573,-27.9389,45.38,0
13604,1.0303,-0.0972,1.8042,21.8931,-50.4580,-17.8931,45.33,0
13614,1.0347,-0.1211,1.8037,13.5878,-64.1832,-7.4809,45.38,0
13624,1.0610,-0.1055,1.7646,20.3817,-0.0153,-0.0153,45.38,0
13634,1.0396,-0.1353,1.7349,4.8702,-70.9008,10.8702,45.38,0
13644,1.0483,-0.1484,1.7124,2.5802,-72.4427,14.2137,45.09,0
13654,1.0391,-0.1504,1.7012,3.1603,-71.6336,16.5496,45.57,0
13664,1.0190,-0.1470,1.6836,5.0992,-64.0611,12.5802,45.52,0
13674,0.9810,-0.1802,1.6729,8.2290,-54.8244,-1.8321,45.38,0
13684,0.9565,-0.1772,1.6348,14.0916,-43.7405,-19.4656,45.24,0
13694,0.9849,-0.1909,1.6187,22.7176,-45.4809,-29.0687,45.52,0
13704,1.0425,-0.1758,1.6104,36.4122,-47.7557,-28.6412,45.71,0
13714,1.0820,-0.1509,1.6206,46.3359,-46.6107,-25.7099,45.42,0
13724,1.0894,-0.1479,1.6626,49.9542,-45.6641,-22.9313,45.24,0
13734,1.0415,-0.1182,1.6528,49.9084,-45.8473,-21.9237,45.42,0
13744,1.0474,-0.0996,1.6709,41.1756,-46.1679,-24.2443,45.38,0
13754,1.0439,-0.0703,1.6626,30.7939,-42.0305,-29.0687,45.42,0
13764,1.0283,-0.0552,1.6187,20.8244,-37.8168,-35.7557,45.38,0
13774,1.0166,-0.0708,1.5869,13.6794,-41.2061,-40.7939,45.42,0
13784,1.0312,-0.0518,1.5190,11.2824,-50.6870,-37.0076,45.42,0
13794,1.0591,-0.0444,1.5063,11.9389,-62.6107,-23.4504,45.42,0
13804,1.0781,-0.0518,1.4932,11.4809,-71.4046,-7.8626,45.24,0
13814,1.0576,-0.0830,1.4883,13.8321,-77.5725,-0.1679,45.33,0
13824,1.0879,-0.1055,1.5166,20.0000,-83.2824,0.8550,45.38,0
13834,1.1416,-0.1040,1.5630,26.3969,-80.6260,-4.2290,45.52,0
13844,1.2051,-0.1172,1.6050,29.2824,-73.1603,-14.5344,45.52,0
13854,1.2349,-0.1152,1.6289,34.4885,-67.5573,-22.3511,45.24,0
13864,1.2500,-0.0845,1.6494,39.5115,-58.3969,-27.6336,45.42,0
13874,1.2432,-0.0688,1.6694,41.0076,-53.2977,-33.6947,45.33,0
13884,1.2290,-0.0352,1.6846,38.3206,-54.2748,-35.8779,45.38,0
13894,1.2686,-0.0054,1.6763,32.5038,-55.6183,-32.3206,45.38,0
13904,1.2930,0.0073,1.6270,26.7176,-59.3893,-26.3511,45.52,0
13914,1.3262,0.0127,1.6196,23.2672,-66.9313,-12.7939,45.38,0
13924,1.3398,0.0327,1.6001,17.4504,-72.3206,2.2290,45.57,0
13934,1.3267,0.0278,1.5923,11.4809,-78.4275,12.5191,45.38,0
13944,1.3232,0.0000,1.5796,6.2595,-79.5725,14.7786,45.38,0
13954,1.3042,-0.0312,1.5591,5.6641,-74.7634,6.9924,45.61,0
13965,1.3081,-0.0488,1.5386,12.6870,-61.4962,-11.4809,45.38,0
13974,1.3335,-0.0508,1.5068,24.1527,-52.2290,-29.8168,45.33,0
13984,1.3799,-0.0640,1.4951,38.0611,-47.3588,-36.7328,45.42,0
13994,1.3999,-0.0249,1.4990,50.8244,-38.7786,-37.5878,45.38,0
14004,1.3823,-0.0151,1.5093,59.6183,-31.2824,-41.7099,45.42,0
14014,1.3242,0.0132,1.5166,61.7252,-26.1069,-47.1603,45.38,0
14024,1.2856,0.0703,1.5371,58.5344,-28.0000,-51.5420,45.61,0
14034,1.2983,0.1064,1.5088,50.6718,-32.8244,-49.2824,45.52,0
14044,1.3076,0.1201,1.4927,40.3206,-40.0763,-36.5191,45.61,0
14054,1.2861,0.1240,1.4614,29.6947,-48.2748,-22.9618,45.33,0
14064,1.2432,0.1064,1.4341,22.0000,-58.8244,-14.0763,45.42,0
14074,1.2476,0.0942,1.4014,16.8702,-71.2366,-7.4351,45.52,0
14084,1.2812,0.1069,1.3701,17.3740,-77.4351,-3.9695,45.71,0
14094,1.3198,0.1099,1.3892,21.9237,-77.4198,-4.0305,45.52,0
14104,1.3447,0.1333,1.4253,26.5038,-69.5725,-8.3511,45.57,0
14114,1.3652,0.1362,1.4414,28.1527,-64.9466,-16.6260,45.38,0
14124,1.3872,0.1177,1.4478,28.6565,-64.5649,-19.9695,45.38,0
14134,1.3794,0.1548,1.4214,31.3588,-61.6947,-21.2824,45.52,0
14144,1.3438,0.1421,1.4160,32.6565,-63.8779,-25.7710,45.42,0
14154,1.3374,0.1382,1.4146,35.3130,-71.7099,-27.4656,45.38,0
14164,1.3550,0.1675,1.3872,35.8626,-75.4198,-26.5649,45.42,0
14174,1.4033,0.1768,1.3794,35.6489,-82.8244,-25.6947,45.52,0
14184,1.5034,0.1743,1.3706,32.4885,-80.0763,-24.1832,45.52,0
14194,1.5161,0.1680,1.4429,31.8015,-72.1221,-23.3588,45.52,0
14204,1.5410,0.1455,1.4092,28.2137,-70.4122,-26.2595,45.61,0
14214,1.5771,0.1777,1.3936,29.9237,-68.0611,-23.2366,45.38,0
14224,1.5400,0.1885,1.3672,31.5114,-64.5649,-19.2977,45.42,0
14234,1.4814,0.1880,1.3613,31.9389,-62.0458,-20.3053,45.42,0
14244,1.4126,0.2144,1.3379,28.5649,-59.8321,-24.9160,45.38,0
14254,1.3765,0.2148,1.3193,22.5954,-59.7710,-33.4809,45.38,0
14264,1.4023,0.2192,1.2671,19.1908,-71.4198,-38.1832,45.57,0
14274,1.5161,0.2075,1.2456,21.5267,-83.3740,-32.9008,45.52,0
14284,1.6250,0.1895,1.2148,29.4656,-90.9008,-23.7099,45.61,0
14294,1.7090,0.1636,1.2324,36.8855,-83.7252,-19.1756,45.33,0
14304,1.7114,0.1699,1.2617,44.2595,-68.8244,-24.9771,45.61,0
14314,1.7065,0.2041,1.2808,50.0305,-56.3053,-37.2519,45.42,0
14344,1.6108,0.3096,1.3169,29.9695,-41.7557,-51.5878,45.61,0
14354,1.5649,0.3032,1.2944,11.9695,-40.7634,-48.4122,45.61,0
14364,1.5249,0.3154,1.2964,-4.3053,-41.8931,-48.5038,45.61,0
14374,1.5503,0.2974,1.2915,-16.2748,-44.7786,-53.0687,45.42,0
14384,1.6045,0.2817,1.2358,-16.0153,-59.0840,-50.0000,45.38,0
14394,1.6792,0.2759,1.1558,-2.0916,-65.1298,-41.9847,45.38,0
14404,1.7139,0.3066,1.1333,19.6641,-66.0305,-34.7939,45.42,0
14414,1.7246,0.3135,1.1450,35.4351,-59.0687,-28.0916,45.38,0
14424,1.6567,0.3130,1.2271,38.5954,-51.8321,-22.6870,45.52,0
14434,1.5898,0.3281,1.2490,26.0305,-52.5649,-21.6794,45.33,0
14444,1.5718,0.3364,1.2490,8.8702,-60.3664,-21.3740,45.52,0
14454,1.6333,0.3320,1.2021,-4.1985,-68.9466,-20.9771,45.52,0
14464,1.7173,0.3228,1.1411,-5.8015,-75.4962,-14.8855,45.52,0
14474,1.7905,0.2949,1.1250,-1.2977,-78.3206,-2.3053,45.38,0
14484,1.8271,0.2925,1.1299,2.8855,-76.5802,9.4809,45.52,0
14494,1.7876,0.2959,1.1597,5.6336,-69.9847,14.4885,45.24,0
14504,1.7598,0.2871,1.1807,2.1527,-64.4122,11.4656,45.42,0
14514,1.7397,0.2900,1.1533,-3.5267,-60.3359,4.9618,45.52,0
14524,1.7412,0.2944,1.1147,-3.8626,-50.8702,1.3282,45.42,0
14534,1.7197,0.3145,1.0859,-1.7252,-45.7863,-0.2137,45.38,0
14544,1.6895,0.3325,1.0645,0.8397,-49.0534,1.9542,45.71,0
14554,1.6797,0.3237,1.0889,1.4046,-54.0611,2.1679,45.52,0
14564,1.7007,0.3086,1.0996,0.3664,-59.2214,-0.3664,45.38,0
14574,1.7798,0.3052,1.0942,1.1603,-60.8092,-1.2672,45.33,0
14584,1.8472,0.2788,1.0649,1.8168,-57.0992,2.9008,45.61,0
14594,1.8848,0.2710,1.0659,3.1145,-49.8168,8.8702,45.38,0
14604,1.8252,0.2666,1.0542,2.3053,-41.9542,13.4656,45.24,0
14614,1.7759,0.2822,1.0518,2.0000,-37.2061,13.1450,45.52,0
14624,1.7446,0.2827,1.0361,0.7786,-33.7557,10.1069,45.57,0
14634,1.7544,0.2773,1.0249,0.8397,-27.8015,4.0611,45.38,0
14644,1.7700,0.2749,1.0239,2.3817,-21.2519,-1.4809,45.24,0
14654,1.7783,0.2632,1.0249,3.8626,-19.3893,-5.4962,45.52,0
14664,1.8198,0.2910,1.0146,5.8321,-21.4656,-3.5115,45.52,0
14674,1.8174,0.2944,1.0103,4.8092,-24.7786,3.0687,45.42,0
14684,1.8198,0.2993,0.9883,3.4809,-23.5573,9.0076,45.38,0
14694,1.8101,0.2979,1.0020,3.6947,-24.3206,12.9466,45.52,0
14704,1.8042,0.2754,1.0117,4.1527,-18.8702,11.1298,45.42,0
14714,1.8091,0.2759,1.0239,4.7176,-11.7252,6.7939,45.52,0
14724,1.8394,0.2783,1.0107,4.5191,-3.1603,2.5496,45.33,0
14734,1.8130,0.3120,1.0176,4.5344,2.8397,1.2366,45.33,0
14744,1.7705,0.3081,1.0103,2.7023,4.7023,2.7939,45.57,0
14754,1.7393,0.3179,1.0103,-0.4122,-0.0458,6.2901,45.57,0
14764,1.7148,0.2988,1.0190,-2.8550,-6.1069,8.1679,45.38,0
14774,1.7051,0.2822,1.0166,-4.6260,-14.3359,9.7099,45.33,0
14784,1.7183,0.2637,0.9717,-3.2214,-23.5267,13.3435,45.42,0
14794,1.7354,0.2534,0.9346,-1.7405,-30.3053,17.4198,45.38,0
14804,1.7642,0.2671,0.9424,0.8244,-28.9466,18.9008,45.42,0
14814,1.6807,0.2061,1.0210,5.7405,-24.8855,17.9695,45.38,0
14824,1.8071,0.2686,0.9136,6.1221,-22.6718,9.2519,45.38,0
14834,1.8867,0.3140,0.9492,8.0763,-12.5954,-1.1908,45.38,0
14844,1.8472,0.3071,0.9844,8.0916,6.1985,-4.9160,45.19,0
14854,1.8125,0.2974,1.0132,5.9695,11.3893,-6.9466,45.38,0
14874,1.7734,0.3145,1.0215,0.0000,0.0000,0.0000,45.42,0
14884,1.7866,0.3042,0.9868,-13.0687,13.6183,18.3206,45.42,0
14894,1.7476,0.2891,0.9336,-17.9084,-4.8397,10.6412,45.42,0
14904,1.7466,0.2515,0.9736,-11.8015,-3.4504,15.2672,45.52,0
14914,1.7104,0.2354,0.9561,-13.4504,-7.3893,17.2519,45.38,0
14924,1.7104,0.2417,0.9443,-13.8168,-9.2824,17.4046,45.42,0
14934,1.7261,0.2222,0.9414,-11.4046,-9.0076,14.5038,45.42,0
14944,1.7422,0.2300,0.9014,-6.9924,-2.0763,8.2748,45.38,0
14954,1.7441,0.2275,0.9473,-0.7786,3.4962,0.2901,45.42,0
14964,1.7842,0.2266,0.9385,5.0992,12.5344,-5.2824,45.42,0
14974,1.7734,0.2241,0.9761,9.0382,14.9466,-8.3969,45.38,0
14984,1.8062,0.2109,0.9741,10.9466,14.8550,-9.2061,45.38,0
14994,1.8110,0.2490,0.9653,9.7557,14.3664,-6.3511,45.38,0
16054,1.7090,0.2759,0.9634,-3.9542,1.5420,1.8779,45.52,0
16056,1.7095,0.2793,0.9673,-3.4198,0.7176,1.6031,45.24,0
16058,1.7095,0.2646,0.9575,-3.6641,0.6260,0.4275,45.42,0
16060,1.7100,0.2676,0.9541,-2.9771,-0.3817,0.1374,45.24,0
16062,1.7075,0.2700,0.9526,-3.4504,-0.8092,-0.3969,45.09,0
16064,1.7173,0.2715,0.9526,-2.7176,-1.8321,-0.6718,45.42,0
16066,1.7261,0.2715,0.9546,-2.6718,-2.1374,-0.9008,45.33,0
16068,1.7319,0.2656,0.9521,-1.4809,-3.1298,-1.1450,45.38,0
16070,1.7305,0.2573,0.9395,-0.8397,-2.9160,-1.2214,45.24,0
16072,1.7378,0.2568,0.9272,0.0916,-2.7328,-1.9237,45.61,0
16073,1.7480,0.2544,0.9194,0.4122,-3.1145,-2.3206,45.33,0
16075,1.7485,0.2505,0.9341,0.9924,-2.6260,-1.9389,45.24,0
16077,1.7490,0.2451,0.9429,2.2443,-1.7557,-2.4733,45.38,0
16079,1.7437,0.2393,0.9468,3.5267,-1.9695,-2.1527,45.33,0
16081,1.7412,0.2310,0.9399,4.6412,-1.2214,-2.4580,45.38,0
16083,1.7544,0.2437,0.9561,5.4656,-0.3817,-3.3130,45.24,0
16085,1.7646,0.2505,0.9438,6.7023,-0.2901,-4.1832,45.42,0
16087,1.7900,0.2559,0.9609,7.6336,0.9924,-4.2748,45.24,0
16088,1.7920,0.2568,0.9531,8.8244,0.9160,-4.9771,45.38,0
16090,1.7964,0.2588,0.9673,8.7634,2.1832,-5.2977,45.52,0
16092,1.7974,0.2632,0.9688,9.3740,2.7328,-5.1756,45.24,0
16094,1.7959,0.2646,0.9697,10.3053,3.0992,-6.0458,45.24,0
16096,1.7876,0.2510,0.9736,10.7176,4.3206,-6.2443,45.57,0
16098,1.7939,0.2461,0.9785,10.5802,5.0382,-6.7481,45.52,0
16100,1.7954,0.2563,0.9766,11.8015,5.5115,-6.8855,45.38,0
16102,1.7930,0.2417,0.9971,11.6641,6.1221,-7.2977,45.24,0
16104,1.7979,0.2500,0.9810,11.1298,6.7481,-7.4962,45.38,0
16106,1.7949,0.2593,0.9868,12.2443,7.1603,-8.0611,45.24,0
16107,1.8022,0.2690,1.0098,11.9695,7.9695,-8.3969,45.42,0
16109,1.8032,0.2755,-0.0001,-0.0153,-0.0153,-0.0153,36.53,0
16111,1.8096,0.2778,0.9902,12.0458,9.3282,-9.0840,45.38,0
16113,1.8125,0.2769,0.9980,11.2061,9.9237,-9.3740,45.38,0
16115,1.8091,0.2739,0.9956,10.7634,9.7710,-9.0229,45.24,0
16117,1.8149,0.2847,0.9946,10.1374,9.7863,-9.2214,45.52,0
16119,1.8120,0.2817,1.0063,9.4046,10.0153,-8.8397,45.38,0
16121,1.8110,0.2852,1.0054,9.1450,10.5344,-8.2137,45.24,0
16123,1.8223,0.2729,1.0034,8.2443,9.8168,-8.0458,45.42,0
16125,1.8271,0.2910,1.0015,8.4122,9.7405,-7.4809,45.24,0
16126,1.8271,0.2808,0.9966,7.5878,9.8779,-6.0916,45.38,0
16128,1.8262,0.2871,0.9951,7.1298,10.5496,-6.1069,45.09,0
16130,1.8276,0.2949,1.0000,5.7710,10.0458,-4.6718,45.38,0
16132,1.8301,0.2900,1.0034,5.9542,9.7710,-3.5878,45.38,0
16134,1.8267,0.2847,0.9941,5.0840,10.1374,-3.3588,45.42,0
16136,1.8350,0.2910,0.9980,4.7176,9.9847,-2.1374,45.33,0
16138,1.8354,0.2837,0.9980,4.3206,9.6031,-1.2977,45.38,0
16140,1.8306,0.2881,0.9883,3.7557,9.6794,-0.2901,45.38,0
16141,1.8389,0.2778,1.0034,2.8550,10.0763,0.8702,45.24,0
16143,1.8398,0.2798,1.0020,3.6794,10.1221,1.8626,45.38,0
16145,1.8320,0.2617,0.9951,3.6031,10.6412,2.1221,45.52,0
16147,1.8315,0.2573,0.9888,3.0382,10.8702,3.8473,45.38,0
16149,1.8291,0.2573,0.9888,2.2901,10.7939,3.6947,45.38,0
16151,1.8140,0.2554,0.9917,2.6718,10.9466,4.6260,45.52,0
16153,1.8179,0.2578,0.9946,2.2290,11.0076,5.4198,45.38,0
16155,1.8125,0.2563,0.9990,2.1069,10.4580,5.3588,45.38,0
16157,1.8062,0.2573,0.9976,2.1832,9.2977,5.9695,45.61,0
16158,1.8062,0.2524,0.9976,2.5344,9.0687,6.1985,45.33,0
16160,1.8032,0.2544,1.0000,2.2443,8.7481,5.4351,45.52,0
16162,1.7979,0.2549,0.9834,1.8473,8.1985,6.2595,45.05,0
16164,1.8008,0.2549,0.9912,2.0000,8.3511,5.7405,45.24,0
16166,1.8052,0.2583,0.9956,2.0611,8.6718,5.5267,45.38,0
16168,1.7988,0.2661,0.9839,1.7557,8.4733,5.8321,45.33,0
16170,1.7954,0.2729,0.9863,1.0229,8.8702,5.6336,45.33,0
16172,1.7861,0.2627,0.9922,1.2214,9.5267,4.3053,45.38,0
16173,1.7817,0.2637,0.9941,0.6107,10.0305,4.0153,45.52,0
16175,1.7812,0.2661,0.9922,0.0916,10.9924,4.3664,45.52,0
16177,1.7686,0.2690,0.9966,0.5802,10.9924,3.8473,45.38,0
16179,1.7646,0.2710,0.9956,0.0458,11.9542,3.2977,45.38,0
16181,1.7607,0.2725,0.9966,-0.5649,12.3053,2.5496,45.24,0
16183,1.7461,0.2656,0.9990,-1.5725,12.1679,1.9237,45.24,0
16185,1.7485,0.2808,1.0132,-2.0000,11.5878,0.8244,45.52,0
16187,1.7529,0.2842,1.0068,-2.0000,10.7634,-0.0458,45.61,0
16189,1.7539,0.2822,0.9932,-2.5802,11.0840,-1.0076,45.38,0
16191,1.7671,0.2783,0.9980,-2.9008,10.8702,-2.0458,45.24,0
16193,1.7568,0.2852,0.9932,-3.0534,10.9160,-2.3664,45.24,0
16195,1.7617,0.2837,0.9966,-4.4122,-0.0153,-0.0153,45.33,0
16274,1.7373,0.2461,1.0015,8.0000,20.4427,-0.2595,45.52,0
16284,1.7241,0.2500,1.0166,8.4733,17.6641,0.0000,45.33,0
16294,1.6968,0.2778,1.0088,6.7023,13.6031,0.1374,45.38,0
16304,1.6719,0.2715,1.0098,2.9771,9.2824,1.9237,45.33,0
16314,1.6704,0.2515,1.0073,-1.2061,3.3130,3.0229,45.38,0
16324,1.6851,0.2617,0.9873,-3.0840,-1.1756,3.5573,45.38,0
16334,1.7202,0.2642,0.9810,-2.5649,1.0992,2.7786,45.38,0
16344,1.7305,0.2539,1.0010,-0.5649,2.8397,1.5267,45.38,0
16354,1.7305,0.2275,0.9902,0.9313,5.3588,0.3053,45.24,0
16364,1.7202,0.2319,0.9917,4.4122,2.7939,0.6565,45.24,0
16374,1.7358,0.2124,0.9819,7.0076,0.7786,1.7710,45.42,0
16384,1.7632,0.2173,0.9746,8.9160,1.9389,1.9389,45.33,0
16394,1.7622,0.2407,0.9937,11.5267,5.6489,1.3130,45.38,0
16404,1.7573,0.2720,1.0234,11.6947,8.6107,-0.6565,45.57,0
16414,1.7388,0.2720,1.0327,9.0992,9.7405,-1.6031,45.24,0
16424,1.7251,0.2778,1.0474,5.9847,5.6489,-1.8015,45.42,0
16434,1.7490,0.2656,1.0400,4.1221,2.4275,-1.4809,45.38,0
16444,1.7827,0.2534,1.0103,3.2977,5.0382,-0.3206,45.61,0
16454,1.7705,0.2515,1.0293,5.6031,9.1450,0.2137,45.24,0
16464,1.7559,0.2476,1.0244,7.0534,11.3130,0.1069,45.38,0
16474,1.7612,0.2837,1.0317,7.3435,10.5649,-0.2901,45.38,0
16484,1.7554,0.2935,1.0303,6.1221,9.0840,1.2824,45.24,0
16494,1.7539,0.2720,1.0381,3.3130,8.0763,2.7481,45.24,0
16504,1.7607,0.2568,1.0215,1.3588,10.7939,4.0153,45.33,0
16514,1.7549,0.2368,1.0386,0.6565,10.9771,4.1985,45.42,0
16524,1.7661,0.2314,1.0391,1.8779,11.1145,2.9313,45.38,0
16534,1.7588,0.2065,1.0483,3.4656,13.6947,3.0687,45.38,0
16544,1.7622,0.2305,1.0264,3.3282,15.9389,3.4504,45.38,0
16554,1.7446,0.2505,1.0332,2.7481,19.3282,4.0763,45.52,0
16564,1.7310,0.2378,1.0718,3.3282,19.4046,4.4122,45.33,0
16574,1.7305,0.2510,1.0703,4.0000,20.3817,4.2901,45.33,0
16584,1.7197,0.2705,1.0693,5.5115,21.8626,2.4275,45.38,0
16594,1.7290,0.2817,1.0825,5.6947,21.5878,0.2137,45.57,0
16604,1.7769,0.2720,1.0850,5.9847,23.2214,-0.7176,45.24,0
16614,1.7925,0.2759,1.1030,7.4351,27.2672,-0.5954,45.52,0
16624,1.8018,0.2705,1.1265,8.5191,31.0992,-0.9771,45.38,0
16634,1.8145,0.2495,1.1484,6.7176,35.1298,-4.2748,45.38,0
16644,1.8394,0.2671,1.1401,4.6260,37.2824,-6.5191,45.33,0
16654,1.8765,0.2686,1.1348,3.3435,42.1069,-5.1756,45.42,0
16664,1.8833,0.2754,1.1221,3.9389,48.5649,-0.2443,45.38,0
16674,1.8540,0.2842,1.1416,4.4275,55.4656,3.6183,45.38,0
16684,1.8271,0.3032,1.1426,4.5802,60.0763,6.0611,45.38,0
16694,1.7783,0.3096,1.1641,1.9847,63.7405,6.7481,45.33,0
16704,1.7524,0.3271,1.1826,-2.9008,64.9618,4.5802,45.42,0
16714,1.7544,0.3262,1.1807,-7.6183,68.0153,2.6412,45.38,0
16724,1.8081,0.3384,1.1621,-8.3359,72.8397,0.4122,45.61,0
16734,1.8193,0.3403,1.1987,-5.2672,77.4504,0.0000,45.38,0
16744,1.8232,0.3335,1.2417,-0.6107,80.2137,-0.3817,45.24,0
16754,1.8696,0.3608,1.3008,0.7328,85.3740,-0.4885,45.33,0
16764,1.8691,0.3696,1.3496,-2.5191,89.5115,-0.6260,45.19,0
16774,1.8745,0.3521,1.3613,-9.0687,98.6718,1.1450,45.24,0
16784,1.8418,0.3374,1.3818,-17.4962,104.7328,6.8855,45.24,0
16794,1.7749,0.3403,1.3691,-25.5725,110.1374,14.9618,45.38,0
16804,1.7197,0.3169,1.3955,-32.1527,108.0153,21.4198,45.24,0
16814,1.7168,0.3252,1.4077,-39.2366,103.9084,24.5038,45.19,0
16824,1.7524,0.3145,1.4219,-42.9771,103.1450,20.2443,45.33,0
16834,1.8359,0.2886,1.4185,-42.1374,108.3053,11.0076,45.24,0
16844,1.9009,0.2842,1.4404,-36.4733,123.3282,-0.9618,45.38,0
16854,1.9429,0.2686,1.4741,-30.2748,141.7405,-11.1450,45.33,0
16864,1.9722,0.2739,1.4995,-25.3282,161.0382,-14.9466,45.33,0
16874,1.9160,0.2793,1.5122,-23.2824,176.2595,-12.6107,45.00,0
16884,1.8496,0.2598,1.5532,-27.9542,181.4351,-1.4656,45.33,0
16894,1.7651,0.2485,1.5361,-37.8321,181.5420,14.0000,45.52,0
16904,1.6807,0.2461,1.5498,-48.5802,176.7176,27.4351,45.33,0
16914,1.6270,0.2378,1.5801,-57.3130,174.4275,32.9466,45.38,0
16924,1.6069,0.2500,1.5845,-62.7634,170.1679,32.0153,45.38,0
16934,1.5874,0.2764,1.6333,-64.0153,173.3740,29.4656,45.33,0
16944,1.5962,0.2778,1.6802,-65.7863,175.3740,21.8626,45.24,0
16954,1.6206,0.2749,1.7192,-69.7405,181.9542,15.4198,45.24,0
16964,1.6333,0.2383,1.7480,-73.9389,194.9771,9.8473,45.33,0
16974,1.5806,0.2173,1.7441,-77.4046,203.9695,4.2290,45.09,0
16984,1.5430,0.2373,1.7349,-80.8550,214.4580,4.7634,45.24,0
16994,1.4429,0.2612,1.7397,-85.3893,220.2137,12.5038,45.33,0
17004,1.3618,0.2212,1.7231,-107.9542,229.6336,25.0382,45.38,0
17014,1.3545,0.2075,1.7559,-109.9084,197.0229,35.2824,45.33,0
17024,1.3140,0.1875,1.7524,-124.7939,188.9008,47.0840,45.38,0
17034,1.2881,0.0757,1.7227,-137.5420,179.1450,53.1908,45.33,0
17044,1.3501,-0.0015,1.6626,-142.8702,176.5343,57.2061,45.38,0
17054,1.3086,-0.0166,1.6387,-137.3893,187.4809,61.0229,45.38,0
17064,1.2617,-0.0703,1.6313,-129.2366,201.7710,57.8779,45.52,0
17074,1.1392,-0.0532,1.6245,-118.8092,220.1832,45.1450,45.42,0
17084,1.0161,-0.0234,1.6553,-110.5343,231.1298,33.4504,45.24,0
17094,0.9658,-0.0454,1.6606,-102.4885,220.3359,21.2519,45.38,0
17104,1.0205,-0.0215,1.6611,-92.7481,212.8855,15.3740,45.38,0
17114,1.0420,0.0029,1.6855,-84.3511,216.5802,16.7176,45.05,0
17124,0.9995,0.0161,1.7451,-82.2443,219.8168,20.2443,45.42,0
17134,0.9224,0.0205,1.7842,-89.4657,224.0305,22.6260,45.38,0
17144,0.8564,-0.0391,1.8159,-98.2901,224.3969,18.2901,45.38,0
17154,0.8442,-0.0977,1.7891,-106.1832,229.6794,7.3435,45.38,0
17164,0.8066,-0.1582,1.7534,-114.8092,234.5954,-2.4733,45.38,0
17174,0.7642,-0.2085,1.7393,-121.7557,236.1679,-2.8244,45.24,0
17184,0.7788,-0.2402,1.6636,-126.4122,225.9389,12.0458,45.24,0
17194,0.7368,-0.2910,1.6650,-126.9924,216.5954,36.0305,45.38,0
17204,0.6626,-0.3589,1.6997,-124.3053,207.4351,50.9618,45.42,0
17214,0.5869,-0.3530,1.7021,-117.8779,202.1832,44.3969,45.38,0
17224,0.6089,-0.3555,1.7153,-110.7328,206.7481,26.0763,45.52,0
17234,0.6602,-0.3545,1.7158,-104.3359,227.6183,13.8779,45.42,0
17244,0.5542,-0.3516,1.7368,-102.9160,244.6718,14.9160,45.24,0
17254,0.4697,-0.3589,1.7368,-110.0763,243.3282,21.1756,45.52,0
17264,0.3623,-0.3960,1.6958,-121.7405,239.6183,31.1756,45.52,0
17274,0.2979,-0.4751,1.6221,-129.7863,231.9237,33.8473,45.24,0
17284,0.2700,-0.5176,1.5649,-130.4122,223.1908,31.6641,45.38,0
17294,0.2759,-0.5210,1.5264,-125.7252,214.5954,35.4504,45.52,0
17304,0.2363,-0.5117,1.5503,-117.2977,207.5114,42.6565,45.42,0
17314,0.1694,-0.4697,1.5522,-113.3893,201.0840,43.2977,45.33,0
17324,0.2012,-0.4727,1.5669,-111.9237,203.6947,38.6565,45.09,0
17334,0.2207,-0.4761,1.5469,-108.7939,212.9160,31.1756,45.38,0
17344,0.1626,-0.4854,1.5347,-103.5267,227.5725,28.1374,45.38,0
17354,0.0742,-0.4976,1.5078,-101.3893,225.5267,37.5115,45.38,0
17364,-0.0254,-0.4727,1.4873,-110.0763,217.7863,57.6641,45.38,0
17374,-0.1309,-0.5044,1.4663,-128.3206,201.4504,77.8931,45.19,0
17384,-0.1924,-0.5469,1.4307,-152.1985,180.3664,87.7405,45.38,0
17394,-0.2285,-0.5703,1.3472,-174.0611,170.1527,95.6794,45.42,0
17404,-0.1948,-0.7271,1.2920,-192.4733,154.5038,103.7252,45.38,0
17414,-0.1807,-0.7876,1.1528,-198.7023,145.5725,124.9008,45.38,0
17424,-0.1748,-0.8608,1.1055,-195.4962,146.8244,150.8397,45.38,0
17434,-0.2642,-1.0684,1.1284,-182.5343,145.9847,159.5573,45.52,0
17464,-0.6865,-1.0342,1.0894,-146.1679,187.3740,152.2290,45.38,0
17474,-0.7505,-1.0146,1.0918,-113.6641,162.3817,117.3740,45.33,0
17484,-0.7695,-1.0425,1.0879,-102.3053,147.5114,107.1145,45.61,0
17494,-0.7441,-1.0557,1.0796,-85.4351,137.8168,95.9389,45.61,0
17504,-0.7354,-1.0459,1.0742,-67.0992,138.0458,88.9313,45.19,0
17514,-0.7754,-1.0361,1.1201,-53.6641,134.9008,83.6336,45.38,0
17524,-0.8115,-1.0225,1.0933,-47.5420,133.7557,76.5343,45.42,0
17534,-0.9131,-0.9595,1.0703,-44.9924,137.6336,69.0992,45.38,0
17544,-1.0161,-0.9419,1.0420,-42.3359,130.1679,66.5038,45.19,0
17554,-1.0674,-0.9653,1.0415,-40.7786,114.8397,64.0458,45.33,0
17564,-1.0972,-0.9692,1.0347,-36.5038,101.4198,56.1221,45.38,0
17574,-1.1104,-0.9668,1.0093,-30.6107,90.4275,48.4427,45.38,0
17584,-1.1172,-0.9561,1.0391,-26.8550,83.2214,42.0305,45.24,0
17594,-1.1157,-0.9580,1.0312,-27.5573,67.5267,42.3359,45.52,0
17605,-1.0952,-1.0171,1.0254,-30.2901,55.6641,47.1450,45.33,0
17614,-1.0825,-1.0479,0.9985,-28.9924,47.1603,50.7176,45.42,0
17624,-1.0625,-1.0801,0.9785,-19.6336,46.4122,46.9924,45.38,0
17634,-1.0586,-1.0952,0.9868,-8.0916,54.8244,38.2137,45.24,0
17644,-1.1050,-1.0957,1.0171,5.6031,55.6641,25.8931,45.19,0
17654,-1.1382,-1.0864,1.0586,12.9771,50.7481,15.5420,45.38,0
17664,-1.1357,-1.0425,1.0688,17.3130,37.1450,13.4809,45.24,0
17674,-1.0884,-1.0146,1.0703,21.1145,23.8626,17.7710,45.38,0
17684,-1.0376,-1.0195,1.0869,23.5573,17.9847,20.4427,45.24,0
17694,-0.9995,-0.9858,1.0923,29.0076,20.4580,23.0687,45.38,0
17704,-1.0137,-0.9058,1.1426,28.4580,26.5649,23.0534,45.38,0
17714,-1.0703,-0.8862,1.2085,22.2137,23.1298,21.4504,45.24,0
17724,-1.0864,-0.8589,1.2095,13.9389,14.1985,18.6718,45.24,0
17734,-1.0557,-0.8892,1.2485,8.3969,2.7634,16.0458,45.38,0
17744,-1.0029,-0.9658,1.2510,8.1679,-7.8779,12.5038,45.38,0
17754,-0.9673,-0.9995,1.2764,13.4656,-11.7405,7.2977,45.24,0
17764,-0.9272,-1.0430,1.3101,24.2748,-11.0687,-1.1298,45.38,0
17774,-0.9082,-1.0449,1.3335,35.1908,-4.1374,-10.9618,45.38,0
17784,-0.8887,-1.0039,1.3555,44.7634,3.6947,-20.3053,45.52,0
17794,-0.8848,-0.9136,1.3975,49.4809,8.9924,-24.2137,45.52,0
17804,-0.8813,-0.8887,1.4185,47.5573,8.9008,-26.7328,45.05,0
17814,-0.8691,-0.8525,1.4351,38.9160,8.5954,-22.9618,45.42,0
17824,-0.8560,-0.8296,1.4429,27.6031,4.5954,-14.8702,45.52,0
17834,-0.8359,-0.8457,1.4409,13.3588,-3.7863,-4.8550,45.38,0
17844,-0.8286,-0.8804,1.4277,-0.4885,-9.6641,9.1908,45.38,0
17854,-0.8105,-0.9575,1.4214,-8.2443,-11.8321,16.2748,45.42,0
17864,-0.8247,-0.9980,1.3799,-7.8931,-6.4885,17.1756,45.33,0
17874,-0.8320,-1.0205,1.3589,-1.6641,-1.0687,12.2595,45.52,0
17884,-0.8589,-0.9946,1.3462,4.9771,6.0153,6.0458,45.38,0
17894,-0.9053,-0.9707,1.3530,10.9313,8.9924,0.3053,45.38,0
17904,-0.9302,-0.9331,1.3462,12.1374,8.6260,-2.0458,45.42,0
17914,-0.9321,-0.9185,1.3213,10.0153,3.5267,0.2901,45.38,0
17924,-0.9390,-0.9146,1.2856,5.8626,-0.1374,4.8702,45.38,0
17934,-0.9521,-0.9297,1.2441,4.6565,-1.9695,8.4885,45.42,0
17944,-0.9937,-0.9331,1.2065,5.7252,-1.2061,9.1603,45.52,0
17954,-1.0317,-0.9697,1.2144,10.2443,-1.0687,2.8855,45.38,0
17964,-1.0122,-1.0122,1.2344,18.7328,-0.1527,-11.8321,45.38,0
17974,-0.9829,-1.0713,1.2520,30.5191,3.2824,-28.8397,45.38,0
17984,-0.9463,-1.0488,1.2822,45.2214,7.0382,-41.8473,45.38,0
17994,-0.8706,-1.0244,1.3267,54.9771,5.5115,-46.8244,45.38,0
18004,-0.8311,-0.9678,1.3975,56.4885,6.4122,-41.5115,45.24,0
18014,-0.8164,-0.8989,1.4478,50.3969,2.8855,-32.4427,45.24,0
18024,-0.8340,-0.8906,1.4521,35.9237,-3.7863,-20.1985,45.24,0
18034,-0.8315,-0.8701,1.4595,16.3053,-11.8931,-4.7328,45.52,0
18044,-0.8364,-0.9385,1.4170,-0.4122,-20.7023,6.5649,45.52,0
18054,-0.8589,-0.9966,1.3867,-8.1069,-23.6794,10.2137,45.57,0
18064,-0.8740,-1.0166,1.3525,-5.8626,-26.3817,10.5344,45.33,0
18074,-0.8745,-1.0352,1.3301,2.0458,-28.1374,6.7786,45.38,0
18084,-0.8413,-1.0215,1.3330,12.6565,-23.7252,0.3053,45.38,0
18094,-0.8325,-0.9941,1.3374,24.7939,-16.9771,-6.7939,45.61,0
18104,-0.8403,-0.9517,1.3330,33.3282,-11.7863,-8.5649,45.38,0
18114,-0.8765,-0.9194,1.3394,35.2977,-12.9924,-6.8397,45.42,0
18124,-0.8989,-0.9062,1.3242,29.7099,-21.4809,0.6565,45.38,0
18135,-0.9028,-0.9023,1.3413,21.9389,-31.4046,9.2824,45.24,0
18144,-0.9116,-0.9092,1.3291,13.0840,-41.8779,17.2672,45.09,0
18154,-0.9229,-0.9209,1.3384,5.0534,-47.3740,21.8626,45.33,0
18164,-0.9272,-0.9395,1.3315,0.4580,-51.1908,20.5344,45.57,0
18174,-0.9253,-0.9580,1.3130,0.1374,-51.7405,15.2977,45.38,0
18184,-0.9058,-0.9712,1.3247,4.0305,-50.5954,8.9771,45.38,0
18194,-0.8975,-0.9663,1.2974,8.7481,-48.3359,4.2290,45.52,0
18204,-0.8931,-0.9487,1.2842,13.0382,-47.6641,2.9924,45.42,0
18214,-0.9409,-0.9360,1.2627,16.9618,-53.0534,5.0534,45.52,0
18224,-0.9609,-0.9155,1.2192,17.9847,-57.4046,7.8931,45.38,0
18234,-1.0195,-0.8730,1.1855,18.7023,-67.9542,11.6794,45.52,0
18244,-1.0200,-0.8643,1.1543,18.2595,-73.6031,12.6260,45.38,0
18254,-1.0205,-0.9160,1.1348,19.6794,-77.4504,7.8931,45.33,0
18264,-1.0273,-0.8892,1.1592,19.1298,-77.9237,-2.3206,45.61,0
18274,-1.0132,-0.8755,1.1338,17.6947,-79.7252,-9.9389,45.52,0
18284,-1.0029,-0.9038,1.1514,17.5267,-89.4046,-12.5496,45.24,0
18294,-0.9199,-0.9170,1.1387,18.9618,-96.5954,-12.7176,45.24,0
18304,-0.8843,-0.8857,1.1797,23.2824,-104.8855,-10.5802,45.42,0
18314,-0.8213,-0.8896,1.2402,27.0992,-113.3893,-6.2595,45.38,0
18324,-0.7563,-0.9214,1.3130,26.6718,-124.7786,-4.6718,45.71,0
18334,-0.6836,-0.8945,1.3271,26.2595,-131.8473,-2.8855,45.38,0
18344,-0.5923,-0.9336,1.4077,26.4733,-134.0000,-2.3053,45.42,0
18354,-0.5444,-0.9810,1.4463,27.8626,-130.0611,-6.1679,45.24,0
18364,-0.5366,-0.9497,1.4722,32.1527,-121.3893,-11.8168,45.33,0
18374,-0.5693,-0.9209,1.5288,37.4351,-123.3130,-15.4351,45.33,0
18384,-0.5444,-0.8652,1.5273,38.7328,-129.4351,-14.0763,45.38,0
18394,-0.4839,-0.8213,1.5444,33.6336,-134.7481,-5.8015,45.38,0
18404,-0.4424,-0.7896,1.5645,26.3817,-135.9389,5.0076,45.52,0
18414,-0.4194,-0.8252,1.5674,17.5420,-139.4504,13.4351,45.38,0
18424,-0.4473,-0.8936,1.5703,16.6870,-144.0458,12.0611,45.38,0
18434,-0.3867,-0.9316,1.5337,23.4504,-139.8473,1.7710,45.24,0
18444,-0.3105,-1.0059,1.5425,38.9008,-130.7176,-17.0382,45.52,0
18454,-0.2715,-0.9707,1.5630,59.3130,-114.8397,-32.9618,45.38,0
18464,-0.2617,-0.8979,1.5991,71.4351,-102.4733,-36.5038,45.24,0
18474,-0.3115,-0.7993,1.6509,68.1221,-104.5038,-24.3511,45.33,0
18484,-0.3481,-0.7153,1.6338,49.3130,-117.5725,-0.6565,45.24,0
18494,-0.3945,-0.6919,1.5938,23.9847,-135.7863,28.7023,45.38,0
18505,-0.3853,-0.8154,1.5635,0.3053,-155.2977,45.8626,45.52,0
18514,-0.3291,-0.9844,1.5146,-0.5954,-167.6947,31.8931,45.24,0
18524,-0.1982,-1.0806,1.4526,20.5038,-154.8550,-0.7786,45.42,0
18534,-0.0732,-1.1460,1.4629,55.7252,-130.0458,-32.2443,45.38,0
18544,-0.0229,-1.0801,1.5210,91.5420,-101.0992,-52.3817,45.38,0
18554,-0.0405,-0.9521,1.6333,115.0229,-84.5496,-58.2290,45.24,0
18564,-0.0859,-0.8135,1.7061,121.4198,-81.4504,-51.0534,45.24,0
18574,-0.1460,-0.6265,1.7407,108.6260,-87.2366,-33.2519,45.38,0
18584,-0.1812,-0.5518,1.7275,77.7710,-110.5649,-1.2061,45.38,0
18594,-0.1733,-0.6108,1.6475,42.3969,-142.5649,34.9924,45.24,0
18604,-0.1890,-0.6587,1.5405,20.3206,-164.9618,56.0763,45.24,0
18614,-0.0762,-0.8057,1.5103,22.2290,-175.4809,44.7634,45.33,0
18624,0.0278,-0.8633,1.5347,41.8015,-150.7328,12.9618,45.52,0
18634,0.0786,-0.8652,1.5825,72.8550,-120.5191,-28.5344,45.42,0
18644,0.0850,-0.8247,1.6743,104.5191,-97.9237,-65.6336,45.38,0
18654,0.1440,-0.6948,1.7568,124.3969,-83.9695,-80.9160,45.24,0
18664,0.1763,-0.5542,1.8057,124.9008,-81.8626,-71.6031,45.38,0
18674,0.1294,-0.4575,1.8330,109.8626,-96.5191,-41.2519,45.24,0
18684,0.0859,-0.3726,1.8350,79.2824,-115.5878,1.9389,45.33,0
18694,0.0205,-0.4116,1.7769,37.6183,-146.9160,36.6718,45.19,0
18704,0.0259,-0.5791,1.6543,7.6031,-170.9618,46.9008,45.42,0
18714,0.0732,-0.6611,1.5493,9.0687,-167.5420,26.1679,45.38,0
18724,0.1650,-0.7363,1.5337,36.2443,-154.7481,-10.1832,45.52,0
18734,0.2432,-0.7524,1.5435,77.8321,-131.2824,-44.9313,45.24,0
18744,0.2827,-0.6763,1.5952,118.8092,-102.2595,-71.3740,45.61,0
18754,0.2603,-0.5366,1.7339,144.3664,-80.9618,-85.8168,45.38,0
18764,0.2197,-0.4194,1.8408,144.7786,-75.7405,-85.6947,45.61,0
18774,0.1992,-0.3384,1.8931,126.5649,-88.1985,-72.1527,45.09,0
18784,0.2114,-0.3237,1.8745,98.8397,-106.4427,-55.2977,45.24,0
18794,0.1875,-0.3799,1.7627,75.4046,-120.9160,-49.7252,45.38,0
18804,0.2627,-0.4165,1.6035,67.9847,-138.7939,-51.2366,45.38,0
18814,0.3794,-0.4414,1.5518,80.6718,-148.6870,-39.8015,45.42,0
18824,0.4277,-0.3481,1.5815,100.6107,-150.5802,-24.3511,45.52,0
18834,0.4697,-0.2422,1.6777,110.9618,-143.0229,-15.5267,45.24,0
18844,0.4766,-0.1792,1.8682,105.8015,-141.0687,-11.0229,45.52,0
18854,0.5381,-0.1104,1.9204,84.5649,-137.1145,-5.8779,45.33,0
18864,0.5146,-0.1636,1.9053,55.4656,-143.2824,-1.8015,45.00,0
18874,0.5361,-0.3086,1.8550,32.2901,-162.0763,-7.6183,45.38,0
18884,0.5884,-0.4092,1.7930,33.0840,-165.8626,-21.0992,45.42,0
18894,0.6709,-0.4194,1.7090,52.5954,-159.8626,-35.8321,45.24,0
18904,0.7622,-0.4243,1.7632,79.5573,-150.1832,-40.2290,45.57,0
18914,0.8164,-0.3013,1.7896,99.5420,-136.0763,-35.3893,45.24,0
18924,0.8149,-0.2217,1.8975,100.6260,-128.8855,-28.1985,45.33,0
18934,0.7954,-0.1924,1.9761,85.5725,-135.7710,-16.1679,45.38,0
18944,0.8394,-0.1362,1.9575,57.8015,-141.1450,1.4809,45.61,0
18954,0.7744,-0.1533,1.9541,25.9237,-151.0229,23.0840,45.24,0
18964,0.7417,-0.2002,1.8398,-6.0153,-165.9847,36.9924,45.38,0
18974,0.7041,-0.3521,1.7690,-23.7099,-176.5802,31.8015,45.33,0
18984,0.7422,-0.4419,1.6470,-15.0076,-180.7176,11.2824,45.38,0
18994,0.8564,-0.4771,1.6108,18.1069,-172.8702,-13.2824,45.33,0
19004,0.9673,-0.4458,1.6006,59.7863,-153.1145,-27.7099,45.33,0
19014,1.0547,-0.4004,1.6729,92.3969,-135.1603,-34.5038,45.38,0
19024,1.0688,-0.3188,1.7310,109.0534,-121.4962,-34.4275,45.24,0
19034,1.0142,-0.2412,1.8218,107.2366,-111.3588,-31.8321,45.24,0
19044,0.9658,-0.1450,1.8604,90.0611,-108.1679,-28.8702,45.33,0
19054,0.9102,-0.0952,1.8472,60.9618,-115.1450,-20.8855,45.38,0
19064,0.9502,-0.1343,1.7578,30.5038,-128.0763,-13.1603,45.71,0
19074,0.9946,-0.1953,1.6504,15.5115,-143.0229,-13.0687,45.33,0
19084,1.1245,-0.2456,1.5576,22.8855,-153.8168,-15.9237,45.19,0
19094,1.2661,-0.2124,1.5405,44.3511,-152.1985,-18.9618,45.38,0
19104,1.3008,-0.1768,1.5566,65.3740,-138.5038,-25.3282,45.52,0
19114,1.2417,-0.1265,1.6665,79.0382,-121.0992,-31.5267,45.38,0
19124,1.2080,-0.0063,1.7388,74.4580,-111.1450,-34.5038,45.38,0
19134,1.1406,0.0444,1.7852,52.1221,-104.8244,-31.5878,45.33,0
19144,1.0713,0.0713,1.7891,18.3206,-109.3130,-21.8931,45.33,0
19154,1.0430,0.0400,1.6909,-18.0153,-120.5496,-6.0611,45.38,0
19164,1.0493,-0.0962,1.5830,-45.9084,-142.3969,6.3359,45.33,0
19174,1.1841,-0.2886,1.4692,-42.1221,-168.3969,1.1298,45.42,0
19184,1.4004,-0.3862,1.4141,-0.8550,-162.2748,-19.5878,45.09,0
19194,1.5488,-0.3701,1.4243,56.3511,-131.3893,-48.9466,45.33,0
19204,1.5713,-0.3271,1.5415,111.0534,-90.0153,-78.1221,45.38,0
19214,1.5010,-0.2222,1.6860,141.7557,-56.5191,-102.1679,45.19,0
19224,1.4663,-0.1216,1.7979,145.1145,-35.5267,-120.4122,45.38,0
19234,1.4463,-0.0303,1.8276,129.9389,-29.2519,-126.1985,45.19,0
19244,1.4678,0.0371,1.8071,108.3511,-28.5496,-114.8092,45.24,0
19254,1.4463,0.0493,1.7461,81.6794,-43.2061,-87.8168,45.38,0
19264,1.4546,0.0840,1.6987,53.9847,-65.1756,-48.6412,45.33,0
19274,1.4053,0.1357,1.6558,27.4198,-84.4580,-5.9847,45.24,0
19284,1.3550,0.1362,1.5806,0.0611,-99.5573,27.3588,45.38,0
19294,1.3198,0.0942,1.5654,-25.8626,-114.7939,53.8321,45.52,0
19304,1.2876,0.0444,1.4932,-43.6031,-122.9618,59.5420,45.38,0
19314,1.2998,-0.0571,1.4106,-45.7863,-123.5878,44.5496,45.24,0
19324,1.3721,-0.1089,1.3862,-25.7405,-116.0153,19.2672,45.24,0
19334,1.4277,-0.1143,1.3384,4.5191,-100.5496,-8.7176,45.38,0
19344,1.5400,-0.0981,1.3784,36.0153,-86.7939,-29.0687,45.42,0
19354,1.6064,-0.0537,1.4409,56.0763,-68.2748,-36.4275,45.42,0
19364,1.5815,-0.0405,1.5122,56.5954,-58.5954,-38.3969,45.38,0
19374,1.5635,-0.0278,1.5298,46.4122,-55.2061,-36.7023,45.33,0
19384,1.5483,0.0112,1.4883,29.9389,-56.8702,-30.9313,45.42,0
19394,1.5610,-0.0054,1.4448,14.9008,-64.2595,-20.0000,45.38,0
19404,1.5483,0.0093,1.4058,4.8855,-64.7328,-6.6870,45.33,0
19414,1.4961,0.0483,1.3911,-4.3206,-64.5496,1.6489,45.52,0
19424,1.4097,0.0508,1.3784,-16.1069,-69.2824,5.7405,45.24,0
19434,1.3647,0.0659,1.3203,-24.5191,-80.5496,6.9008,45.52,0
19444,1.3931,0.0669,1.2642,-26.6718,-90.8855,10.7176,45.33,0
19454,1.4165,0.0576,1.2256,-22.6870,-96.5496,14.7634,45.38,0
19464,1.4258,0.0156,1.1934,-18.2290,-94.9771,11.6489,45.38,0
19474,1.4204,-0.0122,1.1963,-13.1450,-94.0916,2.8550,45.42,0
19484,1.4360,-0.0356,1.1768,-5.9237,-95.0229,-8.5496,45.33,0
19494,1.4849,-0.0347,1.1787,2.9618,-95.4809,-19.3130,45.38,0
19504,1.5405,-0.0229,1.1973,18.3817,-95.1450,-23.0840,45.38,0
19514,1.6196,0.0312,1.1899,23.7557,-90.4733,-30.5038,45.38,0
19525,1.6187,0.0239,1.2417,27.0382,-86.6412,-34.5344,45.38,0
19534,1.6021,-0.0034,1.3086,25.7710,-78.1374,-41.0687,45.24,0
19544,1.6299,0.0142,1.3076,18.1832,-76.6412,-49.2214,45.19,0
19554,1.6221,-0.0107,1.3071,10.3817,-77.7863,-54.0305,45.38,0
19564,1.6650,-0.0122,1.2949,6.9160,-79.9084,-55.2214,45.33,0
19574,1.6768,-0.0249,1.2607,5.6947,-82.2443,-53.4809,45.42,0
19584,1.7554,-0.0498,1.2158,9.6183,-86.7786,-47.2214,45.38,0
19594,1.8037,-0.0620,1.1772,17.0382,-82.8244,-40.6565,45.38,0
19604,1.8257,-0.0337,1.1909,27.3893,-78.9771,-36.1221,45.33,0
19614,1.8213,-0.0205,1.1934,35.9847,-68.8397,-37.7099,45.61,0
19624,1.7832,0.0117,1.2236,38.6107,-61.2977,-42.9008,45.33,0
19634,1.7686,0.0420,1.2085,36.9313,-55.1450,-47.0382,45.38,0
19644,1.7539,0.0747,1.1694,33.3130,-54.9160,-46.9924,45.33,0
19654,1.7554,0.0776,1.1426,31.0382,-54.4580,-44.6412,45.38,0
19664,1.7822,0.1099,1.1128,30.7634,-53.6183,-43.8321,45.33,0
19674,1.7905,0.1372,1.0952,32.9924,-53.1298,-43.0534,45.42,0
19684,1.7686,0.1343,1.0781,35.9542,-54.0000,-39.0076,45.38,0
19694,1.7627,0.1396,1.0542,37.7710,-61.1603,-33.9084,45.24,0
19704,1.7690,0.1123,1.0312,39.3130,-66.0458,-29.8168,45.33,0
19714,1.8130,0.1089,1.0220,43.7405,-62.7481,-29.4656,45.38,0
19724,1.8213,0.1265,1.0439,48.4885,-48.7786,-34.1832,45.24,0
19734,1.8027,0.1577,1.0903,50.8244,-38.9771,-44.1527,45.38,0
19744,1.7959,0.2173,1.0991,50.0763,-32.0153,-52.4580,45.38,0
19754,1.7798,0.2661,1.1128,48.6107,-31.2672,-52.7328,45.52,0
19764,1.8159,0.2744,1.0933,44.7939,-38.9618,-46.8702,45.52,0
19774,1.8228,0.2798,1.0728,41.0840,-41.7710,-36.7481,45.52,0
19784,1.8062,0.2778,1.0620,37.8168,-47.8168,-30.3053,45.38,0
19794,1.8003,0.2690,1.0698,36.4733,-54.6412,-24.2443,45.24,0
19804,1.8467,0.2734,1.0269,36.5496,-53.8626,-19.4656,45.42,0
19814,1.8257,0.2568,1.0229,36.6565,-50.5344,-14.7786,45.38,0
19824,1.8096,0.2407,1.0190,33.9695,-45.4046,-9.6489,45.33,0
19834,1.7700,0.2427,1.0142,31.7863,-47.3740,-5.4962,45.24,0
19844,1.7783,0.2793,1.0210,27.0076,-48.8855,-4.1527,45.24,0
19854,1.7891,0.2812,1.0068,21.2977,-51.6183,-3.8779,45.38,0
19865,1.8286,0.2778,0.9844,19.7710,-51.3130,-4.6718,45.38,0
19874,1.8350,0.2700,0.9717,20.8092,-46.7786,-4.1221,45.38,0
19884,1.7725,0.2578,1.0039,21.5114,-39.1603,-3.0840,45.38,0
19894,1.7861,0.2822,0.9146,17.3740,-39.5878,-4.4122,45.38,0
19904,1.7271,0.2490,0.9570,11.0840,-44.4275,-6.3664,45.24,0
19914,1.7480,0.2446,0.9253,9.6947,-48.6260,-7.9847,45.24,0
19924,1.8032,0.2246,0.8838,11.3435,-51.9695,-8.7328,45.38,0
19934,1.8745,0.2280,0.8882,15.5725,-46.1679,-10.5344,45.24,0
19944,1.8643,0.2197,0.8955,17.8779,-35.6794,-14.7634,45.42,0
19954,1.8467,0.2427,0.9048,20.3359,-29.5267,-18.6412,45.52,0
19964,1.8169,0.2715,0.8950,20.4122,-28.1985,-19.4198,45.38,0
19974,1.7812,0.2725,0.8833,20.0916,-28.7328,-20.8397,45.38,0
19984,1.7759,0.2808,0.8604,19.0687,-31.0840,-23.1450,45.38,0
19994,1.8174,0.2783,0.8398,20.8244,-32.4733,-25.3740,45.38,0
20004,1.8555,0.2861,0.8315,26.4122,-30.5344,-26.6870,45.38,0
20014,1.8887,0.2993,0.8740,32.1985,-24.1069,-27.1756,45.24,0
20024,1.8809,0.3115,0.9268,32.4885,-20.3359,-25.9695,45.42,0
20034,1.9072,0.3306,0.9180,25.5420,-17.9389,-24.5344,45.42,0
20044,1.8960,0.3281,0.9341,17.8931,-18.2137,-19.5725,45.38,0
20054,1.9082,0.3247,0.9238,11.4656,-16.1069,-15.1298,45.38,0
20064,1.8887,0.3242,0.9077,6.0305,-13.7710,-11.9084,45.38,0
20074,1.8711,0.3403,0.8765,3.7710,-15.1908,-10.2290,45.09,0
20084,1.8760,0.3442,0.8423,2.4427,-21.6336,-6.6870,45.33,0
20094,1.8779,0.3584,0.8130,2.8550,-25.6947,1.8473,45.38,0
20104,1.8921,0.3242,0.8130,0.7634,-27.1145,6.3359,45.33,0
20114,1.9058,0.3066,0.8115,0.8702,-22.4427,5.8931,45.38,0
20124,1.8921,0.3208,0.8228,3.0687,-13.9695,3.6336,45.38,0
20134,1.8652,0.3428,0.8320,4.5344,-9.0534,-0.5649,45.38,0
20144,1.8369,0.3779,0.8735,3.4351,-8.1679,-2.1221,45.19,0
20154,1.8613,0.3540,0.8667,-1.9847,-12.3359,-3.2366,45.24,0
20164,1.8823,0.3501,0.8638,-4.3664,-12.2595,-1.8626,45.33,0
20174,1.9165,0.3296,0.8306,-5.5573,-7.2214,-1.1450,45.38,0
20184,1.8892,0.3037,0.8457,-5.8931,-5.5115,1.4962,45.42,0
20194,1.8853,0.3032,0.8301,-7.0076,-4.6565,3.7252,45.33,0
20204,1.8721,0.2964,0.8267,-9.2824,-1.7863,5.8626,45.38,0
20214,1.8794,0.3105,0.7969,-10.7634,2.3511,3.8626,45.09,0
20224,1.8516,0.3193,0.8262,-13.6947,10.7328,0.5344,45.24,0
20234,1.8091,0.3047,0.8472,-14.7023,9.3435,0.1527,45.33,0
20244,1.8110,0.3130,0.8232,-15.6641,0.4733,4.3359,45.42,0
20254,1.8174,0.2964,0.8042,-17.1298,-5.2977,7.4046,45.38,0
20264,1.8501,0.2974,0.7881,-17.3282,-5.2519,7.8015,45.38,0
20274,1.8252,0.2998,0.7979,-14.7786,-1.9084,4.1832,45.33,0
20284,1.8452,0.2783,0.8101,-14.2290,-4.8702,0.9466,45.38,0
20294,1.8696,0.2617,0.8081,-16.7328,-4.7786,-2.1985,45.19,0
20304,1.8965,0.2627,0.8193,-18.2137,-1.5573,-6.7786,45.09,0
20314,1.8931,0.2729,0.8262,-17.5725,7.9084,-9.4046,45.19,0
20324,1.8882,0.2803,0.8257,-15.6794,9.9542,-10.4122,45.52,0
20334,1.8647,0.2925,0.8296,-14.1832,5.7710,-5.4656,45.61,0
20344,1.8809,0.2915,0.8174,-11.3588,-3.3588,4.7634,45.33,0
20354,1.8970,0.2739,0.8066,-9.5878,-6.5649,16.0000,45.24,0
20364,1.8823,0.2871,0.8062,-8.3664,0.3969,22.8244,45.52,0
20374,1.8364,0.2729,0.8521,-6.3511,6.5802,19.1298,45.52,0
20384,1.8701,0.2417,0.8628,-4.2595,15.7710,8.9160,45.42,1
20394,1.8989,0.2549,0.9761,-0.5496,21.2519,1.3282,45.38,1
20404,1.8662,0.2314,0.7495,4.0305,28.6870,-5.6794,45.38,1
20414,1.7476,0.2144,0.8184,12.2748,28.8855,-9.0992,45.38,1
20424,1.7847,0.2349,0.7793,18.3511,17.1450,-8.2595,45.33,1
20434,1.8218,0.2588,0.7339,22.5802,8.7328,-3.4962,45.33,1
20444,1.7847,0.2593,0.7720,25.6794,-0.3511,1.3740,45.42,1
20454,1.7949,0.2827,0.8384,26.7328,-5.4351,3.9084,45.38,1
20464,1.8066,0.3008,0.8765,24.1221,-7.8473,2.9160,45.19,1
20474,1.8311,0.3330,0.9243,19.1450,-6.0611,-0.1221,45.38,1
20484,1.8486,0.3511,0.9272,13.0076,-6.1374,-4.1069,45.52,1
20494,1.8364,0.3652,0.9043,6.5496,-4.0458,-4.9924,45.38,1
20504,1.8340,0.3418,0.8994,3.6641,-3.2214,-5.4656,45.61,1
20514,1.8413,0.3325,0.8652,3.8321,-2.1527,-5.3282,45.52,1
20524,1.8315,0.3228,0.8560,6.8702,-3.9389,-3.5725,45.38,1
20534,1.8315,0.3140,0.8447,8.5802,-7.0076,-1.5725,45.42,1
20544,1.8403,0.3037,0.8486,9.9084,-8.3206,-0.2901,45.24,1
20554,1.8350,0.2954,0.8457,10.4580,-8.6565,-0.0305,45.38,1
20564,1.8145,0.2974,0.8320,10.7481,-12.3511,-0.5802,45.52,1
20574,1.8408,0.2617,0.8032,12.6412,-13.9237,0.7634,45.52,0
20584,2.0640,0.2808,1.4482,14.7023,-38.2137,11.7099,45.33,0
20594,1.7456,0.2427,0.7954,18.0458,-13.2824,3.0534,45.38,0
20604,1.8335,0.2402,0.7720,20.7481,-8.0305,1.5573,45.52,0
20614,1.8384,0.2617,0.7705,19.9084,-11.4504,-1.4809,45.38,0
20624,1.8398,0.2856,0.7935,19.7252,-4.6870,-6.6870,45.24,0
20634,1.8472,0.2988,0.8179,20.0611,-4.8092,-9.9847,45.09,0
20644,1.8535,0.3086,0.8154,19.9847,-1.1603,-13.9084,45.24,0
20654,1.8364,0.2993,0.8359,20.0916,-6.7634,-13.5267,45.24,0
20664,1.8921,0.3130,0.7974,18.1832,-9.0076,-10.4122,45.42,0
20674,1.8999,0.3086,0.8213,15.3893,-6.1374,-4.7023,45.33,0
20684,1.8770,0.3120,0.8340,13.1145,-4.9924,0.0611,45.38,0
20694,1.8647,0.3223,0.8398,9.8473,-6.4733,2.6718,45.42,0
20704,1.8633,0.3154,0.8359,5.4962,-5.4198,5.0229,45.42,0
20714,1.8467,0.3296,0.8125,3.8168,-2.9771,5.1756,45.38,0
20724,1.8306,0.3267,0.8208,3.0992,-1.6794,2.7023,45.57,0
20734,1.8286,0.3218,0.7842,2.1069,-1.6641,0.6718,45.38,0
20744,1.8223,0.3218,0.7983,2.8702,-1.9847,0.1679,45.38,0
20754,1.8364,0.2979,0.7676,3.8473,-2.9160,-0.0153,45.24,0
20764,1.8394,0.2935,0.7646,6.1985,-2.2137,-0.3206,45.24,0
20774,1.8228,0.3018,0.7588,10.3969,-4.3969,0.5344,45.38,0
20784,1.8350,0.3096,0.7900,12.6718,-6.1069,0.3817,45.38,0
20794,1.8540,0.3281,0.8081,12.2137,-3.9847,-1.7099,45.38,0
20804,1.8608,0.3364,0.8340,9.9237,-2.9771,-5.9084,45.42,0
20814,1.8833,0.3398,0.8428,7.2977,-0.3664,-9.2366,45.24,0
20824,1.9033,0.3315,0.8184,5.6947,0.0000,-8.4885,45.61,0
20834,1.9111,0.3120,0.8042,5.5725,0.1679,-3.9237,45.19,0
20844,1.8989,0.3105,0.7993,5.6183,0.3969,0.7328,45.33,0
20854,1.8716,0.3154,0.7979,5.4656,0.1832,6.9008,45.38,0
20864,1.8354,0.3218,0.7847,4.0458,-1.2061,8.2748,45.42,0
20874,1.8174,0.3193,0.7949,1.4198,-2.5038,5.6336,45.24,0
20884,1.7886,0.3345,0.8052,-0.9313,-2.6565,1.2061,45.42,0
20894,1.8047,0.3281,0.7988,-3.8626,-5.4504,-3.9847,45.38,0
20904,1.8286,0.3237,0.7905,-5.8779,-7.0076,-5.6641,45.38,0
20914,1.8594,0.3110,0.7808,-6.2137,-9.3435,-4.5954,45.38,0
20924,1.8892,0.2861,0.7666,-4.9313,-9.3740,-1.2672,45.38,0
20934,1.9077,0.2954,0.7739,-0.5802,-7.1450,2.1832,45.38,0
20944,1.9243,0.2930,0.7764,3.8015,-3.0687,2.5344,45.38,0
20954,1.9321,0.3022,0.7827,8.1221,7.3435,0.5802,45.52,0
20964,1.9048,0.3218,0.8076,12.0763,12.5954,-1.8779,45.42,0
20974,1.8569,0.3247,0.8086,13.8168,16.3206,-4.3053,45.42,0
20984,1.8159,0.3267,0.8281,11.8321,16.2290,-6.3817,45.33,0
20994,1.7998,0.2998,0.8223,8.1221,9.2061,-5.9847,45.19,0
21004,1.7993,0.3086,0.8091,4.7328,3.0534,-3.5267,45.52,0
21014,1.8193,0.2866,0.8037,2.2290,-2.5496,-1.1450,45.38,0
21024,1.8442,0.2900,0.7964,1.3130,-3.9542,0.7939,45.38,0
21034,1.8672,0.2788,0.7896,2.5802,-1.4656,0.6565,45.38,0
21044,1.8613,0.2812,0.7900,4.1221,2.9771,-0.3359,45.38,0
21055,1.8638,0.2949,0.7886,7.6641,4.3817,-0.7786,45.42,0
21064,1.8540,0.3057,0.8008,10.5191,5.3588,-0.2137,45.38,0
21074,1.8394,0.3267,0.8032,10.2290,5.7252,0.1527,45.38,0
21084,1.8384,0.3091,0.8174,8.9008,5.3435,0.8397,45.38,0
21094,1.8301,0.3164,0.8179,8.3511,5.4809,-0.1832,45.38,0
21104,1.8433,0.3252,0.8267,9.2214,3.1298,-1.8626,45.33,0
21114,1.8594,0.3301,0.8120,9.4198,2.5802,-1.2977,45.24,0
21124,1.8594,0.3345,0.8047,9.8779,2.3511,-0.1221,45.38,0
21134,1.8564,0.3438,0.8213,9.4351,0.6565,0.8550,45.38,0
21144,1.8599,0.3682,0.8188,6.5954,0.2901,1.2519,45.42,0
21154,1.8511,0.3774,0.8135,3.1298,-2.1069,0.5038,45.24,0
21164,1.8677,0.3789,0.8091,-0.4733,-5.8473,0.4733,45.52,0
21174,1.9023,0.3652,0.8120,-3.5420,-6.5496,1.0992,45.42,0
21184,1.9297,0.3452,0.7969,-2.9771,-3.9084,5.5267,45.38,0
21194,1.9531,0.3252,0.7900,-1.1756,1.5115,8.7023,45.42,0
21204,1.9341,0.3271,0.8115,1.4046,8.3664,12.0611,45.38,0
21214,1.9355,0.3330,0.8408,0.6107,11.6183,12.1679,45.38,0
21224,1.9219,0.3457,0.8467,-1.8321,13.4351,10.9160,45.38,0
21234,1.9106,0.3276,0.8560,-4.6870,15.1756,8.4885,45.38,0
21244,1.9321,0.3218,0.8462,-6.8550,18.3053,7.0382,45.38,0
21254,1.9629,0.3271,0.8613,-8.1679,24.2290,5.6641,45.24,0
21264,1.9634,0.2935,0.8574,-8.1374,29.5114,3.6336,45.19,0
21274,1.9824,0.3096,0.8667,-7.5420,34.2901,2.4427,45.09,0
21284,1.9878,0.2925,0.8687,-7.7863,42.3206,2.8702,45.57,0
21294,1.9702,0.2798,0.8726,-8.1679,49.9542,3.4809,45.38,0
21304,1.9370,0.2910,0.8809,-8.5954,52.3664,5.7557,45.57,0
21314,1.9414,0.3096,0.8979,-9.8626,52.0305,7.4046,45.52,0
21324,1.9458,0.3364,0.9043,-10.8702,57.1908,6.8550,45.52,0
21334,1.9507,0.3555,0.9336,-12.1374,62.6260,5.6183,45.38,0
21344,1.9307,0.3599,0.9580,-14.7176,68.9008,4.3359,45.38,0
21354,1.9136,0.3540,0.9639,-17.4351,74.8244,3.0992,45.42,0
21364,1.8643,0.3442,0.9702,-20.4580,78.0000,3.4656,45.38,0
21374,1.8687,0.3584,0.9702,-23.3130,77.9389,4.4122,45.24,0
21384,1.8804,0.3677,0.9785,-23.9542,80.2137,4.4733,45.52,0
21394,1.8960,0.3662,0.9790,-24.3664,80.8092,3.1908,45.52,0
21404,1.9111,0.3638,1.0137,-19.4656,88.6107,3.8015,45.33,0
21414,1.9072,0.3511,1.0278,-17.2214,94.5343,2.0763,45.38,0
21424,1.9067,0.3145,1.0532,-17.7863,98.3817,-0.5649,45.33,0
21434,1.8799,0.3110,1.1055,-19.5878,103.7863,-3.2366,45.33,0
21444,1.9214,0.3398,1.1001,-22.4886,106.2595,-4.8702,45.38,0
21454,1.9395,0.3594,1.1348,-26.3511,111.1145,-4.8244,45.42,0
21464,1.9443,0.3711,1.1655,-29.6183,114.1069,-1.8015,45.24,0
21474,1.9595,0.3730,1.1655,-32.3511,118.8092,1.6641,45.38,0
21484,1.9170,0.3120,1.1934,-34.5344,117.9389,6.1069,45.38,0
21494,1.9194,0.2695,1.1826,-35.5878,118.5954,10.5344,45.33,0
21504,1.8911,0.2412,1.1826,-35.4504,121.2519,13.0840,45.42,0
21514,1.8984,0.2300,1.1973,-34.5496,124.6718,12.7939,45.52,0
21524,1.8809,0.2188,1.2017,-33.6183,126.5802,13.6641,45.42,0
21535,1.8828,0.2188,1.2256,-33.3893,129.9542,16.1527,45.33,0
21544,1.8740,0.2153,1.2422,-30.7328,136.0916,17.3893,45.38,0
21554,1.8496,0.2119,1.2759,-27.5725,142.3969,17.0076,45.57,0
21564,1.8184,0.2197,1.3188,-26.9313,148.2137,15.5573,45.19,0
21574,1.8086,0.2432,1.3633,-27.1756,152.2137,12.9160,45.61,0
21584,1.7954,0.2437,1.4028,-31.6336,154.8550,12.9008,45.57,0
21594,1.7627,0.2437,1.4214,-40.9160,156.8244,14.5496,45.24,0
21604,1.7622,0.2266,1.4111,-49.7557,152.9924,18.0916,45.38,0
21614,1.7539,0.2256,1.4009,-54.7939,152.5802,25.9695,45.42,0
21624,1.7427,0.2236,1.3960,-56.3206,156.5649,32.8550,45.24,0
21634,1.6650,0.2188,1.3999,-55.2824,165.2519,33.8015,45.38,0
21645,1.5562,0.2319,1.4146,-55.1908,168.2748,30.0916,45.42,0
21654,1.5024,0.2690,1.4404,-58.5496,163.7252,26.1069,45.24,0
21664,1.4873,0.2437,1.4946,-65.1603,159.5725,25.6183,45.38,0
21674,1.5161,0.2251,1.4951,-73.1450,153.8931,25.2824,45.42,0
21684,1.5234,0.1924,1.4897,-79.0992,152.0611,30.1069,45.19,0
21694,1.5176,0.1719,1.5137,-86.4580,151.4962,35.5267,45.42,0
21704,1.4873,0.1050,1.5298,-89.0840,144.2595,38.9466,45.38,0
21714,1.5024,0.1045,1.5107,-87.2672,148.5649,34.8702,45.24,0
21724,1.4893,0.0908,1.5127,-80.7481,159.0992,26.6718,45.33,0
21734,1.4414,0.0654,1.5332,-73.2061,170.8855,17.7863,45.38,0
21744,1.4038,0.0005,1.5439,-69.6336,176.1069,18.7176,45.52,0
21754,1.3550,-0.0513,1.5586,-70.7481,167.1450,26.1069,45.24,0
21764,1.3149,-0.0747,1.5493,-74.7176,170.6107,40.6412,45.09,0
21774,1.2700,-0.1113,1.5361,-77.8321,162.8397,49.2366,45.24,0
21784,1.2407,-0.1294,1.5435,-78.3206,158.4122,51.6336,45.38,0
21794,1.2466,-0.1118,1.5591,-74.8244,158.7023,49.5573,45.24,0
21804,1.2266,-0.1118,1.5815,-68.0458,158.3512,41.6336,45.57,0
21814,1.1890,-0.1016,1.6382,-61.5420,160.7023,33.5267,45.38,0
21824,1.2271,-0.1196,1.6602,-60.1221,166.3053,31.0076,45.52,0
21834,1.2275,-0.1440,1.6460,-61.1298,180.2290,33.5573,45.33,0
21844,1.1646,-0.1655,1.6968,-61.9389,185.8015,41.4809,45.38,0
21854,1.1318,-0.1880,1.6685,-67.0992,183.3130,51.8931,45.33,0
21864,1.0664,-0.2095,1.6709,-71.3588,176.9618,61.6794,45.42,0
21874,1.0171,-0.1812,1.6489,-74.0458,172.2901,69.9542,45.33,0
21884,0.9722,-0.2002,1.6748,-76.4733,167.2366,75.6641,45.38,0
21894,0.9175,-0.1719,1.6650,-75.6336,163.7710,73.5420,45.38,0
21904,0.8965,-0.1411,1.6880,-72.5802,165.1450,66.6260,45.38,0
21914,0.8188,-0.1313,1.7334,-71.5573,174.6260,61.4504,45.24,0
21924,0.7876,-0.0938,1.7466,-72.5191,175.4351,53.7863,45.24,0
21935,0.7285,-0.0962,1.7422,-74.5038,178.7023,47.0382,45.24,0
21944,0.6943,-0.1025,1.7383,-77.0687,182.2443,41.5573,45.38,0
21954,0.6182,-0.1011,1.7114,-82.3359,181.5420,37.1603,45.38,0
21964,0.5737,-0.1021,1.7080,-89.4962,173.5573,40.1069,45.24,0
21974,0.5454,-0.1196,1.6938,-99.4351,158.3512,47.6031,45.38,0
21984,0.5654,-0.1694,1.6597,-107.6794,151.2214,53.9389,45.19,0
21994,0.5488,-0.2397,1.6655,-108.7176,153.0992,55.3588,45.38,0
22004,0.5610,-0.2725,1.6338,-103.0840,164.6565,49.7405,45.24,0
22014,0.5117,-0.3252,1.6582,-96.2748,175.4504,43.1756,45.24,0
22024,0.4727,-0.3711,1.6543,-90.5954,176.8397,36.7176,45.38,0
22034,0.4673,-0.4199,1.6982,-86.3969,173.4046,34.8244,45.38,0
22044,0.4614,-0.4639,1.6924,-86.3206,171.1908,37.9847,45.24,0
22054,0.4873,-0.5156,1.6924,-86.7786,166.2443,36.3664,45.42,0
22064,0.4546,-0.5239,1.7358,-84.7939,170.2748,36.0000,45.38,0
22074,0.4053,-0.5063,1.7173,-87.5725,168.1374,40.2443,45.52,0
22084,0.3599,-0.5112,1.7466,-90.8550,156.3664,46.6718,45.24,0
22094,0.3701,-0.5449,1.6855,-97.6183,159.1145,53.6947,45.52,0
22104,0.3408,-0.5620,1.6680,-98.5496,169.2366,62.2748,45.33,0
22114,0.2588,-0.5903,1.6411,-95.4809,169.4351,63.5420,45.52,0
22124,0.1494,-0.6030,1.6172,-94.4427,167.8626,62.9160,45.24,0
22134,0.0923,-0.6040,1.6011,-93.2672,164.4122,60.2443,45.24,0
22144,0.0293,-0.6172,1.5801,-91.7405,158.2290,53.2061,45.52,0
22154,-0.0493,-0.5767,1.5435,-95.1450,157.4351,48.8550,45.38,0
22164,-0.1260,-0.5796,1.5215,-100.2443,148.2595,49.5878,45.42,0
22174,-0.1963,-0.6094,1.5215,-108.1221,129.9542,45.3588,45.38,0
22184,-0.2041,-0.6826,1.5161,-114.5191,102.4733,38.1374,45.38,0
22194,-0.1587,-0.7407,1.4478,-115.9695,88.7481,31.9847,45.24,0
22204,-0.0156,-0.7529,1.3740,-110.3511,93.1298,34.5954,45.24,0
22214,0.0298,-0.7954,1.3540,-92.9008,111.8779,43.2519,45.33,0
22224,-0.0469,-0.7739,1.3784,-76.5802,127.8015,52.3511,45.38,0
22234,-0.1250,-0.8232,1.4404,-67.5878,127.3740,54.0916,45.42,0
22244,-0.1626,-0.8770,1.5005,-62.7328,122.3359,47.2061,45.38,0
22254,-0.1221,-0.9146,1.5220,-56.5649,120.4427,34.5649,45.24,0
22264,-0.0737,-0.9526,1.5542,-48.9771,124.0611,25.9084,45.52,0
22274,-0.0391,-0.9927,1.6079,-43.6641,127.2672,24.3969,45.33,0
22284,-0.0552,-1.0254,1.6494,-39.7863,125.6947,22.6412,45.24,0
22294,-0.0762,-0.9883,1.6685,-35.7863,125.1145,22.1985,45.33,0
22304,-0.0684,-0.9678,1.6909,-35.2977,128.6107,22.7939,45.38,0
22314,-0.0703,-0.9150,1.6382,-32.8092,139.6336,26.6565,45.33,0
22324,-0.1177,-0.9404,1.6538,-24.9466,146.4886,32.5649,45.24,0
22334,-0.1885,-0.9448,1.6343,-21.9389,148.3359,38.3206,45.19,0
22344,-0.2607,-0.8862,1.6260,-23.2519,145.0076,44.7786,45.42,0
22354,-0.3184,-0.9165,1.5869,-26.3359,144.3206,44.4122,45.24,0
22364,-0.3770,-0.9341,1.5684,-23.6794,141.2061,40.2595,45.38,0
22374,-0.4111,-0.9199,1.4976,-22.3359,140.6412,32.2290,45.38,0
22384,-0.4551,-0.9062,1.4707,-15.3893,132.8244,30.1374,45.24,0
22395,-0.5059,-0.9014,1.4043,-7.6641,126.7481,30.5038,45.38,0
22404,-0.5645,-0.8970,1.3896,-4.1374,114.8702,30.4122,45.42,0
22414,-0.6094,-0.8779,1.3486,-1.8015,106.3053,30.3206,45.38,0
22424,-0.6626,-0.8335,1.3135,-4.9160,107.8626,32.9466,45.38,0
22434,-0.6772,-0.8716,1.2734,-16.2595,111.1145,36.6107,45.24,0
22444,-0.7495,-0.9077,1.2256,-29.5267,117.6794,39.7863,45.38,0
22454,-0.8311,-0.9268,1.1787,-38.6412,113.9237,40.7634,45.05,0
22464,-0.9053,-0.9731,1.1230,-44.8550,102.0305,39.9847,45.24,0
22474,-0.9414,-1.0078,1.1099,-44.9924,87.5115,38.0153,45.61,0
22484,-0.9541,-1.0146,1.0991,-39.0076,77.9542,35.2977,45.33,0
22494,-0.9619,-1.0381,1.0874,-28.9313,64.0611,33.0992,45.33,0
22504,-0.9233,-1.0439,1.0952,-17.5420,56.4427,31.7099,45.19,0
22514,-0.9531,-1.0308,1.1323,-3.2366,52.8855,29.1603,45.33,0
22524,-0.9746,-1.0122,1.1636,7.0382,51.2214,23.1298,45.33,0
22534,-0.9766,-1.0171,1.2183,10.2901,49.6641,17.7557,45.33,0
22544,-0.9819,-1.0156,1.2275,10.5649,46.7481,9.8473,45.52,0
22554,-0.9907,-1.0171,1.2314,10.6718,40.3206,-0.0153,45.38,0
22564,-0.9956,-1.0327,1.2349,12.2443,32.9924,-7.3435,45.24,0
22574,-0.9756,-1.0161,1.2632,14.1985,21.6031,-9.0992,45.38,0
22584,-0.8901,-1.0083,1.2646,15.6031,15.8931,-8.0611,45.24,0
22594,-0.8408,-0.9912,1.2988,19.3282,14.0458,-3.9389,45.33,0
22604,-0.8188,-0.9741,1.3403,21.9237,10.8855,-2.1832,45.24,0
22614,-0.7852,-0.9678,1.3711,23.1298,12.0305,-3.1908,45.24,0
22624,-0.7915,-0.9609,1.4141,24.3206,10.1374,-7.0534,45.61,0
22634,-0.7456,-0.9595,1.4072,24.8092,7.9695,-12.8702,45.38,0
22644,-0.7539,-0.9658,1.4907,26.9924,7.2366,-15.0687,45.38,0
22654,-0.6958,-0.9531,1.4619,28.2137,4.7328,-15.4962,45.24,0
22664,-0.6724,-0.9307,1.4902,25.9847,2.5954,-11.5573,45.33,0
22674,-0.6528,-0.9170,1.5039,21.6794,3.9237,-4.5954,45.24,0
22684,-0.6509,-0.8940,1.5171,15.4351,1.6183,6.1679,45.38,0
22694,-0.6670,-0.8877,1.5063,9.6641,-0.5649,16.7939,45.24,0
22704,-0.6904,-0.8901,1.5259,3.2824,0.1221,22.6870,45.42,0
22714,-0.7178,-0.9526,1.5000,-0.1985,-0.9466,19.7405,45.38,0
22724,-0.7202,-0.9917,1.4888,2.2443,4.3969,13.5115,45.24,0
22734,-0.7339,-1.0068,1.4756,9.4046,7.2061,6.9313,45.24,0
22744,-0.7354,-0.9971,1.4546,17.3130,8.9160,1.9237,45.33,0
22754,-0.7285,-0.9512,1.4717,23.0687,8.7634,1.6794,45.52,0
22764,-0.7432,-0.9258,1.4653,24.8397,6.0153,3.7099,45.24,0
22774,-0.7490,-0.8657,1.4609,21.2519,3.8931,6.5038,45.52,0
22784,-0.7334,-0.8481,1.4414,14.0000,0.5954,12.5649,45.38,0
22794,-0.7617,-0.8545,1.4233,6.9008,-1.8779,17.8015,45.24,0
22804,-0.7729,-0.8794,1.4229,1.9695,-3.7710,17.2824,45.38,0
22814,-0.7900,-0.8989,1.4126,-0.2443,-4.3511,13.4962,45.33,0
22824,-0.7808,-0.9351,1.4072,1.4962,-7.5573,8.9313,45.24,0
22834,-0.7705,-0.9536,1.4043,6.5649,-7.7557,1.7405,45.19,0
22844,-0.7593,-0.9292,1.4097,13.6489,-8.0611,-1.8931,45.19,0
22854,-0.7798,-0.9150,1.4048,17.2214,-10.3359,0.1069,45.38,0
22864,-0.7939,-0.8760,1.3887,15.0992,-17.4351,7.1908,45.33,0
22874,-0.8110,-0.8579,1.3857,10.3359,-25.3435,16.6412,45.19,0
22884,-0.8281,-0.8882,1.4038,5.0840,-33.9695,23.1756,45.24,0
22894,-0.8262,-0.9067,1.4009,0.8397,-39.6794,23.8168,45.24,0
22904,-0.8022,-0.9556,1.4014,1.4809,-45.6031,19.2977,45.33,0
22914,-0.7544,-0.9453,1.3750,9.3893,-44.4275,11.9237,45.24,0
22924,-0.7891,-0.9883,1.3975,19.5878,-33.9695,7.1450,45.33,0
22934,-0.7700,-0.9536,1.4175,24.5802,-29.7863,0.3511,45.24,0
22944,-0.8062,-0.9717,1.3960,27.2824,-30.1069,-3.9542,45.24,0
22954,-0.8379,-0.9927,1.4199,26.9008,-33.3130,-5.2061,45.05,0
22964,-0.8262,-0.9849,1.3818,23.1756,-39.6794,-6.1527,45.38,0
22974,-0.7998,-0.9673,1.3882,20.6412,-47.5878,-2.4275,45.24,0
22984,-0.7700,-0.9819,1.3872,16.2901,-58.2137,4.4427,45.38,0
22994,-0.7378,-0.9775,1.3877,12.6565,-68.9618,14.9618,45.38,0
23004,-0.7236,-0.9878,1.3916,11.2672,-73.9542,25.0992,45.42,0
23014,-0.7031,-0.9888,1.3892,10.7939,-73.1298,30.3511,45.33,0
23024,-0.7051,-0.9707,1.4141,12.0305,-70.0611,29.9847,45.61,0
23034,-0.7144,-0.9336,1.4097,11.7863,-63.8626,28.3664,45.38,0
23044,-0.7563,-0.9097,1.4175,9.7099,-60.7176,25.8779,45.38,0
23054,-0.7783,-0.9111,1.4248,6.6260,-62.6718,19.2977,45.42,0
23064,-0.8228,-0.9351,1.4028,4.3511,-67.5115,12.7786,45.24,0
23074,-0.8101,-0.9106,1.3765,4.5802,-78.0763,9.1450,45.24,0
23084,-0.7803,-0.8711,1.3682,6.5496,-90.7634,11.3435,45.38,0
23094,-0.6855,-0.8765,1.3711,7.6031,-102.0916,20.6565,45.24,0
23104,-0.6343,-0.9497,1.4150,12.2595,-110.3206,22.3817,45.24,0
23114,-0.5830,-0.9780,1.4160,23.3893,-109.8473,12.8092,45.38,0
23124,-0.5210,-0.9834,1.4307,37.3435,-97.3435,-1.4656,45.24,0
23134,-0.5088,-0.9424,1.4561,50.4427,-79.2977,-14.9618,45.38,0
23144,-0.5220,-0.8906,1.4766,57.5573,-69.5267,-22.4427,45.24,0
23154,-0.5503,-0.8647,1.4819,57.6489,-67.5420,-23.4656,45.33,0
23164,-0.5742,-0.8315,1.5000,55.2366,-74.6870,-21.0076,45.33,0
23174,-0.5645,-0.7559,1.4961,49.8473,-84.2137,-10.8855,45.42,0
23184,-0.5493,-0.7314,1.5244,38.0000,-101.6947,4.9771,45.24,0
23194,-0.5156,-0.7173,1.5459,24.3817,-122.3511,20.7786,45.42,0
23204,-0.3931,-0.8584,1.5962,15.2824,-140.6565,25.1450,45.33,0
23214,-0.2930,-0.9233,1.5708,18.7481,-140.1374,12.7481,45.38,0
23224,-0.2114,-0.9219,1.5874,35.0534,-120.0763,-3.9237,45.38,0
23234,-0.1694,-0.8853,1.5942,53.6336,-93.5573,-17.5420,45.24,0
23244,-0.2388,-0.8022,1.6226,66.3664,-73.1908,-23.9389,45.33,0
23254,-0.3340,-0.7021,1.6265,68.9618,-64.1221,-23.3893,45.24,0
23264,-0.4082,-0.6284,1.6631,62.0000,-70.4733,-14.7176,45.19,0
23274,-0.4468,-0.5405,1.6338,42.9466,-86.8550,4.4122,45.24,0
23284,-0.4121,-0.5820,1.6211,18.3206,-110.8397,26.1221,45.38,0
23294,-0.3853,-0.7192,1.6016,1.9847,-138.1985,33.6183,45.38,0
23304,-0.2612,-0.8008,1.5532,0.2137,-144.5191,25.6183,45.24,0
23314,-0.1987,-0.8833,1.5605,15.9847,-131.0992,4.9313,45.24,0
23324,-0.1973,-0.8525,1.5586,42.4122,-110.7786,-16.7023,45.38,0
23334,-0.2334,-0.7959,1.5830,63.9389,-99.3588,-33.2824,45.38,0
23344,-0.2310,-0.6846,1.6338,72.4733,-100.8550,-37.8931,45.42,0
23354,-0.1729,-0.5859,1.6655,62.9771,-98.7939,-27.6794,45.38,0
23364,-0.1831,-0.5322,1.6592,41.4198,-102.5496,-8.0763,45.33,0
23374,-0.1812,-0.5571,1.6309,13.1756,-113.2366,11.7710,45.38,0
23384,-0.1479,-0.6899,1.6533,-9.6489,-138.3664,23.7252,45.38,0
23394,-0.0537,-0.8232,1.6250,-21.3435,-169.9389,26.3359,45.38,0
23404,0.1333,-0.9175,1.6260,-10.0458,-186.3664,19.6031,45.19,0
23414,0.3037,-0.9502,1.6328,19.1756,-167.5725,7.2214,45.42,0
23424,0.3960,-0.9473,1.7036,54.7328,-128.7328,-9.3740,45.24,0
23434,0.3501,-0.8643,1.7939,79.3588,-88.7939,-22.2290,45.42,0
23444,0.2378,-0.7583,1.8413,85.7099,-67.4046,-26.5344,45.19,0
23454,0.1499,-0.6470,1.8457,80.3359,-56.6718,-17.4046,45.38,0
23464,0.0195,-0.5527,1.8193,63.9695,-62.8092,-0.3664,45.38,0
23474,0.0146,-0.5640,1.8125,41.7863,-82.7481,14.1374,45.33,0
23484,0.0542,-0.6489,1.7910,22.7786,-113.9389,10.3969,45.24,0
23494,0.2285,-0.8125,1.7866,20.7023,-135.2519,-6.5802,45.24,0
23504,0.4565,-0.8750,1.8003,38.9160,-132.2137,-26.3664,45.38,0
23514,0.6045,-0.8408,1.8335,65.6947,-105.8931,-36.6870,45.38,0
23524,0.6621,-0.7754,1.9082,88.0305,-71.6031,-34.8855,45.24,0
23534,0.5449,-0.6890,2.0020,94.4427,-48.2290,-21.8321,45.42,0
23544,0.4316,-0.6221,2.0039,84.0763,-37.6336,-6.5954,45.24,0
23554,0.2759,-0.5469,1.9800,62.6565,-34.7176,13.2824,45.38,0
23564,0.1255,-0.4790,1.9004,34.1985,-45.4046,35.3588,45.19,0
23574,0.0171,-0.4849,1.7920,3.3588,-65.5573,54.6260,45.09,0
23584,0.0176,-0.5264,1.6963,-15.0840,-94.5954,62.5038,45.24,0
23594,0.1304,-0.6304,1.6558,-13.5725,-118.0305,53.7252,45.33,0
23604,0.2368,-0.6748,1.6309,7.5420,-119.3435,33.2977,45.33,0
23614,0.2939,-0.6948,1.6670,37.8473,-107.4046,9.2977,45.24,0
23624,0.3789,-0.6655,1.7188,63.5420,-83.3435,-11.1908,45.33,0
23635,0.3672,-0.5898,1.7866,77.1908,-61.4198,-22.5649,45.38,0
23644,0.3257,-0.5278,1.8174,79.1145,-46.5649,-25.3130,45.38,0
23654,0.2402,-0.4551,1.8027,70.8855,-37.5725,-23.3282,45.42,0
23664,0.1343,-0.3794,1.7729,54.2748,-45.5573,-18.2290,45.61,0
23674,0.0923,-0.3696,1.7344,37.5573,-72.3969,-12.3817,45.24,0
23684,0.1904,-0.3975,1.7080,25.7252,-102.0458,-5.2519,45.38,0
23694,0.3901,-0.4189,1.7310,20.5649,-114.3206,-7.4809,45.38,0
23704,0.5596,-0.4199,1.7886,20.6870,-109.1145,-13.7863,45.38,0
23714,0.6533,-0.4551,1.8335,24.9008,-89.7099,-20.5802,45.33,0
23724,0.6411,-0.4517,1.8584,29.9237,-67.1908,-28.4733,45.24,0
23734,0.5747,-0.4282,1.8916,30.6718,-50.5191,-33.1603,45.38,0
23744,0.4829,-0.4297,1.8838,25.3740,-39.2366,-32.7939,45.38,0
23754,0.3418,-0.4268,1.8408,16.2901,-44.1985,-28.8702,45.38,0
23764,0.3179,-0.4341,1.7656,5.7863,-67.4962,-17.8473,45.42,0
23774,0.3638,-0.4214,1.7300,1.4656,-89.7099,1.7710,45.38,0
23784,0.3711,-0.4121,1.7183,0.4427,-105.7863,16.0458,45.33,0
23794,0.3848,-0.4512,1.7065,-1.5420,-116.5343,14.6260,45.24,0
23804,0.4312,-0.5054,1.7002,-2.0611,-115.6641,3.1145,45.24,0
23814,0.4829,-0.5376,1.7026,0.1832,-105.3588,-10.7481,45.38,0
23824,0.4971,-0.5605,1.7021,4.5038,-94.7481,-24.9771,45.19,0
23834,0.5298,-0.5464,1.6904,6.8092,-79.5115,-34.6565,45.24,0
23844,0.5283,-0.5400,1.7061,7.8779,-76.0611,-40.5496,45.38,0
23854,0.5552,-0.5947,1.6685,12.1527,-86.9160,-44.6107,45.24,0
23864,0.6216,-0.5859,1.6499,19.0687,-94.2137,-44.3511,45.24,0
23874,0.6963,-0.6021,1.6353,28.9924,-102.7328,-39.6183,45.42,0
23884,0.7476,-0.6060,1.6348,42.0611,-102.6412,-36.0153,45.52,0
23894,0.8062,-0.5771,1.6665,57.4809,-96.5496,-40.6718,45.33,0
23904,0.8608,-0.5190,1.7417,70.3511,-83.6183,-48.2443,45.33,0
23914,0.8506,-0.4434,1.7964,70.3053,-71.8626,-52.2443,45.24,0
23924,0.8237,-0.4009,1.8271,59.1450,-56.8397,-52.9618,45.42,0
23934,0.7515,-0.3784,1.8237,43.0534,-49.5267,-53.2672,45.19,0
23944,0.7134,-0.4131,1.7515,28.4733,-62.1985,-53.7863,45.42,0
23954,0.7651,-0.4512,1.7104,26.2901,-87.6336,-45.1298,45.57,0
23964,0.8521,-0.4082,1.6973,36.0153,-107.6031,-23.7710,45.24,0
23974,0.9673,-0.4023,1.7236,42.6870,-115.6794,-4.8092,45.38,0
23984,1.0557,-0.4336,1.7900,41.7557,-110.0916,6.7634,45.24,0
23994,1.0625,-0.4248,1.8716,37.1603,-95.1145,10.2290,45.38,0
24004,1.0186,-0.4424,1.9082,29.8931,-81.0382,1.4351,45.24,0
24014,0.9536,-0.4619,1.9087,23.4809,-64.7634,-15.6031,45.24,0
24024,0.9009,-0.4800,1.8550,19.0687,-50.1527,-37.5267,45.24,0
24034,0.8682,-0.4937,1.7988,18.7481,-44.1069,-54.4580,45.38,0
24044,0.8643,-0.4814,1.7246,25.0076,-51.6794,-58.2137,45.33,0
24054,0.9136,-0.4458,1.6538,37.9695,-66.1221,-45.0992,45.24,0
24064,0.9771,-0.3818,1.6572,47.3893,-73.5725,-25.3893,45.38,0
24074,1.0474,-0.3574,1.6938,49.6031,-74.3206,-8.8092,45.33,0
24084,1.0347,-0.3267,1.7456,43.9389,-68.1985,-1.5725,45.19,0
24094,1.0073,-0.3306,1.7642,32.0153,-63.0840,-2.6260,45.52,0
24104,0.9595,-0.3560,1.7334,19.8015,-58.1374,-11.0076,45.33,0
24114,0.9131,-0.3711,1.6885,13.5267,-51.8473,-24.3817,45.33,0
24124,0.9136,-0.3774,1.6201,16.5496,-51.4656,-36.6107,45.38,0
24134,0.9146,-0.3779,1.5713,28.0153,-58.4275,-36.8550,45.24,0
24144,0.9834,-0.3481,1.5474,42.7634,-69.0382,-30.8550,45.19,0
24154,1.0664,-0.3062,1.5601,55.5267,-73.8168,-22.3511,45.24,0
24164,1.1021,-0.2559,1.6216,58.7176,-73.6031,-14.5649,45.42,0
24174,1.0962,-0.2739,1.6470,50.4275,-64.8855,-14.7786,45.38,0
24184,1.0850,-0.3242,1.6562,42.5954,-59.9847,-26.3359,45.38,0
24194,1.0581,-0.3389,1.6191,43.8779,-50.9618,-45.6641,45.33,0
24204,1.0933,-0.3257,1.5918,52.0458,-39.1756,-64.2595,45.38,0
24214,1.0903,-0.2949,1.5767,65.1298,-33.8015,-74.8702,45.38,0
24224,1.0923,-0.2710,1.5991,78.5038,-40.5344,-72.6412,45.38,0
24234,1.1250,-0.2021,1.6216,82.7786,-43.8473,-62.2443,45.33,0
24244,1.1177,-0.1699,1.6699,76.9008,-45.2061,-52.6565,45.33,0
24254,1.0908,-0.1567,1.6919,62.2748,-49.6794,-44.2748,45.24,0
24264,1.0747,-0.1812,1.6680,46.1985,-58.2290,-38.9618,45.38,0
24274,1.0977,-0.1904,1.6025,37.3130,-64.2595,-37.0382,45.42,0
24284,1.1660,-0.1938,1.5791,38.1985,-67.5267,-35.0382,45.24,0
24294,1.2163,-0.1812,1.5737,46.8855,-69.3893,-28.7634,45.38,0
24304,1.2363,-0.1323,1.6016,54.5649,-67.9847,-20.0611,45.38,0
24314,1.2056,-0.1045,1.6553,55.0687,-63.3740,-16.0611,45.24,0
24324,1.1392,-0.0674,1.6895,44.3511,-60.8550,-14.7786,45.38,0
24334,1.0947,-0.0591,1.6724,26.7023,-63.2214,-15.3130,45.38,0
24344,1.0684,-0.0688,1.6421,11.3130,-68.7786,-16.5802,45.09,0
24354,1.0728,-0.1001,1.5586,2.3511,-74.6565,-16.9618,45.33,0
24364,1.1421,-0.1616,1.5210,4.8550,-89.7252,-15.4656,45.42,0
24374,1.2729,-0.1641,1.4419,20.5649,-97.0229,-12.4122,45.24,0
24384,1.3442,-0.1431,1.4561,41.4962,-92.2137,-11.2672,45.38,0
24394,1.3979,-0.1421,1.5107,57.2672,-76.9924,-15.0992,45.24,0
24404,1.3643,-0.0996,1.5693,60.7481,-60.7176,-23.4046,45.24,0
24414,1.3062,-0.0659,1.6230,55.8321,-52.5649,-34.6107,45.33,0
24424,1.2607,-0.0176,1.6123,43.3435,-50.6718,-43.2366,45.24,0
24434,1.2407,-0.0103,1.5884,28.8092,-53.6336,-47.1756,45.33,0
24444,1.1978,-0.0137,1.5347,16.0763,-64.5954,-43.4046,45.38,0
24454,1.2358,-0.0278,1.4653,6.0916,-81.8473,-29.0840,45.19,0
24464,1.2891,-0.0581,1.4106,0.6107,-95.0076,-12.9618,45.38,0
24474,1.2969,-0.0991,1.4072,4.3053,-98.8092,-3.1298,45.42,0
24484,1.3105,-0.1216,1.3999,8.9160,-98.1679,-3.5878,45.33,0
24494,1.3486,-0.1616,1.4043,14.0305,-93.8168,-13.2672,45.61,0
24504,1.4009,-0.1782,1.4028,24.4275,-82.0305,-27.5267,45.33,0
24514,1.4351,-0.1841,1.3975,37.6794,-70.0763,-42.9313,45.38,0
24524,1.5239,-0.1758,1.4043,52.3206,-60.4885,-53.5267,45.38,0
24534,1.5752,-0.1235,1.4395,65.1756,-54.0916,-54.3817,45.33,0
24544,1.6094,-0.0864,1.4785,71.7405,-53.0840,-48.4427,45.33,0
24554,1.6216,-0.0396,1.5190,70.4122,-52.8702,-38.5649,45.38,0
24564,1.6235,-0.0132,1.5464,58.5038,-53.9695,-28.2290,45.57,0
24574,1.5752,-0.0054,1.5454,43.1603,-51.4809,-23.1603,45.09,0
24584,1.5396,0.0225,1.5146,28.3511,-49.7863,-22.4886,45.24,0
24594,1.5156,0.0605,1.4795,16.8550,-45.9542,-23.9542,45.42,0
24604,1.4912,0.0747,1.4565,9.6794,-41.1145,-25.6031,45.09,0
24614,1.4619,0.0732,1.4302,3.6336,-48.4885,-24.6412,45.24,0
24624,1.4976,0.0571,1.3896,3.0534,-58.8397,-15.1450,45.24,0
24634,1.5078,0.0747,1.3457,3.2824,-60.6412,-5.6641,45.24,0
24644,1.4844,0.0522,1.3560,4.9618,-57.4351,-6.4580,45.24,0
24654,1.4692,0.0234,1.3350,9.1298,-48.6260,-22.2595,45.24,0
24664,1.4385,0.0278,1.3174,15.3740,-33.9695,-46.9771,45.24,0
24674,1.4346,0.0205,1.3003,23.9695,-19.8168,-72.8092,45.24,0
24684,1.4536,0.0381,1.2720,31.9389,-5.9237,-92.6412,45.38,0
24694,1.3955,0.0410,1.2607,39.4809,-9.7099,-100.2443,45.38,0
24704,1.5366,0.0840,1.2251,45.8168,-26.6412,-91.2061,45.33,0
24714,1.5708,0.0830,1.2422,53.1603,-40.9313,-64.6718,45.42,0
24724,1.5952,0.0952,1.2476,57.7557,-42.7176,-42.9313,45.38,0
24734,1.5068,0.0669,1.3184,55.7863,-43.8626,-30.3053,45.52,0
24744,1.4287,0.0835,1.3364,49.1145,-49.6183,-27.6336,45.38,0
24754,1.4023,0.1201,1.3364,40.0916,-52.6107,-29.2977,45.38,0
24764,1.4102,0.1724,1.3359,31.6794,-54.8855,-32.5802,45.42,0
24774,1.4214,0.1982,1.3423,23.2366,-60.7786,-31.0382,45.24,0
24784,1.4658,0.2261,1.3052,18.0763,-72.2290,-22.3359,45.24,0
24794,1.5029,0.2217,1.3159,15.8931,-82.5191,-9.0687,45.38,0
24804,1.5405,0.2134,1.3301,15.4198,-92.0763,0.4275,45.24,0
24814,1.5566,0.1650,1.3354,15.3435,-94.4580,-1.0687,45.38,0
24824,1.6436,0.1489,1.3101,19.2519,-94.3359,-6.9771,45.24,0
24834,1.6968,0.1411,1.3027,27.6794,-85.6641,-13.4504,45.33,0
24844,1.7090,0.1738,1.3154,35.5878,-73.2366,-22.7023,45.38,0
24854,1.7046,0.1758,1.3228,41.4046,-62.3969,-32.1527,45.38,0
24864,1.7500,0.1978,1.2603,42.6412,-52.2290,-42.1221,45.38,0
24874,1.6919,0.2163,1.2969,41.3740,-40.1679,-50.9924,45.33,0
24884,1.6841,0.2695,1.2412,34.6565,-35.7405,-56.0000,45.33,0
24894,1.6602,0.2773,1.2300,23.5420,-46.5954,-51.7557,45.57,0
24904,1.7202,0.2915,1.2021,14.6107,-57.6641,-38.0916,45.38,0
24914,1.7788,0.2881,1.1895,10.5802,-61.3588,-22.7634,45.24,0
24924,1.7886,0.2744,1.1836,9.0534,-57.8168,-14.3206,45.38,0
24934,1.7588,0.2485,1.2290,9.9389,-52.7939,-12.1069,45.09,0
24944,1.7451,0.2632,1.2192,11.5420,-47.5420,-16.0305,45.24,0
24954,1.7612,0.2603,1.1987,11.5878,-39.5267,-23.0687,45.38,0
24964,1.7466,0.2603,1.1899,12.9924,-35.0992,-24.9924,45.24,0
24974,1.7500,0.2959,1.1494,13.7863,-31.9237,-19.2824,45.09,0
24984,1.6992,0.2979,1.1509,14.0153,-35.1450,-8.6107,45.33,0
24994,1.6890,0.2959,1.1440,10.9008,-43.6794,-1.0382,45.38,0
25004,1.6836,0.2690,1.1387,6.0763,-50.1069,2.0611,45.38,0
25014,1.6885,0.2427,1.1113,4.4733,-52.2901,3.5115,45.61,0
25024,1.6953,0.2319,1.1001,5.9389,-53.0992,3.2824,45.42,0
25034,1.6709,0.2480,1.0767,7.7863,-52.9008,0.3511,45.33,0
25044,1.6582,0.2661,1.0552,10.2595,-54.7481,-1.7099,45.24,0
25054,1.6367,0.2871,1.0620,11.4504,-57.5725,-4.0916,45.38,0
25064,1.6626,0.2998,1.0444,12.9924,-60.9313,-6.8550,45.24,0
25074,1.6680,0.2988,1.0381,16.0611,-62.0458,-8.9771,45.33,0
25084,1.6865,0.2783,1.0405,19.1298,-64.5496,-12.3664,45.24,0
25094,1.6914,0.2510,1.0322,20.6565,-68.5343,-15.5573,45.33,0
25104,1.6992,0.2197,1.0303,21.1145,-74.3359,-16.9924,45.42,0
25114,1.7241,0.2231,1.0156,21.1908,-79.9237,-18.4427,45.33,0
25124,1.7944,0.2183,0.9907,22.7176,-75.9237,-19.6183,45.38,0
25134,1.8232,0.2202,0.9668,28.9313,-61.0534,-21.5878,45.24,0
25144,1.7969,0.2104,0.9790,37.6947,-50.1374,-21.7099,45.24,0
25154,1.7729,0.2544,0.9717,43.3588,-47.8931,-21.1603,45.33,0
25164,1.7769,0.2754,0.9995,44.4427,-47.4351,-18.5344,45.33,0
25174,1.8062,0.2979,0.9717,42.3969,-45.4046,-15.0687,45.09,0
25184,1.8418,0.3105,0.9790,39.0076,-38.8397,-10.0000,45.24,0
25194,1.8491,0.3311,0.9858,33.5725,-32.1221,-6.1527,45.19,0
25204,1.8286,0.3647,0.9795,27.2214,-29.8015,-6.4427,45.61,0
25214,1.8091,0.3877,0.9937,22.7786,-29.7099,-6.5344,45.38,0
25224,1.8188,0.4111,0.9668,19.3740,-35.4198,-4.4427,45.33,0
25234,1.8433,0.4053,0.9443,15.9237,-39.6031,2.5038,45.33,0
25244,1.8594,0.3574,0.9429,11.5115,-37.0382,10.0611,45.38,0
25254,1.8364,0.3262,0.9106,8.3817,-33.7557,13.4809,45.38,0
25264,1.8315,0.3120,0.9111,8.6870,-33.0382,12.1069,45.33,0
25274,1.8252,0.3325,0.8955,9.3588,-32.7481,9.2672,45.33,0
25284,1.8276,0.3379,0.8550,11.0840,-34.5496,7.6336,45.33,0
25294,1.8398,0.3438,0.8979,9.8168,-29.0840,5.4198,45.38,0
25305,1.8657,0.3540,0.9048,11.8779,-18.6565,2.5649,45.38,0
25314,1.8521,0.3608,0.9277,10.2290,-10.3817,-0.4122,45.38,0
25324,1.8315,0.3545,0.9585,4.8550,-8.8550,-2.9618,45.24,0
25334,1.8267,0.3511,0.9756,-1.3588,-9.5725,-3.8473,45.24,0
25344,1.8623,0.3257,0.9287,-8.3664,-11.6336,-3.5267,45.57,0
25354,1.9033,0.2637,0.9004,-12.4122,-7.7252,-1.9084,45.19,0
25364,1.9092,0.2778,0.8906,-10.3053,3.8168,-0.0305,45.38,0
25374,1.9097,0.2671,0.8857,-9.3893,13.7252,-3.2824,45.38,0
25384,1.8872,0.3042,0.8623,-6.2443,18.5496,-6.9008,45.42,0
25394,1.7012,0.3018,0.8364,1.7405,14.0153,-6.7786,45.42,0
25404,1.8076,0.3276,0.8911,-5.3893,5.3740,-0.0763,45.19,0
25414,1.8096,0.3525,0.9155,-6.9313,5.8473,3.0229,45.71,1
25424,1.8267,0.2988,0.9048,-6.7176,9.5420,0.9466,45.61,1
25434,1.7339,0.3364,0.9146,-8.4580,0.2595,-1.0840,45.33,1
25444,1.8179,0.3257,0.8955,-9.1450,6.8855,-3.0687,45.19,1
25454,1.8149,0.3452,0.9209,-9.3130,9.4504,-5.6183,45.38,1
25464,1.7705,0.3384,0.9141,-11.6183,4.0153,-5.0534,45.24,1
25474,1.7817,0.3306,0.9141,-13.4046,-3.6794,-1.1603,45.38,1
25484,1.8018,0.3096,0.8867,-12.2443,-4.3969,3.5878,45.33,1
25494,1.8140,0.2944,0.9009,-9.6183,-5.6489,6.3053,45.38,1
25504,1.8003,0.3140,0.8994,-7.1298,-4.7481,6.3359,45.38,1
25514,1.7983,0.3169,0.9111,-5.4198,-3.0229,5.0840,45.42,1
25524,1.7900,0.3169,0.8950,-3.7557,-2.5496,4.1527,45.42,1
25534,1.7773,0.3145,0.8838,-1.4809,-4.7023,4.5038,45.19,1
25544,1.7666,0.3018,0.8726,3.3893,-8.8855,6.6718,45.24,1
25554,1.7617,0.2842,0.8813,8.9618,-15.1298,7.7863,45.24,1
25564,1.7729,0.2456,0.8550,14.3969,-20.5038,8.3206,45.24,1
25574,1.7852,0.2319,0.8530,19.4046,-27.3740,10.3206,45.42,1
25584,1.8032,0.2188,0.8247,25.4656,-32.1069,12.3511,45.38,1
25595,1.8325,0.2266,0.8149,31.3435,-33.2519,13.5115,45.24,1
25604,1.8613,0.2314,0.8281,36.3664,-28.9924,13.7099,45.33,1
25614,1.8730,0.2876,0.8315,40.1985,-24.0000,10.3053,45.38,1
25624,1.8691,0.2705,0.3594,42.5496,-5.1756,5.8931,45.42,0
25634,1.9189,0.2896,0.8354,32.9466,-17.3588,3.2519,45.19,0
25644,1.7979,0.3198,0.9092,26.1221,-11.0687,0.1221,45.33,0
25654,1.8027,0.3242,0.9097,20.1221,-7.2672,-2.6565,45.38,0
25664,1.8286,0.3291,0.8896,12.2290,-8.4122,-6.7023,45.33,0
25674,1.8354,0.3315,0.8657,5.3740,-10.7634,-6.3817,45.42,0
25684,1.8481,0.3242,0.8511,2.1832,-14.0611,0.3664,45.42,0
25694,1.8428,0.3032,0.8389,2.1221,-16.7481,7.4504,45.38,0
25704,1.8892,0.3130,0.8110,1.8168,-17.9542,12.6260,45.33,0
25714,1.8652,0.2896,0.8945,4.3206,-10.6718,12.6565,45.24,0
25724,1.9087,0.2881,0.8657,3.4198,1.6031,5.6794,45.24,0
25734,1.8813,0.2778,0.9116,-2.2290,10.6412,-2.7176,45.24,0
25744,1.8809,0.3071,0.8916,-7.0229,15.3435,-8.4427,45.38,0
25754,1.8442,0.3247,0.8779,-10.1832,19.0840,-7.6183,45.38,0
25764,1.8647,0.3477,0.8301,-10.4580,18.5496,-2.7786,45.42,0
25774,1.7935,0.3286,0.8311,-9.1603,9.6947,6.8397,45.38,0
25784,1.7627,0.3271,0.8232,-9.7099,-0.3359,13.2214,45.24,0
25794,1.7461,0.2827,0.8413,-10.1069,-9.5420,16.0611,45.05,0
25804,1.7544,0.2749,0.8115,-9.5725,-12.9008,12.6718,45.38,0
25814,1.7681,0.2773,0.7949,-6.5802,-11.4504,6.3817,45.38,0
25824,1.8086,0.2749,0.7856,-1.6641,-6.1527,-0.3664,45.38,0
25834,1.8140,0.2637,0.7915,5.5115,-0.7176,-5.1145,45.42,0
25844,1.8354,0.2520,0.7974,11.3282,1.0382,-5.7863,45.38,0
25854,1.8477,0.2368,0.8115,13.8168,4.3511,-4.0305,45.38,0
25864,1.8242,0.2300,0.8369,16.7176,2.6412,-1.9542,45.38,0
25874,1.8281,0.2544,0.8267,17.0840,0.8092,-0.8855,45.42,0
25884,1.8403,0.2603,0.8535,17.5114,-3.1908,1.5420,45.38,0
25894,1.8384,0.2896,0.8467,18.4580,-4.6107,4.0305,45.24,0
25904,1.8223,0.2891,0.8657,16.1985,-6.0611,3.9237,45.38,0
25914,1.8213,0.2837,0.8628,13.1603,-9.4504,2.5802,45.33,0
25924,1.8350,0.2964,0.8398,12.1069,-8.2595,3.0229,45.33,0
25934,1.8481,0.2812,0.8472,11.1145,-5.6336,2.7634,45.24,0
25945,1.8647,0.2969,0.8213,11.6336,0.1221,2.0763,45.52,0
25954,1.8223,0.3145,0.8516,13.8015,3.9237,-1.1756,45.24,0
25964,1.8252,0.3315,0.8633,14.3969,5.4962,-5.6183,45.33,0
25974,1.8120,0.3423,0.8779,10.8855,2.7634,-7.6947,45.38,0
25984,1.8101,0.3267,0.8735,6.1679,-2.5802,-6.5038,45.24,0
25994,1.8257,0.3052,0.8457,2.8702,-9.6031,-2.9771,45.24,0
26004,1.8740,0.2949,0.8193,1.8168,-13.1603,2.0305,45.38,0
26014,1.9175,0.2749,0.8193,6.0000,-7.8626,7.4962,45.24,0
26024,1.9082,0.2900,0.8203,11.8779,-1.6489,9.6947,45.38,0
26034,1.8774,0.3101,0.8398,15.8321,6.3511,8.3664,45.42,0
26044,1.8296,0.3267,0.8765,13.8779,8.7939,3.8473,45.38,0
26054,1.8003,0.3394,0.8794,9.5420,10.1832,-1.1908,45.09,0
26064,1.7886,0.3506,0.8696,4.4885,4.8855,-3.4809,45.42,0
26074,1.8159,0.3481,0.8447,1.2824,1.7710,-2.1374,45.33,0
26084,1.8350,0.3047,0.8320,-0.1832,-1.3130,0.9618,45.38,0
26094,1.8530,0.2842,0.8359,-0.1832,-1.7863,4.5802,45.52,0
26104,1.8306,0.2817,0.8369,1.4351,-2.3817,6.0305,45.42,0
26114,1.8271,0.2656,0.8408,2.3969,-2.1374,4.4885,45.33,0
26124,1.8428,0.2686,0.8276,2.2595,1.1756,3.1908,45.24,0
26134,1.8325,0.2715,0.8359,3.7557,3.2977,2.5344,45.38,0
26144,1.8340,0.2646,0.8218,3.3130,4.1679,1.2519,45.38,0
26154,1.8311,0.2563,0.8325,4.3817,3.2977,1.5115,45.24,0
26164,1.8394,0.2495,0.8271,7.7710,0.7634,3.2519,45.38,0
26174,1.8428,0.2617,0.8096,12.0305,0.1221,5.0229,45.24,0
26184,1.8071,0.2847,0.8325,15.3588,-2.4122,5.7252,45.33,0
26194,1.7910,0.3003,0.8438,14.8092,-6.4580,3.8168,45.38,0
26205,1.7861,0.3125,0.8447,11.2061,-7.9389,-0.4275,45.33,0
26214,1.8213,0.3301,0.8550,8.3053,-8.1374,-5.5573,45.42,0
26224,1.8691,0.3140,0.8301,6.0000,-6.0458,-10.1374,45.33,0
26234,1.8970,0.2930,0.8320,6.5802,-0.0153,-13.7405,45.24,0
26244,1.9253,0.2852,0.8057,10.4580,6.6260,-16.1527,45.38,0
26254,1.9307,0.2812,0.8086,16.3053,10.9008,-12.6565,45.33,0
26265,1.9214,0.2778,0.8198,20.0916,10.0458,-4.7939,45.38,0
26274,1.8921,0.2827,0.8481,19.3130,9.5573,1.6947,45.19,0
26284,1.8921,0.2842,0.8784,13.7405,9.1145,4.5038,45.24,0
26294,1.8843,0.2993,0.8672,9.5725,12.0611,4.1374,45.33,0
26304,1.8760,0.3184,0.8799,7.1756,16.0305,2.8092,45.33,0
26314,1.8628,0.3237,0.8579,5.4504,19.7710,0.4427,45.38,0
26324,1.8579,0.3286,0.8452,7.6336,19.3893,-0.3817,45.24,0
26334,1.8428,0.3452,0.8560,10.7176,20.2901,-1.1756,45.38,0
26344,1.8530,0.3545,0.8667,11.9542,21.5573,-2.6870,45.42,0
26354,1.8813,0.3843,0.8970,11.3588,27.6641,-6.5496,45.24,0
26364,1.9048,0.4141,0.9150,9.6794,34.2748,-12.2595,45.38,0
26374,1.9214,0.3882,0.9399,6.9618,38.4122,-20.4275,45.24,0
26384,1.9951,0.3921,0.9248,5.6947,43.3435,-23.3893,45.33,0
26394,2.0591,0.3740,0.9233,8.3664,52.8855,-20.0305,45.24,0
26404,2.0776,0.3521,0.9653,12.1221,64.2595,-14.2443,45.24,0
26414,2.0796,0.3486,1.0059,11.8015,77.2366,-11.3893,45.42,0
26424,2.0576,0.3848,1.0596,7.1298,89.4046,-10.8244,45.19,0
26434,2.0352,0.4043,1.0698,1.1908,98.1221,-10.7023,45.42,0
26444,2.0127,0.4390,1.0996,-4.3053,105.8015,-9.3130,45.24,0
26454,2.0029,0.4600,1.1343,-10.7634,111.5115,-8.5954,45.33,0
26464,1.9902,0.4575,1.1348,-16.7328,116.3206,-9.3893,45.24,0
26474,2.0239,0.4966,1.1636,-20.8244,125.3282,-12.7328,45.24,0
26484,2.0586,0.5107,1.1895,-24.5191,132.0916,-16.6565,45.38,0
26494,2.0635,0.4883,1.2168,-30.5191,137.0076,-18.8397,45.38,0
26504,2.0620,0.4653,1.2212,-35.2061,138.5343,-19.1450,45.38,0
26514,2.0918,0.4561,1.2217,-36.1985,136.0916,-24.1069,45.42,0
26524,2.1470,0.4419,1.2622,-30.5038,137.4962,-37.9542,45.24,0
26534,2.2407,0.4917,1.2837,-18.2748,157.2672,-59.2366,45.24,0
26544,2.3135,0.5508,1.3428,-2.8092,181.6947,-71.0687,45.61,0
26554,2.3096,0.5742,1.4502,3.4962,205.9695,-62.2595,45.24,0
26564,2.3130,0.6558,1.5078,-8.5496,220.9313,-34.2901,45.38,0
26574,2.1812,0.5947,1.5728,-36.3206,228.5038,4.0611,45.52,0
26584,2.0264,0.5156,1.5786,-70.5954,226.3664,34.6718,45.24,0
26594,1.8560,0.4438,1.5410,-103.2977,212.6107,56.6870,45.52,0
26604,1.7271,0.3916,1.4736,-127.4962,201.5420,66.7939,45.33,0
26614,1.6528,0.3223,1.4048,-135.7863,195.4046,66.8702,45.24,0
26624,1.6050,0.3027,1.3628,-129.2672,197.6336,63.0229,45.38,0
26634,1.5562,0.3076,1.3633,-116.3969,200.5191,53.5573,45.42,0
26644,1.5420,0.3428,1.3813,-100.2443,203.0687,39.9237,45.24,0
26654,1.5146,0.3623,1.4224,-84.0916,204.0916,26.1679,45.24,0
26664,1.5332,0.3833,1.4619,-72.9618,213.7863,12.8550,45.38,0
26674,1.5049,0.4419,1.5195,-65.4809,228.6565,4.6870,45.38,0
26684,1.4546,0.4438,1.5879,-69.1756,232.8855,-0.6718,45.19,0
26694,1.4165,0.3916,1.6494,-87.9695,231.0687,2.1527,45.33,0
26704,1.3936,0.3022,1.6719,-114.2748,219.2824,9.5267,45.24,0
26714,1.4331,0.1963,1.6094,-136.7176,206.4580,19.8779,45.24,0
26724,1.4629,0.1353,1.5366,-139.9847,202.4275,35.6947,45.09,0
26734,1.4136,0.1162,1.5122,-133.0382,207.6794,49.9542,45.42,0
26744,1.3398,0.1094,1.5483,-124.6107,212.2901,54.2137,45.33,0
26754,1.2725,0.1372,1.5547,-117.0382,215.1603,46.1832,45.19,0
26764,1.1782,0.1270,1.5703,-110.3817,221.4504,33.4046,45.24,0
26774,1.1763,0.0703,1.5874,-104.6412,222.8550,23.7252,45.38,0
26784,1.2476,0.0874,1.6450,-102.5343,220.3969,21.1298,45.38,0
26794,1.2378,0.0547,1.6567,-109.4046,219.3282,28.6260,45.38,0
26804,1.1963,-0.0156,1.6714,-117.9084,217.3130,36.5802,45.38,0
26814,1.1089,-0.0200,1.6260,-121.4351,222.0153,41.0534,45.38,0
26824,1.0425,-0.0552,1.6064,-121.2366,220.8092,45.9389,45.38,0
26834,0.9819,-0.0273,1.5879,-112.6565,219.3893,50.0916,45.24,0
26844,0.9229,0.0117,1.5908,-100.6412,224.1985,52.0305,45.24,0
26854,0.8267,0.0420,1.6577,-93.2977,230.9160,49.0534,45.42,0
26864,0.7632,0.0430,1.6729,-94.6412,233.3435,39.4504,45.61,0
26874,0.6968,0.0278,1.7109,-101.8321,231.2977,29.0229,45.38,0
26884,0.7334,-0.0581,1.7202,-105.7557,222.0611,17.2672,45.42,0
26894,0.6924,-0.0850,1.7090,-102.7786,219.1756,6.7176,45.61,0
26904,0.6846,-0.0889,1.7192,-102.9466,221.4809,2.0000,45.33,0
26914,0.6138,-0.1309,1.7349,-108.2595,219.1298,1.7405,45.38,0
26924,0.6421,-0.1304,1.6938,-118.9771,224.4427,3.8321,45.52,0
26934,0.6094,-0.2002,1.6328,-127.7099,230.4580,12.3969,45.33,0
26944,0.5679,-0.2656,1.5913,-125.5878,227.0534,22.7023,45.33,0
26954,0.4897,-0.2988,1.5527,-119.4504,224.4733,28.8397,45.33,0
26964,0.4399,-0.3496,1.5420,-110.6565,222.3664,30.2137,45.24,0
26974,0.3701,-0.3794,1.5806,-97.5573,224.5954,23.2672,45.33,0
26984,0.3115,-0.3369,1.5864,-87.6336,231.4809,15.4198,45.33,0
26994,0.2231,-0.3369,1.6006,-82.5496,229.2214,11.3893,45.38,0
27004,0.1138,-0.3584,1.6016,-81.0840,216.8244,7.6489,45.24,0
27014,0.1440,-0.3989,1.6211,-82.7328,200.8092,1.4046,45.09,0
27024,0.1958,-0.4761,1.5845,-85.8473,196.7634,-9.2977,45.24,0
27034,0.2437,-0.4858,1.5176,-84.0153,221.2519,-18.4122,45.52,0
27044,0.2725,-0.5166,1.5225,-76.8244,235.2214,-24.4886,45.38,0
27054,0.2061,-0.4946,1.5420,-70.0305,241.2672,-23.8779,45.24,0
27064,0.1558,-0.4873,1.5752,-71.3740,235.3893,-13.5267,45.33,0
27074,0.0840,-0.5254,1.5542,-81.3893,226.1374,3.2366,45.19,0
27084,-0.0044,-0.5171,1.5195,-95.8473,214.4122,25.4962,45.38,0
27094,-0.0713,-0.6548,1.5010,-106.9160,192.3664,39.0687,45.38,0
27104,-0.1206,-0.7354,1.4380,-107.2519,174.4580,38.4122,45.24,0
27114,-0.1235,-0.7627,1.4287,-98.0458,165.1298,30.0458,45.33,0
27124,-0.1348,-0.7700,1.4136,-84.5496,163.8015,19.6489,45.33,0
27134,-0.1221,-0.7407,1.4263,-68.0458,178.8397,13.8626,45.33,0
27144,-0.1362,-0.7773,1.4014,-51.7710,196.7023,5.7252,45.24,0
27154,-0.2236,-0.8394,1.3931,-40.1221,210.4275,-2.9924,45.52,0
27164,-0.3232,-0.8481,1.3433,-36.1527,215.3588,-1.9695,45.38,0
27174,-0.4277,-0.8481,1.2964,-41.2977,208.2595,12.9924,45.42,0
27184,-0.5767,-0.8237,1.2109,-48.6260,186.0000,33.4046,45.33,0
27194,-0.6943,-0.8281,1.1797,-54.1679,164.9008,52.9771,45.61,0
27204,-0.7988,-0.8120,1.1182,-55.5725,146.8550,61.8779,45.33,0
27214,-0.8887,-0.8135,1.0718,-56.9160,140.1069,65.0687,45.33,0
27224,-0.9731,-0.9175,1.0308,-55.0840,137.3588,61.5267,45.24,0
27234,-1.0210,-0.9351,0.9712,-52.8855,150.9771,51.2061,45.24,0
27244,-1.1025,-0.9634,0.9297,-51.3740,165.4962,35.5878,45.24,0
27254,-1.2134,-0.9658,0.8975,-49.0534,167.4657,20.6870,45.19,0
27264,-1.3164,-0.9492,0.8843,-41.3282,151.9542,9.1908,45.33,0
27274,-1.4062,-0.9609,0.8813,-29.3740,124.7634,4.3053,45.19,0
27284,-1.3896,-0.9297,0.9019,-13.7405,88.5649,-2.0611,45.42,0
27294,-1.2754,-0.8926,0.9565,-1.5878,64.2901,-3.1908,45.38,0
27304,-1.1875,-0.8901,1.0186,10.2290,49.5878,-6.2290,45.52,0
27314,-1.1191,-0.8882,1.0933,13.5573,49.5420,-8.6260,45.38,0
27324,-1.0889,-0.9189,1.1191,8.6870,49.4656,-12.4427,45.38,0
27334,-1.0693,-0.9785,1.1870,3.8626,40.9160,-19.3435,45.24,0
27344,-1.0464,-1.0225,1.2012,3.8321,25.5267,-26.8550,45.33,0
27354,-0.9800,-1.0132,1.2407,11.4962,9.9237,-31.8779,45.38,0
27364,-0.8687,-0.9854,1.2529,28.0763,-2.6870,-32.5496,45.42,0
27374,-0.8032,-0.9165,1.3516,42.4275,-6.4885,-27.8931,45.38,0
27384,-0.7720,-0.8584,1.4810,48.5344,-14.7634,-20.8702,45.24,0
27394,-0.6914,-0.8237,1.5562,44.4122,-16.6107,-14.6260,45.38,0
27404,-0.6240,-0.8330,1.6191,37.5878,-7.6641,-11.2366,45.24,0
27414,-0.6191,-0.8315,1.6460,33.2061,8.2748,-14.0611,45.33,0
27424,-0.6626,-0.7915,1.6460,30.7939,14.6107,-15.6489,45.24,0
27434,-0.6558,-0.7925,1.6973,25.1756,11.1145,-15.0382,45.38,0
27444,-0.6553,-0.7729,1.6826,19.5267,4.3664,-11.7099,45.24,0
27454,-0.6279,-0.7412,1.6787,12.1985,1.0229,-3.8168,45.57,0
27464,-0.6436,-0.7183,1.6660,3.9542,-1.7710,6.2901,45.24,0
27474,-0.6670,-0.7383,1.6416,-4.1069,-6.3053,15.2061,45.00,0
27484,-0.7153,-0.7554,1.5977,-11.0687,-10.9618,22.4122,45.19,0
27494,-0.6987,-0.7969,1.5249,-12.0153,-15.1756,24.8855,45.24,0
27504,-0.7144,-0.7974,1.5103,-8.3359,-11.1450,27.2214,45.52,0
27514,-0.7354,-0.8340,1.4727,-2.0153,-7.7863,26.9618,45.38,0
27524,-0.7852,-0.8418,1.4614,4.5344,-4.0305,21.5573,45.33,0
27534,-0.8086,-0.8315,1.4619,10.1679,-1.8931,13.6641,45.33,0
27544,-0.8228,-0.8271,1.4722,15.4504,-3.7863,4.5344,45.38,0
27554,-0.8071,-0.8071,1.4614,20.1069,-4.3817,-2.8244,45.33,0
27564,-0.7881,-0.7598,1.4673,22.9160,-2.7481,-3.8321,45.38,0
27574,-0.7881,-0.7227,1.4883,19.4809,-5.8015,0.9618,45.38,0
27584,-0.7900,-0.7080,1.4902,11.9237,-12.0916,11.1298,45.33,0
27594,-0.8057,-0.7080,1.4917,5.3282,-21.0229,22.6260,45.38,0
27604,-0.7935,-0.7803,1.5044,-0.9466,-27.5725,27.6794,45.24,0
27614,-0.8062,-0.8657,1.4985,0.3664,-33.2672,25.2061,45.24,0
27624,-0.8003,-0.8867,1.4844,12.6260,-32.8702,14.7023,45.24,0
27634,-0.7920,-0.8843,1.4951,26.7023,-25.6794,0.1527,45.33,0
27644,-0.7715,-0.8799,1.5161,37.3893,-18.6565,-13.6183,45.52,0
27654,-0.7729,-0.8643,1.5337,42.2748,-13.8015,-20.4580,45.38,0
27664,-0.7651,-0.8247,1.5430,37.9389,-17.2214,-20.8855,45.33,0
27674,-0.7290,-0.7920,1.5439,26.8244,-28.5191,-7.6183,45.24,0
27684,-0.7178,-0.7461,1.5522,12.5344,-42.9008,15.4198,45.42,0
27694,-0.6597,-0.7725,1.5210,-3.9847,-48.3206,40.5038,45.24,0
27704,-0.6953,-0.8320,1.5020,-12.5802,-52.1527,54.4885,45.24,0
27714,-0.7363,-0.8525,1.4648,-12.6260,-52.5191,52.1221,45.24,0
27724,-0.7891,-0.9409,1.4482,-4.3817,-48.4275,39.5725,45.42,0
27734,-0.7832,-0.9395,1.4214,10.9313,-43.2672,19.7252,45.38,0
27744,-0.7847,-0.8970,1.4053,27.7405,-35.9847,3.0840,45.38,0
27754,-0.7603,-0.8408,1.4214,39.7710,-30.8855,-8.0611,45.24,0
27764,-0.7705,-0.8081,1.4458,45.7863,-32.8702,-10.1527,45.19,0
27774,-0.7549,-0.7671,1.4595,46.5649,-40.8244,-4.8244,45.61,0
27784,-0.7217,-0.7363,1.4678,38.7939,-46.2443,3.6947,45.42,0
27794,-0.7202,-0.6875,1.4893,28.6870,-50.0458,13.1298,45.42,0
27804,-0.7197,-0.7368,1.5142,17.2519,-58.8550,21.2061,45.38,0
27814,-0.6885,-0.7471,1.5146,8.2901,-70.4427,28.5191,45.38,0
27824,-0.6499,-0.7495,1.4937,4.6718,-73.4504,35.3282,45.33,0
27834,-0.6514,-0.7437,1.4971,4.1374,-72.8550,39.6183,45.09,0
27844,-0.6660,-0.7451,1.5005,4.3664,-70.3511,37.6794,45.33,0
27854,-0.6890,-0.7344,1.5132,3.6947,-69.5420,33.4504,45.52,0
27864,-0.7183,-0.7388,1.4795,1.6183,-69.9542,30.2901,45.38,0
27874,-0.7422,-0.7769,1.4170,0.0153,-71.9389,27.2977,45.38,0
27884,-0.7764,-0.8345,1.3511,1.8779,-79.0382,23.1450,45.24,0
27894,-0.7422,-0.9082,1.3159,6.4885,-87.0534,15.7710,45.38,0
27904,-0.6338,-0.9639,1.2939,14.1221,-86.5954,7.9084,45.33,0
27914,-0.5464,-0.9678,1.3096,26.0000,-71.6947,4.4122,45.24,0
27924,-0.5381,-0.9370,1.3823,39.0229,-62.1374,3.4809,45.38,0
27934,-0.5610,-0.8433,1.3999,46.2137,-60.7328,5.3588,45.33,0
27944,-0.5664,-0.7031,1.4712,49.5420,-62.4733,18.7176,45.38,0
27954,-0.6372,-0.6172,1.4873,40.1679,-71.0229,35.7710,45.38,0
27964,-0.6650,-0.6523,1.5181,25.2366,-85.2977,46.5649,45.24,0
27974,-0.7017,-0.7422,1.4658,15.5115,-92.7023,34.7023,45.09,0
27984,-0.6528,-0.8315,1.4194,24.3511,-96.2290,5.9847,45.38,0
27994,-0.5874,-0.8130,1.4072,50.5344,-94.0763,-25.8931,45.38,0
28004,-0.4609,-0.7017,1.4307,80.5954,-91.1756,-46.0916,45.24,0
28014,-0.3428,-0.5874,1.5747,103.2824,-84.8397,-46.8244,45.24,0
28024,-0.2437,-0.4258,1.6665,102.4885,-76.3664,-32.2748,45.42,0
28034,-0.2554,-0.3081,1.7358,81.3740,-77.0382,-0.6870,45.24,0
28044,-0.3037,-0.3359,1.7866,45.6489,-86.5343,37.2519,45.42,0
28054,-0.3730,-0.5576,1.7134,10.8244,-102.9466,50.8550,45.24,0
28064,-0.4272,-0.6851,1.5796,4.9924,-89.2366,23.8626,45.24,0
28074,-0.4854,-0.8237,1.4546,23.6794,-72.8244,-26.1527,45.19,0
28084,-0.4927,-0.8247,1.3911,67.6947,-77.6489,-69.5878,45.24,0
28094,-0.3301,-0.6890,1.3784,120.6870,-89.6183,-87.2214,45.42,0
28104,-0.1650,-0.4463,1.5190,158.4733,-98.4733,-73.9695,45.19,0
28114,-0.0601,-0.1982,1.6621,158.4122,-104.1679,-35.0382,45.52,0
28124,-0.0425,-0.1929,1.7954,125.9389,-118.7786,12.3969,45.33,0
28134,-0.1025,-0.3174,1.8447,86.3817,-137.1298,39.9237,45.24,0
28144,-0.1304,-0.3784,1.7529,58.1527,-139.1450,39.8779,45.42,0
28154,-0.1484,-0.5415,1.6665,46.9160,-127.6336,22.7023,45.33,0
28164,-0.1763,-0.6157,1.5806,56.9008,-106.7023,-10.5496,45.24,0
28174,-0.1650,-0.6069,1.5635,86.8397,-93.1450,-52.5344,45.05,0
28184,-0.1016,-0.5005,1.6064,126.2443,-94.9618,-76.1069,45.33,0
28194,-0.0112,-0.2925,1.6558,153.1298,-111.0229,-69.6183,45.38,0
28204,0.1016,-0.0884,1.7285,153.2061,-130.0000,-34.2595,45.19,0
28214,0.1812,-0.0659,1.8081,131.0840,-150.8397,15.2214,45.33,0
28224,0.2114,-0.1592,1.8179,99.2519,-168.1374,47.3893,45.24,0
28234,0.2031,-0.2837,1.7866,79.7405,-161.6336,47.3893,45.42,0
28244,0.1147,-0.3740,1.7456,76.1527,-136.6870,24.8855,45.38,0
28254,0.0762,-0.4512,1.7095,86.2443,-130.7939,-9.5420,45.05,0
28264,0.0698,-0.3789,1.7476,111.9389,-133.5267,-34.3969,45.24,0
28274,0.1675,-0.2178,1.7466,135.6183,-139.5420,-40.1832,45.24,0
28284,0.2725,-0.0312,1.8369,143.1908,-154.5802,-19.2672,45.52,0
28295,0.3286,0.1104,1.9458,121.0229,-169.1908,21.7710,45.24,0
28304,0.3359,0.0918,1.9990,79.1603,-185.1756,57.5267,45.52,0
28314,0.3018,-0.0132,1.9790,34.9313,-192.1221,67.9084,45.42,0
28324,0.3545,-0.2529,1.8677,12.2901,-183.2061,40.8397,45.24,0
28334,0.4165,-0.3223,1.7671,29.5420,-148.7939,-11.7557,45.33,0
28344,0.3979,-0.3159,1.7231,69.9847,-122.0000,-55.7405,45.24,0
28354,0.4189,-0.2139,1.7656,117.2672,-136.9160,-66.2137,45.24,0
28364,0.6680,0.0205,1.8779,143.8015,-158.2443,-35.3435,45.24,0
28374,0.7456,0.2046,2.0195,137.3282,-168.3053,13.2977,45.38,0
28384,0.7046,0.2505,2.1187,98.6718,-170.4886,58.1374,45.00,0
28394,0.6499,0.1030,2.1616,38.6412,-182.8397,87.1603,45.24,0
28404,0.6167,-0.1719,2.0503,3.6947,-191.0534,66.9771,45.38,0
28414,0.6284,-0.2900,1.8887,15.7099,-150.5802,4.0916,45.38,0
28424,0.6562,-0.3486,1.8008,52.7481,-108.8092,-62.3359,45.52,0
28435,0.6499,-0.2925,1.7744,103.6489,-100.2901,-92.5649,45.33,0
28444,0.8296,-0.0557,1.8320,150.2137,-106.6107,-77.9542,45.38,0
28454,0.9497,0.2124,2.0024,163.8015,-108.0000,-37.2061,45.24,0
28464,0.8569,0.3193,2.1548,138.1069,-109.7863,3.7557,45.33,0
28474,0.7231,0.3438,2.2275,80.0153,-118.5954,35.4046,45.61,0
28485,0.6304,0.2383,2.1348,11.2519,-143.8321,56.1069,45.38,0
28494,0.6079,0.0459,1.9409,-35.6794,-160.1221,49.0229,45.33,0
28504,0.6519,-0.0776,1.7798,-40.7939,-147.4657,16.4275,45.24,0
28514,0.6978,-0.1265,1.6401,-13.4656,-136.9313,-19.4962,45.24,0
28524,0.7920,-0.0869,1.6060,35.1298,-144.3969,-31.6031,45.38,0
28534,1.0034,0.0830,1.6626,80.8244,-138.1832,-20.6260,45.38,0
28544,1.0117,0.2046,1.8262,100.2443,-127.0534,-5.3740,45.38,0
28554,0.9326,0.3018,1.9702,87.4198,-119.8931,3.9695,45.24,0
28564,0.8521,0.3408,1.9941,47.0076,-124.5191,14.1221,45.33,0
28574,0.8325,0.2231,1.9131,-1.4046,-136.4122,21.7405,45.19,0
28584,0.9131,0.0269,1.7446,-23.2977,-151.3740,9.5573,45.38,0
28594,1.0371,-0.0410,1.6240,-4.3969,-141.6183,-18.7176,45.42,0
28604,1.1348,-0.0659,1.5996,32.7481,-120.1832,-43.2061,45.24,0
28614,1.2095,0.0283,1.6733,74.4427,-95.3282,-58.9008,45.24,0
28624,1.2026,0.1343,1.7788,102.3053,-73.4657,-62.6565,45.33,0
28634,1.1577,0.1855,1.9229,105.4504,-61.0076,-60.7023,45.24,0
28644,1.1143,0.2495,1.9907,85.5267,-55.0534,-52.6412,45.38,0
28654,1.0713,0.2539,1.9956,51.8626,-59.1908,-36.7939,45.42,0
28664,1.0029,0.2456,1.9321,15.1603,-74.7481,-15.8168,45.38,0
28674,1.0146,0.1558,1.8242,-13.8931,-103.1908,6.9924,45.42,0
28684,1.0840,0.0454,1.7393,-22.8092,-126.8702,23.3130,45.24,0
28694,1.1416,0.0474,1.6899,-9.8931,-129.8321,20.4733,45.24,0
28704,1.2065,-0.0034,1.6553,11.3740,-114.7481,7.2977,45.24,0
28714,1.2544,0.0444,1.6948,33.6183,-98.7634,-2.6412,45.52,0
28724,1.2686,0.1021,1.7417,48.7176,-83.1908,-8.8702,45.38,0
28734,1.2490,0.1206,1.7866,49.8321,-67.6183,-11.9237,45.33,0
28744,1.1489,0.1499,1.7798,41.8473,-59.3435,-15.5115,45.33,0
28754,1.0767,0.1602,1.7427,28.4122,-64.1679,-16.0153,45.38,0
28764,1.0708,0.1509,1.6636,13.4504,-83.5878,-7.2061,45.38,0
28774,1.1260,0.1758,1.6079,2.8244,-102.6260,10.5038,45.38,0
28784,1.1743,0.1958,1.5562,-4.7786,-112.4122,29.9695,45.33,0
28794,1.1621,0.1802,1.5620,-15.0534,-115.0840,40.8550,45.24,0
28804,1.1406,0.1411,1.5464,-20.5954,-115.2519,37.9084,45.38,0
28814,1.1567,0.0742,1.5054,-18.6107,-110.7939,19.6183,45.38,0
28824,1.2827,-0.0107,1.4580,1.8168,-100.5802,-11.4962,45.33,0
28834,1.4126,-0.0322,1.4131,43.8931,-80.5649,-44.5649,45.42,0
28844,1.4697,0.0093,1.4526,89.3435,-53.1450,-69.2672,45.24,0
28854,1.4941,0.0767,1.5068,124.1221,-29.6947,-78.9618,45.33,0
28864,1.4517,0.1621,1.6064,137.8321,-13.6031,-81.1756,45.52,0
28874,1.4219,0.2373,1.6680,130.6870,-5.2672,-79.7405,45.33,0
28884,1.3589,0.3042,1.7085,108.1374,-5.8779,-71.6336,45.38,0
28894,1.3311,0.3521,1.6963,77.4809,-14.0153,-58.7786,45.33,0
28904,1.2993,0.3579,1.6440,47.9237,-30.5954,-40.9771,45.33,0
28914,1.2842,0.3604,1.6138,23.4656,-57.0687,-14.1221,45.33,0
28924,1.3008,0.3228,1.5576,3.4351,-83.5267,12.4733,45.24,0
28934,1.3076,0.2886,1.5225,-6.5802,-93.7405,25.5420,45.42,0
28944,1.3140,0.2617,1.4980,-5.3588,-91.7863,26.8092,45.38,0
28954,1.3193,0.2388,1.5029,0.1679,-81.8321,17.8931,45.05,0
28964,1.3115,0.2427,1.4727,6.1069,-69.1908,5.1908,45.24,0
28974,1.2871,0.2476,1.4658,10.8855,-60.5649,-7.2824,45.24,0
28984,1.3091,0.2329,1.4302,14.3053,-59.3282,-12.9618,45.19,0
28994,1.2935,0.2583,1.4136,18.6718,-68.1374,-7.4198,45.24,0
29004,1.3296,0.2563,1.3677,18.1985,-74.6412,2.2595,45.42,0
29014,1.2959,0.2354,1.3828,15.6794,-83.0840,8.7634,45.33,0
29024,1.3169,0.2466,1.3584,12.7481,-88.1374,8.2443,45.24,0
29034,1.3521,0.2261,1.3496,12.4885,-84.2290,1.5878,45.61,0
29044,1.4028,0.2271,1.3325,15.9084,-74.1069,-9.1145,45.38,0
29054,1.3843,0.2402,1.3618,21.9695,-63.6031,-19.4351,45.19,0
29064,1.3867,0.2915,1.3652,27.6031,-62.3969,-26.9160,45.38,0
29074,1.4111,0.3066,1.3862,31.6031,-67.6947,-28.3817,45.38,0
29084,1.4634,0.3379,1.3911,33.1298,-76.9466,-21.0229,45.38,0
29094,1.5430,0.3438,1.4097,33.3740,-81.7099,-12.7176,45.38,0
29105,1.6001,0.2930,1.4209,32.2443,-75.3588,-9.1908,45.24,0
29114,1.5854,0.3081,1.4565,31.6489,-67.0382,-12.0763,45.38,0
29124,1.5967,0.3301,1.4624,29.8779,-59.1450,-19.4198,45.24,0
29134,1.5986,0.3672,1.4663,29.6794,-50.9771,-27.7405,45.38,0
29144,1.6211,0.3901,1.4780,31.9237,-44.3359,-35.3282,45.38,0
29154,1.6206,0.4097,1.4746,36.0305,-40.3969,-39.6183,45.24,0
29164,1.6431,0.4209,1.4678,36.8397,-42.1221,-34.5191,45.61,0
29174,1.6753,0.4077,1.4551,30.9466,-45.8473,-21.6794,45.24,0
29184,1.6782,0.3994,1.4375,20.6412,-44.2748,-10.1832,45.19,0
29194,1.6611,0.3994,1.3999,8.3206,-39.1450,-2.7023,45.38,0
29204,1.5742,0.3721,1.3960,-2.7176,-38.3206,0.4885,45.52,0
29214,1.5557,0.3633,1.3301,-8.8397,-40.6260,0.2443,45.52,0
29224,1.5615,0.3359,1.2754,-9.8473,-39.2824,-3.2366,45.38,0
29234,1.5474,0.2964,1.2554,-4.2443,-35.4809,-7.9237,45.38,0
29244,1.5435,0.3125,1.2012,3.4198,-31.9847,-12.4580,45.38,0
29254,1.5308,0.3096,1.1816,13.9084,-32.6870,-11.9542,45.38,0
29264,1.5498,0.3389,1.1924,21.2519,-30.3969,-9.3588,45.33,0
29274,1.5244,0.3442,1.2017,23.7099,-28.3511,-7.6489,45.38,0
29284,1.5249,0.3462,1.2275,21.6641,-27.6489,-9.0992,45.38,0
29294,1.5283,0.3662,1.2549,19.9084,-25.6947,-12.3053,45.38,0
29304,1.5405,0.3599,1.2749,17.6641,-25.0840,-15.2061,45.42,0
29314,1.5435,0.3745,1.2778,17.0687,-26.9618,-16.1832,45.24,0
29324,1.5610,0.3774,1.2720,16.8702,-30.0000,-16.2290,45.19,0
29334,1.5742,0.3740,1.2739,16.2748,-31.1450,-13.8626,45.33,0
29344,1.5840,0.3491,1.2495,14.3359,-33.3130,-9.7405,45.24,0
29354,1.5928,0.3325,1.2441,14.4885,-33.6336,-5.9542,45.24,0
29364,1.5996,0.3364,1.2295,15.5573,-34.2595,-3.7863,45.19,0
29374,1.5908,0.3354,1.2139,19.3282,-32.5649,-3.5573,45.52,0
29384,1.5552,0.3535,1.2104,22.0153,-30.9771,-5.1756,45.24,0
29394,1.5195,0.3711,1.1748,22.6260,-33.3435,-6.2290,45.19,0
29404,1.4941,0.3706,1.1655,21.6641,-32.7023,-7.5725,45.38,0
29414,1.4785,0.3628,1.1411,22.5649,-38.9008,-8.6412,45.05,0
29424,1.5039,0.3662,1.1294,24.3664,-45.0076,-9.7557,45.24,0
29434,1.5640,0.3379,1.1152,27.6947,-50.7939,-10.7176,45.42,0
29444,1.6201,0.3237,1.0903,32.6870,-48.6565,-9.1145,45.38,0
29454,1.6333,0.3252,1.0762,41.7863,-43.9237,-9.6641,45.42,0
29464,1.5967,0.3247,1.0898,51.2061,-40.9008,-12.0458,45.33,0
29474,1.6060,0.3467,1.1035,58.1221,-37.7710,-17.1450,45.24,0
29484,1.6016,0.3848,1.1362,59.8473,-34.4885,-23.8473,45.33,0
29494,1.5972,0.4175,1.1250,57.1908,-35.3893,-28.5954,45.33,0
29504,1.6411,0.4219,1.1123,55.3435,-46.0153,-28.9618,45.38,0
29514,1.7285,0.4448,1.0815,57.5573,-50.9771,-20.5954,45.19,0
29524,1.7334,0.4614,1.1035,62.3664,-48.7328,-10.4275,45.24,0
29534,1.7285,0.4541,1.1538,61.5878,-40.7176,-6.0611,45.38,0
29544,1.7354,0.4673,1.1973,54.8397,-33.5115,-9.1450,45.38,0
29554,1.7192,0.4854,1.2192,45.6183,-28.9466,-15.2824,45.24,0
29564,1.7388,0.5054,1.1743,40.8855,-23.4351,-15.7405,45.42,0
29574,1.7529,0.5610,1.1230,37.3130,-22.5344,-8.8244,45.38,0
29584,1.7021,0.5713,1.1328,34.6718,-22.7481,1.6183,45.38,0
29594,1.6499,0.5552,1.1250,28.1069,-25.3282,9.0992,45.38,0
29604,1.5957,0.5278,1.1279,18.3053,-30.0916,9.6641,45.33,0
29614,1.6279,0.5308,1.1118,12.9008,-36.0305,8.0763,45.24,0
29624,1.6479,0.5298,1.0728,11.0687,-38.5496,5.8931,45.33,0
29634,1.6758,0.5337,1.0464,13.4962,-39.0382,5.5267,45.24,0
29644,1.6973,0.5249,1.0308,15.8779,-34.7634,6.0153,45.38,0
29654,1.6870,0.5166,1.0186,18.9771,-28.3053,5.0840,45.38,0
29664,1.6865,0.5112,1.0298,21.5267,-24.7939,2.3359,45.09,0
29674,1.6914,0.4780,1.0259,23.4198,-19.4656,-0.7328,45.09,0
29684,1.7070,0.5083,1.0518,25.4351,-12.3969,-5.3282,45.24,0
29694,1.7266,0.5166,1.0581,27.7099,-2.3664,-11.4046,45.38,0
29704,1.7285,0.5596,1.0830,26.9008,3.1450,-15.8473,45.33,0
29714,1.7310,0.5757,1.0864,22.7328,1.9389,-15.2519,45.38,0
29724,1.6929,0.5845,1.0791,16.7328,-5.0840,-8.2290,45.33,0
29734,1.6968,0.5854,1.0454,9.2977,-17.4046,1.9389,45.38,0
29744,1.7095,0.5781,1.0229,3.2366,-20.3053,9.2519,45.05,0
29754,1.7031,0.5630,1.0303,0.2137,-18.3664,12.8855,45.24,0
29764,1.6924,0.5527,1.0381,-2.0916,-12.6412,8.8855,45.24,0
29774,1.7056,0.5571,1.0713,-2.6718,-3.1450,0.9008,45.38,0
29784,1.7231,0.5498,1.0469,-4.6870,7.9542,-7.7252,45.33,0
29794,1.7095,0.5420,1.0483,-4.1832,13.8321,-11.3282,45.24,0
29804,1.7036,0.5186,1.0156,-1.6183,12.9466,-8.9008,45.38,0
29814,1.7012,0.4961,1.0430,-1.5420,10.0763,-4.0458,45.38,0
29824,1.7036,0.4683,1.0239,-1.1756,6.2901,-0.6107,45.24,0
29834,1.7056,0.4585,1.0142,-2.6260,4.3206,2.8397,45.38,0
29844,1.6929,0.4482,1.0186,-4.9771,4.8855,4.3511,45.38,0
29854,1.6855,0.4541,0.9966,-4.6107,4.4427,5.6489,45.61,0
29864,1.6626,0.4609,1.0195,-4.7634,6.5344,4.1679,45.24,0
29874,1.6650,0.4648,1.0107,-3.4351,13.0992,1.1603,45.38,0
29884,1.6416,0.4839,1.0142,-2.5038,18.0000,-4.1069,45.42,0
29894,1.6108,0.4756,1.0283,-0.0305,16.5496,-7.5115,45.05,0
29904,1.6133,0.4946,1.0293,1.4046,10.2748,-8.4733,45.24,0
29914,1.6382,0.4771,1.0259,1.0840,4.4427,-8.6718,45.24,0
29924,1.6519,0.4746,1.0288,1.1298,-0.0763,-6.6260,45.33,0
29934,1.6699,0.4761,1.0112,2.2595,-5.8168,-3.1908,45.24,0
29944,1.6938,0.4507,1.0298,5.3588,-8.6718,2.7939,45.38,1
29954,1.7808,0.3828,0.9189,7.0076,-2.1832,6.7786,45.57,1
29964,1.6758,0.4736,1.1040,7.1145,-0.9160,5.7405,45.38,1
29974,1.7158,0.4961,1.0649,6.3359,1.4504,2.9008,45.57,1
29984,1.6934,0.5117,1.0615,4.4275,2.6565,0.9160,45.24,1
29994,1.6802,0.5347,1.0347,0.9618,3.9237,-0.1069,45.05,1
30004,1.6670,0.5391,1.0073,-2.3206,2.3969,2.5954,45.38,1
30014,1.6475,0.5415,1.0181,-5.0840,-4.1832,5.3588,45.24,1
30024,1.6626,0.5088,1.0361,-7.5420,-6.8092,7.6183,45.09,1
30034,1.6890,0.4961,1.0391,-6.1985,-6.6107,7.3588,45.19,1
30044,1.6831,0.4629,1.0864,-4.9771,-1.3130,4.8855,45.52,1
30054,1.6973,0.4829,1.0884,-5.2214,2.0000,1.2672,45.24,1
30064,1.7188,0.4707,1.0625,-4.6870,8.6412,-1.6336,45.33,1
30074,1.6875,0.4849,1.0654,-1.6336,12.2443,-2.9924,45.24,1
30084,1.6562,0.4702,1.0420,0.7939,10.9771,-2.4122,45.33,1
30094,1.6685,0.4795,1.0200,3.6031,5.8779,-0.3664,45.33,1
30104,1.6436,0.4893,1.0337,4.5344,2.3053,1.4504,45.38,1
30114,1.6240,0.4824,1.0156,6.9008,-2.6260,3.4046,45.38,1
30124,1.6489,0.4800,1.0166,8.1374,-6.6260,4.8702,45.38,1
30134,1.6343,0.4741,1.0264,11.1756,-8.6260,6.5344,45.33,1
30144,1.6626,0.4775,1.0215,14.2137,-8.1527,5.8321,45.38,1
30154,1.6587,0.4644,1.0371,16.5496,-8.4122,5.3740,45.24,1
30164,1.6885,0.4795,1.0264,17.4351,-8.0611,1.7252,45.52,1
30174,1.7056,0.4653,1.0205,19.6183,-5.4809,-0.5496,45.24,1
30184,1.6963,0.4795,1.0337,22.2443,-1.8321,-0.8397,45.38,1
30194,2.0283,0.4282,-0.3125,16.0153,31.0992,-3.4962,45.42,0
30204,1.6865,0.4639,1.0479,21.3130,-3.1603,-1.9847,45.33,0
30214,1.7358,0.5034,0.9980,16.8855,-2.6260,0.8092,45.42,0
30224,1.6509,0.4873,1.0684,13.9695,-4.5038,3.3740,45.61,0
30234,1.6934,0.5063,1.0532,10.3511,-5.8779,4.5496,45.24,0
30244,1.6880,0.5107,1.0352,7.5878,-5.7557,3.9695,45.38,0
30254,1.6562,0.5293,1.0479,6.5191,-5.3588,4.2748,45.24,0
30264,1.6602,0.5161,1.0273,3.0992,-6.3206,3.5878,45.24,0
30274,1.6626,0.4785,1.0068,1.0534,-5.0382,3.6031,45.24,0
30284,1.6787,0.4673,1.0010,2.0458,-3.7099,2.8244,45.52,0
30294,1.6807,0.4541,0.9946,4.0458,-0.6412,1.6794,45.24,0
30304,1.6675,0.4536,0.9946,6.9771,-0.1069,1.4809,45.52,0
30314,1.6704,0.4502,0.9995,10.5038,0.1679,1.2214,45.33,0
30324,1.6680,0.4624,1.0181,13.0076,-0.9313,0.6718,45.33,0
30334,1.6782,0.4878,1.0254,14.7023,-0.5191,-0.5649,45.42,0
30344,1.6699,0.5098,1.0342,15.3588,0.8550,-2.1374,45.33,0
30354,1.6680,0.5146,1.0581,11.7557,1.4962,-4.1221,45.38,0
30364,1.6738,0.5156,1.0674,7.8473,-0.4122,-4.9466,45.24,0
30374,1.6929,0.5308,1.0698,4.3817,1.1450,-4.5191,45.38,0
30384,1.7061,0.5205,1.0459,1.2214,1.9389,-2.2901,45.38,0
30394,1.7056,0.5278,1.0396,0.3664,2.1985,1.1145,45.38,0
30404,1.6802,0.5088,1.0386,-0.0763,0.4885,4.3053,45.38,0
30414,1.6763,0.5029,1.0107,-0.8244,-1.5420,6.6107,45.33,0
30424,1.6504,0.4795,1.0195,-2.1679,-3.8779,5.5878,45.33,0
30434,1.6567,0.4756,1.0146,-1.3740,-4.1679,2.6412,45.38,0
30444,1.6665,0.4639,1.0044,0.9008,-4.4733,1.4656,45.38,0
30454,1.6968,0.4487,0.9941,4.0305,-0.9466,0.2595,45.52,0
30464,1.7080,0.4551,1.0103,7.8168,5.6336,-0.5802,45.09,0
30474,1.6875,0.4707,1.0410,11.5725,11.6183,-1.8626,45.24,0
30484,1.6802,0.4907,1.0571,12.3359,12.2290,-3.6336,45.38,0
30494,1.6914,0.5103,1.0571,10.3053,8.3969,-2.1374,45.42,0
30504,1.7007,0.5166,1.0347,8.6107,5.5878,0.9924,45.42,0
30514,1.7061,0.5103,1.0195,7.7405,1.2977,3.5878,45.42,0
30524,1.6973,0.5098,1.0132,7.0382,-0.9313,5.9084,45.52,0
30534,1.6982,0.4873,1.0142,5.7099,0.6107,5.2977,45.42,0
30544,1.6885,0.4961,1.0391,5.2824,2.8397,3.0382,45.42,0
30554,1.6738,0.4932,1.0513,5.1756,4.7481,-0.8855,45.38,0
30564,1.6968,0.4922,1.0264,4.3053,6.4427,-2.0458,45.42,0
30574,1.6929,0.4878,1.0122,7.4351,8.5038,-1.2519,45.05,0
30584,1.6714,0.4785,1.0205,7.8015,5.9542,1.2977,45.24,0
30594,1.6685,0.4707,1.0088,7.5878,2.6718,3.5573,45.24,0
30604,1.6694,0.4839,1.0181,7.5115,1.7099,3.1450,45.52,0
30614,1.6953,0.4771,1.0298,7.5573,3.1756,2.4733,45.38,0
30624,1.6938,0.4946,1.0337,8.4733,6.8855,2.1069,45.38,0
30634,1.6772,0.4775,1.0522,8.0916,6.3664,1.3588,45.52,0
30644,1.6909,0.4858,1.0488,6.6412,8.0458,1.0534,45.38,0
30654,1.6758,0.4937,1.0562,4.3969,8.0458,-0.0305,45.19,0
30664,1.6689,0.4907,1.0610,2.3359,3.9084,0.6718,45.75,0
30674,1.7002,0.5000,1.0444,2.0153,1.7252,3.3435,45.42,0
30684,1.6890,0.5029,1.0156,1.6641,1.8473,6.1985,45.38,0
30694,1.7012,0.5020,1.0239,1.4046,2.3206,8.6260,45.52,0
30704,1.6675,0.4600,1.0098,-0.2748,2.8244,10.5344,45.24,0
30714,1.6377,0.4404,1.0337,-0.1069,1.0076,8.8550,45.38,0
30724,1.6387,0.4443,1.0239,1.8473,0.3664,6.5496,45.38,0
30734,1.6499,0.4409,1.0015,5.5725,0.5496,2.8397,45.19,0
30744,1.6646,0.4473,1.0117,10.9160,4.5802,0.8397,45.33,0
30754,1.6694,0.4614,1.0229,14.9008,6.0000,-0.2137,45.52,0
30764,1.6899,0.4829,1.0327,15.9389,7.4351,-0.4885,45.38,0
30774,1.6587,0.5010,1.0522,13.8321,5.8015,-0.7328,45.42,0
30784,1.6631,0.5078,1.0547,10.7786,2.1221,0.0305,45.42,0
30794,1.6489,0.5264,1.0713,8.0305,-2.5344,1.9389,45.52,0
30804,1.6636,0.5132,1.0508,4.6107,-3.6031,3.1450,45.33,0
30814,1.6689,0.5063,1.0508,3.7405,-2.8550,4.6260,45.24,0
30824,1.6641,0.4985,1.0605,3.0229,-0.7328,4.3206,45.33,0
30834,1.6680,0.4902,1.0640,1.4351,0.3664,2.0153,45.38,0
30844,1.6650,0.4751,1.0532,0.6260,1.6031,-0.3511,45.38,0
30854,1.6836,0.4512,1.0264,-0.3206,1.6489,-1.4656,45.42,0
30864,1.6914,0.4434,1.0210,2.8244,0.2290,0.6565,45.52,0
30874,1.6934,0.4487,1.0171,7.6794,0.4122,4.5191,45.42,0
30884,1.6904,0.4531,1.0200,11.2977,2.1374,5.8626,45.38,0
30894,1.6465,0.4727,1.0400,12.4733,3.5267,4.5038,45.24,0
30904,1.6333,0.5044,1.0576,10.7634,3.2824,-0.0611,45.38,0
30914,1.6431,0.5298,1.0854,7.6794,3.0076,-4.8092,45.38,0
30924,1.6597,0.5176,1.0903,3.4809,2.6870,-7.2366,45.38,0
30934,1.6909,0.5137,1.0786,1.2672,2.1679,-4.7023,45.38,0
30944,1.7021,0.4878,1.0522,-0.4733,1.1298,-0.4122,45.42,0
30954,1.7056,0.4790,1.0415,-1.0076,-1.0840,5.8626,45.38,0
30964,1.7046,0.4761,1.0498,-1.1908,-0.7634,9.9084,45.52,0
30974,1.7070,0.4727,1.0503,-2.0763,2.4427,9.6794,45.38,0
30984,1.7241,0.4932,1.0688,-0.7786,8.2901,6.6412,45.38,0
30994,1.7471,0.5103,1.0845,1.0534,14.1832,1.2214,45.33,0
31004,1.7490,0.5015,1.1021,0.2595,22.1069,-2.0305,45.38,0
31014,1.7407,0.4751,1.1235,-0.6870,22.4733,-2.7176,45.38,0
31024,1.7568,0.4785,1.1226,-1.1450,24.7023,-2.5649,45.38,0
31034,1.7778,0.4736,1.1450,-4.1985,30.6718,-0.4733,45.52,0
31044,1.7578,0.4971,1.1626,-8.3053,37.3893,1.9542,45.52,0
31054,1.7280,0.4971,1.1758,-14.0763,42.8702,4.0000,45.33,0
31064,1.7158,0.5215,1.1807,-19.2519,44.8702,5.0076,45.42,0
31074,1.6646,0.5728,1.1709,-21.9237,45.8473,6.0916,45.19,0
31084,1.7056,0.5454,1.1836,-25.3130,41.7863,6.1832,45.42,0
31094,1.7891,0.5474,1.2183,-26.9466,47.4198,4.1832,45.61,0
31104,1.8657,0.5127,1.2402,-29.2672,60.2290,1.2214,45.24,0
31114,1.9072,0.4497,1.2495,-33.6947,72.0458,-2.1221,45.33,0
31124,1.9307,0.4580,1.2241,-32.0458,82.8550,-2.5954,45.38,0
31134,1.9468,0.4639,1.1929,-27.1756,91.4809,2.6718,45.33,0
31144,1.9258,0.4844,1.2104,-23.7557,101.8779,10.3511,45.52,0
31154,1.8540,0.5020,1.2559,-24.8397,111.1298,14.2595,45.42,0
31164,1.7690,0.5171,1.2695,-32.8244,116.2290,15.4809,45.24,0
31174,1.7100,0.5332,1.2720,-42.5802,112.6107,16.4275,45.38,0
31184,1.6680,0.5259,1.2593,-48.9466,100.6107,19.8015,45.38,0
31194,1.7144,0.5063,1.2510,-46.8550,97.4809,24.9771,45.38,0
31204,1.7324,0.4814,1.2837,-39.4198,104.3359,23.1756,45.38,0
31214,1.7627,0.4741,1.3486,-30.5038,113.9695,14.8397,45.38,0
31224,1.8022,0.4604,1.3789,-24.7176,125.7863,8.2595,45.42,0
31234,1.8228,0.4473,1.4419,-21.8931,137.3435,4.4733,45.38,0
31244,1.8438,0.4116,1.4692,-21.8473,143.5573,4.3359,45.24,0
31254,1.8315,0.3979,1.5010,-25.5420,147.2214,13.1298,45.42,0
31264,1.8120,0.4297,1.5503,-31.5114,147.5878,26.5802,45.38,0
31274,1.7915,0.4497,1.6064,-42.5191,146.0153,44.3511,45.38,0
31284,1.7559,0.4595,1.6226,-57.1603,147.0534,55.0992,45.38,0
31294,1.7007,0.4707,1.6294,-68.3511,150.7481,56.0458,45.24,0
31304,1.5884,0.4185,1.6177,-71.5573,154.6870,54.8397,45.42,0
31314,1.5620,0.3989,1.5796,-68.3969,159.9542,51.4962,45.57,0
31324,1.5029,0.4014,1.5630,-63.0992,168.1832,46.3969,45.38,0
31334,1.4409,0.4111,1.5962,-57.7252,170.3969,41.2977,45.42,0
31344,1.4331,0.4033,1.6343,-55.8168,165.5878,37.9389,45.19,0
31354,1.4507,0.3887,1.6582,-57.4962,166.1374,34.5038,45.42,0
31364,1.4517,0.3691,1.6714,-63.4198,170.7786,31.7405,45.09,0
31374,1.4858,0.3149,1.6997,-68.2901,178.0305,28.2137,45.38,0
31384,1.4976,0.3296,1.7144,-71.6947,185.7863,24.2137,45.42,0
31394,1.5215,0.3032,1.7549,-73.2519,187.9389,24.8397,45.42,0
31404,1.4805,0.3066,1.7437,-75.7252,192.0916,33.3130,45.33,0
31414,1.3755,0.2603,1.7607,-82.4733,190.1832,45.2977,45.33,0
31424,1.2861,0.2202,1.7549,-90.5038,185.4962,52.6718,45.52,0
31434,1.2520,0.1919,1.7485,-96.7481,183.6031,52.6260,45.24,0
31444,1.2588,0.1846,1.7441,-97.1298,187.4046,47.8321,45.38,0
31454,1.3145,0.1777,1.7822,-91.1450,194.9466,38.7328,45.24,0
31464,1.3203,0.2178,1.8193,-83.7710,209.6947,31.4351,45.33,0
31474,1.2612,0.2744,1.8667,-82.4733,219.1603,31.3588,45.24,0
31484,1.1997,0.2612,1.8550,-91.3740,219.6947,38.8244,45.38,0
31494,1.1440,0.2305,1.8760,-106.2137,214.4122,49.9542,45.38,0
31504,1.0869,0.1821,1.8672,-122.2595,212.3512,58.3053,45.38,0
31514,1.0400,0.1392,1.8594,-135.5420,206.8244,59.5573,45.24,0
31524,1.0815,0.1050,1.8413,-144.7786,201.3282,67.3130,45.05,0
31534,1.0723,0.0562,1.8140,-148.3512,203.1298,76.2748,45.09,0
31544,0.9917,0.0112,1.7925,-146.3206,209.5114,77.2366,45.38,0
31554,0.9717,-0.1011,1.7383,-139.4504,215.7252,70.6718,45.42,0
31564,0.9272,-0.1357,1.7319,-127.0076,227.1756,63.1298,45.42,0
31574,0.9390,-0.1445,1.7520,-112.7786,230.9008,56.6260,45.33,0
31584,0.9331,-0.1025,1.7969,-103.3435,238.9008,62.5344,45.19,0
31594,0.8130,-0.0552,1.8252,-105.9847,247.6947,71.9084,45.38,0
31604,0.6313,-0.0381,1.8066,-120.7939,245.1603,81.9542,45.33,0
31614,0.5151,-0.1221,1.8057,-133.4962,228.8702,85.0229,45.24,0
31624,0.5596,-0.0811,1.6519,-140.6870,221.9237,83.4657,45.52,0
31634,0.5264,-0.1685,1.7070,-145.3740,223.9847,79.4504,45.19,0
31644,0.5171,-0.2358,1.6587,-141.9237,237.9542,73.4809,45.19,0
31654,0.4307,-0.2715,1.6528,-137.6947,243.4504,68.0000,45.42,0
31664,0.3911,-0.2876,1.6094,-131.6947,237.1756,69.7710,45.33,0
31674,0.3115,-0.2163,1.5674,-130.4122,232.5954,82.5802,45.33,0
31684,0.1924,-0.2310,1.5542,-132.9466,215.2214,96.6107,45.42,0
31694,0.1719,-0.2266,1.5552,-138.0000,199.4198,111.1298,45.52,0
31704,0.1958,-0.2915,1.5820,-138.1527,184.9313,117.8473,45.38,0
31714,0.1450,-0.2651,1.6035,-140.3206,187.9389,114.9771,45.33,0
31724,0.1748,-0.3228,1.5615,-148.0916,206.9924,108.2290,45.38,0
31734,0.0391,-0.3594,1.5503,-152.1832,218.2595,90.7176,45.24,0
31744,0.0117,-0.4219,1.4863,-148.3359,219.3130,76.4885,45.42,0
31754,0.0054,-0.4517,1.4268,-135.5267,214.9618,74.3664,45.24,0
31764,-0.0347,-0.4243,1.3994,-120.8244,212.4580,81.0382,45.38,0
31774,-0.1636,-0.4604,1.3984,-114.2595,202.9771,88.9466,45.19,0
31784,-0.2437,-0.4995,1.4380,-112.7939,188.6870,94.2748,45.24,0
31794,-0.2036,-0.4995,1.4365,-117.0076,175.8321,98.0153,45.24,0
31804,-0.1738,-0.5474,1.4409,-124.2137,171.4962,96.8244,45.38,0
31814,-0.1836,-0.6235,1.4463,-126.1832,185.4962,88.7634,45.38,0
31824,-0.2344,-0.6772,1.3853,-117.9084,193.6336,74.3511,45.24,0
31834,-0.2979,-0.6914,1.3687,-106.6718,200.8855,66.8397,45.09,0
31844,-0.4346,-0.6753,1.3110,-100.0458,199.6031,69.5878,45.38,0
31854,-0.4878,-0.7305,1.2837,-105.4504,195.2519,77.1603,45.38,0
31864,-0.5811,-0.7773,1.2388,-115.0687,178.2901,86.7176,45.24,0
31874,-0.6812,-0.8252,1.1553,-119.3893,154.1069,100.1679,45.52,0
31884,-0.7148,-0.8301,1.1191,-121.1298,130.6260,116.6718,45.38,0
31894,-0.7554,-0.8530,1.1006,-120.1527,113.9084,122.1527,45.00,0
31904,-0.8032,-0.8970,1.0576,-117.5267,109.6031,116.2443,45.24,0
31914,-0.7510,-0.9644,0.9761,-112.3053,131.8168,108.9771,45.09,0
31924,-0.8691,-0.9805,0.9541,-96.6565,153.7252,98.5496,45.42,0
31934,-1.0210,-0.9570,0.9072,-81.3435,161.8473,87.4351,45.42,0
31944,-1.1792,-0.9561,0.8691,-69.6183,154.4580,80.4885,45.24,0
31954,-1.2876,-0.9160,0.8462,-60.4885,135.9695,73.6031,45.24,0
31964,-1.3145,-0.9258,0.8291,-52.2901,112.8855,65.0382,45.24,0
31974,-1.3462,-0.9009,0.7812,-41.2519,93.9084,57.5878,45.38,0
31985,-1.3530,-0.9048,0.8237,-31.4351,75.5267,48.4733,45.52,0
31994,-1.2671,-0.9131,0.7969,-21.6183,63.4351,43.6183,45.05,0
32004,-1.2651,-0.8945,0.8320,-12.7023,67.8321,31.2519,45.52,0
32014,-1.2583,-0.8638,0.9282,-4.8397,71.0229,17.7710,45.38,0
32024,-1.2559,-0.8350,0.9785,-7.6489,77.9847,5.5267,45.42,0
32034,-1.2852,-0.8975,1.0220,-18.2748,66.2290,1.3588,45.24,0
32044,-1.2407,-0.9487,1.0127,-28.9313,46.7328,8.0763,45.38,0
32054,-1.2202,-0.9775,1.0000,-34.5496,17.8779,24.2443,45.09,0
32064,-1.1479,-0.9971,1.0103,-37.3282,-3.5725,44.5496,45.38,0
32074,-1.1104,-0.9961,1.0654,-39.5420,-14.9160,59.3282,45.24,0
32084,-1.0796,-1.0454,1.1138,-39.3130,-21.0382,62.2137,45.19,0
32094,-1.0645,-1.0991,1.1455,-35.6489,-18.7786,52.1985,45.42,0
32104,-1.0474,-1.0962,1.1582,-26.3969,-7.6947,34.9313,45.24,0
32114,-1.0342,-1.0986,1.1904,-13.3893,3.6336,16.6565,45.24,0
32124,-1.0059,-1.1133,1.1997,-2.0611,7.4809,1.6641,45.24,0
32134,-0.9849,-1.0825,1.2061,9.1908,11.4962,-5.4351,45.38,0
32144,-0.9780,-1.0361,1.2324,20.0763,8.7481,-5.9389,45.24,0
32154,-0.9531,-0.9888,1.2803,22.0763,1.7405,3.0229,45.24,0
32164,-0.9756,-0.9316,1.3237,12.8397,-9.2214,15.0687,45.33,0
32174,-0.9360,-0.9517,1.3384,-0.6107,-22.7786,26.1679,45.42,0
32184,-0.8975,-0.9590,1.3501,-12.1374,-26.5496,32.1985,45.38,0
32194,-0.8730,-0.9980,1.3506,-16.6260,-24.5038,33.2061,45.24,0
32204,-0.8730,-1.0190,1.3223,-14.2290,-15.2214,26.7786,45.42,0
32214,-0.9023,-1.0200,1.3003,-4.7023,-6.6718,17.6947,45.00,0
32224,-0.9429,-0.9956,1.3096,7.3740,-1.5725,7.6183,45.38,0
32234,-0.9312,-0.9858,1.2905,16.6412,2.5344,0.4122,45.24,0
32244,-0.9556,-0.9014,1.3032,22.5344,7.0534,-1.1603,45.24,0
32254,-1.0044,-0.8530,1.3315,21.4656,3.9237,1.5573,45.19,0
32264,-1.0020,-0.8169,1.3369,12.8702,-2.3817,5.3130,45.33,0
32274,-1.0137,-0.8101,1.3379,3.1603,-13.5878,9.9542,45.33,0
32284,-1.0024,-0.8213,1.3154,-4.1221,-22.8702,13.3435,45.33,0
32294,-0.9648,-0.8486,1.3037,-7.6489,-26.6565,16.1221,45.33,0
32304,-0.9170,-0.9189,1.2690,-8.0000,-22.2901,14.4275,45.24,0
32314,-0.8965,-1.0083,1.2837,-3.3893,-12.9160,5.9237,45.33,0
32324,-0.9087,-1.0605,1.2944,7.4962,-2.2748,-6.8855,45.33,0
32334,-0.9316,-1.0679,1.2876,19.6183,3.5573,-15.9389,45.42,0
32344,-0.9590,-1.0293,1.2949,29.5725,2.0763,-19.4198,45.19,0
32354,-0.9868,-0.9536,1.2876,35.1756,-1.7557,-16.0916,45.33,0
32364,-0.9980,-0.8672,1.3091,31.3893,-9.5878,-9.2672,45.42,0
32374,-1.0308,-0.8198,1.3154,20.1985,-21.8931,0.8244,45.38,0
32384,-1.0581,-0.7930,1.3164,4.6718,-38.6260,13.9695,45.24,0
32394,-1.0220,-0.8164,1.3013,-11.0687,-50.1374,21.8015,45.38,0
32404,-0.9863,-0.8804,1.2769,-20.0000,-50.2290,23.1298,45.38,0
32414,-0.9375,-0.9463,1.2710,-20.3664,-42.3511,15.2061,45.52,0
32424,-0.9370,-1.0347,1.2866,-11.0076,-33.6031,0.8397,45.24,0
32434,-0.9180,-1.0630,1.2856,3.9084,-23.4046,-15.1756,45.24,0
32444,-0.9121,-1.0444,1.2739,19.3282,-17.0534,-28.0611,45.38,0
32454,-0.9087,-1.0044,1.3003,31.9847,-14.2901,-33.3130,45.38,0
32464,-0.9365,-0.9067,1.3247,37.1756,-17.3282,-31.0840,45.42,0
32474,-0.9365,-0.8428,1.3462,31.5573,-24.6718,-20.1527,45.24,0
32484,-0.9375,-0.8784,1.3560,17.5573,-35.6336,-6.8855,45.24,0
32494,-0.9600,-0.8589,1.3545,2.5954,-47.6031,6.9160,45.19,0
32504,-0.9434,-0.9346,1.3159,-7.3435,-58.9771,16.3359,45.33,0
32514,-0.9282,-1.0078,1.2925,-10.0000,-65.7557,16.7786,45.24,0
32524,-0.8926,-1.0288,1.2817,-3.5115,-61.1603,10.0763,45.33,0
32534,-0.8799,-1.0054,1.2812,5.8473,-48.9924,1.1298,45.19,0
32544,-0.9170,-0.9932,1.2793,12.5802,-34.3359,-8.5344,45.24,0
32554,-0.9717,-0.9653,1.2715,15.5573,-33.4656,-16.9924,45.33,0
32564,-0.9917,-0.9321,1.2583,14.1374,-40.8397,-17.9695,45.38,0
32574,-0.9712,-0.9175,1.2437,11.4962,-51.9389,-11.9847,45.33,0
32584,-0.9497,-0.8774,1.2295,7.9847,-61.4046,-3.6031,45.38,0
32594,-0.9478,-0.8525,1.2231,4.8397,-67.5267,5.3282,45.75,0
32604,-0.9712,-0.8564,1.2373,2.9618,-78.8397,12.9008,45.42,0
32614,-0.9429,-0.9185,1.2388,1.6336,-91.6641,9.7710,45.24,0
32624,-0.9263,-0.9551,1.2417,6.3359,-100.7328,3.6336,45.24,0
32634,-0.8662,-0.9390,1.2295,15.2672,-95.8015,-4.5344,45.38,0
32644,-0.8672,-0.9219,1.2612,23.2672,-90.6260,-12.2748,45.38,0
32654,-0.8530,-0.9062,1.2773,29.8321,-85.9084,-19.5573,45.38,0
32665,-0.8579,-0.8438,1.2554,34.8550,-80.9466,-24.0305,45.38,0
32674,-0.8931,-0.7876,1.2817,34.6260,-85.2672,-27.5420,45.38,0
32684,-0.8594,-0.8770,1.2725,32.6870,-93.3282,-33.9237,45.38,0
32694,-0.8511,-0.9028,1.2734,33.2672,-97.2519,-43.5267,45.38,0
32704,-0.7944,-0.9883,1.2900,40.0458,-108.2137,-56.6260,45.33,0
32714,-0.6899,-1.0415,1.2686,50.5649,-115.5267,-67.1145,45.38,0
32724,-0.6147,-1.0171,1.3735,65.4351,-115.2824,-68.9160,45.42,0
32734,-0.4873,-0.9346,1.4229,73.3588,-105.8321,-66.4580,45.05,0
32744,-0.4458,-0.8853,1.5034,67.4657,-98.6260,-54.6870,45.42,0
32754,-0.5200,-0.8164,1.5381,52.4580,-98.6107,-37.7863,45.33,0
32764,-0.6006,-0.7622,1.5322,29.7252,-112.2443,-16.4580,45.24,0
32774,-0.6699,-0.7461,1.4937,7.0534,-136.6107,4.2748,45.33,0
32784,-0.6455,-0.8657,1.4443,-7.7557,-162.1679,13.5573,45.38,0
32794,-0.6006,-0.9575,1.3828,-4.6870,-178.4733,5.8931,45.19,0
32804,-0.4917,-1.0078,1.3696,11.1450,-178.8397,-8.5954,45.33,0
32814,-0.3672,-1.1118,1.3999,36.9771,-172.1374,-30.9924,45.38,0
32824,-0.2197,-1.0884,1.4497,63.3130,-148.7786,-54.9618,45.24,0
32834,-0.1597,-1.0029,1.5508,82.1985,-118.6870,-71.5725,45.33,0
32844,-0.2144,-0.8989,1.5903,90.2137,-100.7328,-78.3969,45.24,0
32854,-0.2720,-0.8052,1.6035,84.0458,-103.9542,-70.1832,45.05,0
32864,-0.3159,-0.7007,1.5840,69.6031,-121.5115,-44.1679,45.24,0
32874,-0.3770,-0.5786,1.5537,47.7405,-150.0000,-5.6183,45.19,0
32884,-0.3809,-0.6123,1.5576,17.1756,-184.4122,31.2824,45.24,0
32894,-0.3340,-0.7617,1.5039,-6.0763,-212.1069,41.0076,45.24,0
32904,-0.1528,-1.0073,1.4834,-4.2290,-217.6031,13.3893,45.42,0
32914,0.0229,-1.1494,1.4404,25.1450,-194.7481,-33.4198,45.24,0
32924,0.1426,-1.1528,1.4653,70.2595,-154.9924,-75.2214,45.33,0
32934,0.1807,-1.0532,1.5586,111.8321,-119.9389,-100.3206,45.38,0
32944,0.1284,-0.9531,1.6787,134.4427,-107.1756,-105.1908,45.38,0
32954,0.0913,-0.8232,1.7222,137.7405,-108.8397,-91.7099,45.33,0
32964,0.0601,-0.6763,1.7349,123.3893,-114.5038,-64.6565,45.24,0
32974,-0.0435,-0.5947,1.7539,93.4046,-128.6412,-26.7939,45.42,0
32984,-0.1318,-0.5054,1.6396,51.2214,-152.4427,11.2519,45.38,0
32994,-0.1348,-0.6978,1.5522,16.7023,-195.1298,39.0382,45.09,0
33004,0.0059,-0.8843,1.4766,10.8702,-224.7634,35.0382,45.42,0
33014,0.1953,-0.9780,1.4429,32.1221,-221.4657,7.4809,45.24,0
33024,0.3516,-0.9814,1.4614,66.6260,-188.5496,-26.5496,45.38,0
33034,0.3643,-0.8970,1.5732,98.0153,-153.1298,-57.0992,45.38,0
33044,0.3223,-0.8052,1.6772,114.0458,-136.1069,-74.3969,45.38,0
33054,0.3467,-0.6865,1.7075,114.9313,-137.6947,-71.8168,45.52,0
33064,0.3882,-0.5806,1.7070,109.3435,-149.0229,-44.1527,45.38,0
33074,0.3716,-0.5088,1.7139,95.0534,-170.5802,-0.6412,45.38,0
33084,0.3931,-0.4727,1.6372,71.5420,-195.6794,45.9237,45.38,0
33094,0.3555,-0.5220,1.6743,49.8168,-223.1603,76.2748,45.42,0
33104,0.5054,-0.6621,1.6284,37.8168,-243.3588,69.1756,45.52,0
33114,0.5957,-0.7827,1.6377,45.0076,-225.6641,32.8550,45.19,0
33124,0.7173,-0.8330,1.6704,67.1145,-192.5802,-22.5649,45.38,0
33134,0.8643,-0.8330,1.7026,99.7405,-160.2443,-74.6412,45.33,0
33144,0.9624,-0.7383,1.7666,133.9542,-122.1985,-101.3893,45.38,0
33154,0.9248,-0.6045,1.8828,154.4427,-104.7939,-103.2061,45.38,0
33164,0.8779,-0.4741,1.9424,154.5954,-101.8626,-83.3282,45.38,0
33174,0.7974,-0.3574,1.9463,137.8015,-112.4275,-52.1985,45.42,0
33184,0.6611,-0.3042,1.9521,106.2901,-129.3588,-14.8397,45.38,0
33194,0.6724,-0.2817,1.8037,71.0076,-160.5496,27.3282,45.52,0
33204,0.6772,-0.3228,1.7061,44.8702,-184.5191,73.7863,45.38,0
33214,0.6582,-0.3799,1.6411,28.6870,-198.8244,104.4885,45.38,0
33224,0.6479,-0.4697,1.6260,23.5878,-205.6488,104.8550,45.52,0
33234,0.6880,-0.5220,1.5923,28.5954,-205.7099,84.4427,45.24,0
33244,0.7534,-0.5112,1.5835,44.0153,-197.3740,60.6870,45.38,0
33254,0.8188,-0.4873,1.5913,63.7252,-186.3817,40.4122,45.19,0
33264,0.8516,-0.4253,1.6113,76.9771,-166.3664,26.2137,45.38,0
33274,0.8516,-0.3965,1.6582,81.3588,-162.3359,17.8626,45.24,0
33284,0.9028,-0.3579,1.6489,82.9618,-170.6260,23.1756,45.38,0
33294,0.9707,-0.3057,1.6606,76.3359,-180.5038,40.0916,45.42,0
33304,0.9976,-0.2988,1.6426,65.1603,-190.0611,58.7786,45.24,0
33314,1.0239,-0.3032,1.6167,54.6107,-196.0763,67.6031,45.33,0
33324,1.0508,-0.3647,1.6064,52.0611,-204.7481,61.0992,45.38,0
33334,1.1079,-0.3999,1.6113,44.5038,-200.4733,39.6183,45.38,0
33344,1.1777,-0.3774,1.6016,49.5725,-183.7710,5.4656,45.33,0
33354,1.2578,-0.3643,1.6094,59.2061,-164.5038,-23.1908,45.38,0
33364,1.2983,-0.3159,1.6353,69.8931,-142.6412,-37.9237,45.33,0
33374,1.2915,-0.3306,1.6489,72.6870,-136.6718,-41.4046,45.42,0
33384,1.3042,-0.2944,1.6382,71.7099,-133.7710,-32.5038,45.38,0
33394,1.3105,-0.2876,1.6348,67.0992,-138.4122,-17.4962,45.19,0
33404,1.3071,-0.2808,1.6211,58.4122,-144.7328,1.4962,45.52,0
33414,1.3262,-0.2861,1.6113,48.3206,-154.0000,21.0687,45.33,0
33424,1.3662,-0.2959,1.6104,36.4580,-150.8092,33.7405,45.38,0
33434,1.3545,-0.3120,1.6333,24.5954,-148.5802,34.3664,45.52,0
33444,1.3994,-0.3477,1.5928,14.7481,-144.2901,26.0611,45.09,0
33454,1.4199,-0.3379,1.5771,12.7328,-131.1298,13.0229,45.24,0
33464,1.4111,-0.3228,1.5327,14.0458,-116.9160,-2.5954,45.42,0
33474,1.3906,-0.3198,1.5054,17.1298,-105.4198,-14.5802,45.42,0
33484,1.3545,-0.3018,1.4902,20.9466,-101.4504,-19.9084,45.38,0
33494,1.3306,-0.2939,1.4805,22.5649,-102.4733,-20.7481,45.33,0
33504,1.3545,-0.2695,1.4297,22.6107,-105.1756,-19.7405,45.38,0
33514,1.3882,-0.2402,1.4297,20.8855,-108.7176,-14.9924,45.33,0
33524,1.4233,-0.2104,1.3999,16.5038,-112.7939,-6.4733,45.24,0
33534,1.4463,-0.2173,1.3911,9.5267,-115.2366,-1.3893,45.42,0
33544,1.4678,-0.2007,1.4033,2.7328,-110.7481,-1.6336,45.38,0
33554,1.4414,-0.1948,1.3877,-4.9924,-103.6489,-8.3817,45.38,0
33564,1.4546,-0.2056,1.3521,-12.3817,-103.7252,-16.2595,45.38,0
33574,1.5454,-0.2666,1.2871,-11.7710,-112.3817,-16.6412,45.52,0
33584,1.6489,-0.2764,1.2437,-2.5802,-117.3740,-7.0534,45.24,0
33594,1.6763,-0.2974,1.2524,30.6107,-118.8397,3.2366,45.33,0
33604,1.6890,-0.3101,1.3110,11.4351,-108.1985,6.6107,45.38,0
33614,1.6743,-0.2754,1.3755,7.9542,-101.3740,5.1756,45.38,0
33624,1.6470,-0.2578,1.3950,-0.3969,-90.8702,-1.5267,45.24,0
33634,1.5781,-0.2378,1.3911,-11.8626,-79.0687,-13.2366,45.52,0
33644,1.5474,-0.2607,1.3315,-22.3053,-80.1679,-22.4733,45.38,0
33654,1.5747,-0.2700,1.2524,-25.2977,-84.7023,-19.6794,45.24,0
33664,1.5654,-0.2861,1.2124,-21.8168,-85.1145,-13.6794,45.52,0
33674,1.5664,-0.3335,1.1895,-19.6031,-95.2824,-9.1908,45.33,0
33684,1.6118,-0.3750,1.1855,-13.4504,-101.3893,-7.7252,45.42,0
33694,1.6592,-0.3994,1.1641,-7.5115,-98.6565,-12.6412,45.38,0
33704,1.6987,-0.4268,1.1851,1.8321,-96.2137,-21.7405,45.38,0
33714,1.7271,-0.4443,1.1401,26.3817,-97.7863,-30.9924,45.52,0
33724,1.7051,-0.4355,1.1172,-2.0000,-69.0229,-41.8321,45.61,0
33744,1.7295,-0.3945,1.1650,0.0000,0.0000,0.0000,45.38,0
33754,1.7505,-0.3613,1.1357,20.9618,-67.5573,-53.3130,45.42,0
33764,1.7212,-0.3438,1.1123,25.0534,-67.5267,-45.3435,45.33,0
33775,1.7139,-0.3521,1.0767,18.0458,-72.4580,-37.2519,45.71,0
33784,1.6753,-0.3423,1.0249,18.8244,-80.0153,-30.8397,45.61,0
33804,1.6987,-0.2920,1.0684,0.0000,0.0000,0.0000,45.71,0
33815,1.7383,-0.3086,0.9922,-0.1069,-73.2061,-20.5344,45.05,0
33824,1.7583,-0.3462,0.9946,8.0763,-71.2977,-20.1679,45.05,0
33834,1.7778,-0.3516,0.9697,17.4046,-65.5420,-26.0153,45.33,0
33844,1.7920,-0.3511,0.9814,27.1908,-61.3130,-31.6947,45.42,0
33854,1.8052,-0.3008,1.0088,29.8626,-64.9160,-35.3893,45.52,0
33864,1.7983,-0.2827,1.0093,32.6718,-63.7710,-34.8550,45.33,0
33874,1.7793,-0.2524,0.9985,31.3588,-59.9695,-34.4733,45.38,0
33884,1.7207,-0.2554,1.0259,27.5420,-55.4656,-37.8015,45.05,0
33894,1.6934,-0.2598,1.0127,22.0763,-54.0000,-46.6260,45.24,0
33904,1.7192,-0.2432,0.9946,20.3206,-49.5878,-54.1679,45.33,0
33914,1.7905,-0.2515,0.8984,20.0916,-56.8092,-56.6565,45.24,0
33924,1.8633,-0.2515,0.8999,29.7252,-61.4351,-48.1221,45.38,0
33934,1.8965,-0.2168,0.9189,35.5725,-64.1069,-38.1069,45.52,0
33944,1.8784,-0.2051,0.9629,35.3893,-61.2061,-35.2672,45.24,0
33954,1.8618,-0.1694,1.0039,30.7786,-52.9160,-36.5038,45.24,0
33964,1.8135,-0.1426,1.0078,22.1679,-48.3664,-38.0916,45.24,0
33974,1.7798,-0.1201,0.9980,12.5802,-50.0611,-37.5725,45.00,0
33984,1.7983,-0.1357,0.9419,6.6412,-60.3664,-30.9008,45.38,0
33994,1.8335,-0.1436,0.8867,8.5191,-69.4046,-20.2901,45.52,0
34004,1.8374,-0.1372,0.8672,13.1450,-74.5343,-13.0076,45.24,0
34014,1.8584,-0.1479,0.8696,16.1221,-79.4351,-11.0840,45.33,0
34024,1.8721,-0.1562,0.8613,19.1603,-81.0840,-10.0458,45.38,0
34035,1.8730,-0.1719,0.8413,23.1908,-78.9924,-13.2824,45.38,0
34044,1.8394,-0.1724,0.8281,28.8244,-73.6183,-19.8473,45.24,0
34054,1.8022,-0.1714,0.8066,34.1221,-73.5725,-29.5114,45.33,0
34064,1.8110,-0.1445,0.7910,39.1145,-79.1756,-38.2901,45.24,0
34074,1.8940,-0.1260,0.7798,40.7328,-84.2137,-38.1221,45.38,0
34084,1.9189,-0.1128,0.7700,43.9237,-81.8168,-32.5191,45.33,0
34094,1.9028,-0.0728,0.7734,44.5954,-81.7863,-25.3893,45.33,0
34104,1.8931,-0.0679,0.8096,40.8702,-87.5878,-19.9084,45.33,0
34114,1.8999,-0.0923,0.7886,37.8931,-91.4351,-22.8702,45.42,0
34124,1.9473,-0.1104,0.7388,40.0153,-91.8321,-32.5802,45.24,0
34134,1.9819,-0.1050,0.6914,49.7099,-83.5115,-43.0840,45.24,0
34144,2.0059,-0.0952,0.6562,63.4504,-76.5191,-53.5267,45.19,0
34155,2.0635,-0.0796,0.6533,74.7481,-69.2977,-55.6641,45.38,0
34164,2.0503,-0.0303,0.7197,79.5267,-64.5038,-53.6489,45.38,0
34174,2.0415,0.0010,0.7563,72.2443,-63.3282,-48.5954,45.33,0
34184,2.0376,0.0376,0.7754,59.4962,-63.3893,-35.7863,45.24,0
34194,2.0557,0.0537,0.7622,45.7557,-67.7252,-20.7786,45.05,0
34204,2.0742,0.0444,0.7441,36.4275,-67.3740,-9.5420,45.33,0
34214,2.0879,0.0400,0.7144,31.9237,-59.2672,-4.3817,45.19,0
34224,2.0918,0.0479,0.6953,29.5114,-52.8855,-4.5191,45.24,0
34234,2.0957,0.0645,0.6729,27.5878,-52.1679,-1.4809,45.09,0
34244,2.1069,0.0894,0.6431,26.5496,-49.8931,7.1603,45.19,0
34254,2.0894,0.0967,0.6538,23.7863,-43.1450,14.2290,45.19,0
34264,2.0483,0.0845,0.6353,22.7481,-35.5573,17.0534,45.42,0
34274,1.9980,0.0791,0.6206,22.1527,-27.5573,13.3130,45.24,0
34284,1.9751,0.0874,0.6431,18.1679,-21.8626,4.7939,45.42,0
34294,1.9492,0.0850,0.6533,14.6412,-20.3817,-3.2366,45.42,0
34304,1.9766,0.0654,0.6094,8.0458,-21.0840,-7.5573,45.24,0
34314,1.9824,0.0405,0.5879,5.3130,-28.0305,-2.4580,45.24,0
34324,2.0610,0.0083,0.5249,5.4504,-28.6107,4.5038,45.33,0
34334,2.0479,0.0078,0.4937,11.0992,-24.2290,11.1908,45.38,0
34344,2.0308,-0.0020,0.5435,15.7405,-20.9466,15.1603,45.24,0
34354,1.9766,-0.0039,0.5640,12.8702,-22.3664,13.5115,45.38,0
34364,1.9771,0.0049,0.5908,7.3740,-22.6565,9.2061,45.52,0
34374,1.9922,0.0020,0.5654,5.0840,-18.7939,6.3664,45.19,0
34384,1.9697,0.0010,0.5557,6.8397,-12.4733,3.4962,45.24,0
34394,1.9468,0.0010,0.5571,9.4351,-13.4656,0.2443,45.38,0
34404,1.9707,-0.0039,0.5493,11.7252,-19.0382,-2.5496,45.38,0
34414,1.9849,-0.0103,0.5591,14.4733,-21.9847,-4.6565,45.42,0
34424,2.0171,0.0020,0.5454,17.5878,-18.8092,-7.1603,45.38,0
34434,2.0093,0.0122,0.5503,20.2595,-13.1145,-9.6336,45.52,0
34444,2.0005,0.0122,0.5669,20.6260,-9.8931,-10.9313,45.38,0
34454,2.0073,0.0269,0.5425,18.9313,-12.4580,-10.2901,45.33,0
34464,2.0249,0.0220,0.5493,16.5191,-13.7710,-7.6947,45.24,0
34474,2.0332,0.0483,0.5337,13.7099,-11.2672,-5.4809,45.24,0
34484,2.0332,0.0562,0.5659,9.1298,-8.3511,-4.2595,45.38,0
34494,2.0439,0.0464,0.5527,4.8092,-3.2672,-4.8397,45.38,0
34504,2.0498,0.0571,0.5420,3.5115,1.1298,-3.4198,45.09,0
34514,2.0273,0.0498,0.5171,2.3053,-0.9466,0.1069,45.24,0
34524,2.0107,0.0469,0.5332,1.4351,-5.1603,5.1450,45.24,0
34534,2.0059,0.0386,0.5278,0.8702,-7.8015,7.8626,45.24,0
34544,2.0059,0.0264,0.5376,0.8092,-10.0000,7.3588,45.42,0
34554,2.0283,0.0073,0.5371,2.0305,-5.4809,5.3130,45.33,0
34564,2.0151,0.0122,0.5483,3.5725,5.0534,0.4427,45.24,0
34574,1.9937,0.0107,0.5498,2.5344,8.6107,-4.8550,45.38,0
34584,2.0117,0.0312,0.5508,1.1756,7.7863,-5.1450,45.19,0
34595,1.9863,0.0303,0.5361,-0.6565,6.5954,0.0458,45.05,0
34604,1.9849,0.0298,0.5322,-2.0305,4.6718,5.0840,45.38,0
34614,1.9712,0.0127,0.5439,-4.2443,8.5344,5.0992,45.38,0
34624,1.9517,0.0059,0.5220,-4.4580,9.2366,2.8092,45.33,0
34634,1.9517,0.0020,0.4976,-3.2061,6.3969,0.5038,45.24,0
34644,1.9453,-0.0088,0.4966,-0.9466,2.2290,2.5038,45.19,0
34654,1.9595,-0.0190,0.4941,1.3893,0.0305,3.8931,45.33,0
34664,1.9629,-0.0137,0.4966,4.4427,0.7023,2.4885,45.52,0
34674,1.9907,-0.0142,0.5024,7.5878,4.4733,-2.5649,45.38,0
34684,1.9961,-0.0034,0.5283,9.1450,7.6031,-9.3435,45.24,0
34694,2.0244,0.0190,0.5361,7.4046,13.8931,-13.2061,45.24,0
34704,1.9893,0.0215,0.5854,4.6565,16.6870,-13.0992,45.38,0
34714,2.0063,0.0156,0.5586,1.5115,14.7786,-9.7863,45.38,0
34724,1.9956,0.0356,0.5547,1.2977,9.9389,-3.2366,45.38,0
34734,1.9775,0.0239,0.5532,1.4351,6.5496,4.2290,45.19,0
34744,1.9575,0.0430,0.5366,0.7939,-0.1985,7.9389,45.24,0
34754,1.9409,0.0366,0.5410,-0.2595,-6.9008,10.1985,45.24,0
34764,2.0962,0.0557,0.2188,-2.3664,-3.9542,8.8092,45.38,1
34775,1.9463,0.0107,0.5430,0.5344,-2.7939,5.9084,45.24,1
34784,1.9155,0.0254,0.5596,1.2366,-0.7634,0.4275,45.52,1
34794,1.9702,-0.0063,0.4961,2.4275,-4.9771,-3.8931,45.24,1
34804,2.0063,-0.0210,0.5220,8.0763,-2.9924,-4.5954,45.24,1
34814,2.0190,-0.0244,0.5264,13.9237,-1.3740,-3.9084,45.33,1
34824,2.0044,-0.0132,0.5625,17.0382,-0.6718,-3.0229,45.52,1
34834,2.0132,0.0112,0.5781,14.5802,1.5267,-5.8015,45.38,1
34844,2.0127,0.0571,0.5898,11.7863,6.7481,-7.5115,45.24,1
34854,2.0122,0.0776,0.5928,7.3282,10.3206,-10.1985,45.38,1
34864,1.9883,0.1021,0.5732,1.3282,8.5496,-7.2366,45.33,1
34874,1.9790,0.1094,0.5654,-3.2061,2.4427,1.3740,45.33,1
34884,1.9805,0.0879,0.5444,-5.0840,-4.9008,11.5878,45.42,1
34894,1.9819,0.0649,0.5361,-4.9924,-9.1145,16.6718,45.33,1
34904,1.9863,0.0049,0.5137,-2.0153,-11.9389,16.1679,45.33,1
34914,1.9761,-0.0229,0.5132,2.9924,-11.3893,14.0458,45.38,1
34924,1.9624,-0.0396,0.4980,8.1832,-11.5573,10.0611,45.38,1
34934,1.9565,-0.0532,0.5215,11.8473,-13.7405,7.1298,45.19,1
34944,1.9502,-0.0337,0.5107,16.1221,-13.0382,3.4809,45.33,1
34954,1.9658,-0.0044,0.5381,17.5267,-10.5344,-1.4809,45.38,1
34964,1.9824,0.0103,0.5303,17.8168,-7.2519,-5.9847,45.24,0
34974,1.8691,0.0635,-0.0054,24.3053,8.5649,-8.4733,45.42,0
34984,2.0332,0.0518,0.4844,15.0382,-1.0534,-10.3206,45.42,0
34994,2.0225,0.0615,0.5352,12.4580,-4.9771,-7.9847,45.19,0
35004,2.0132,0.0469,0.5371,9.5420,-6.0611,-3.0076,45.33,0
35014,2.0439,0.0469,0.5088,7.5267,-4.7634,3.5267,45.24,0
35024,2.0220,0.0342,0.5288,4.5344,-0.4885,6.8244,45.09,0
35034,1.9771,0.0308,0.5371,1.6336,-1.0687,7.0992,45.24,0
35044,1.9717,0.0176,0.5244,-1.8473,-2.8397,5.4046,45.05,0
35054,1.9595,0.0117,0.4888,-0.9313,-2.8855,2.9008,45.24,0
35064,1.9604,0.0088,0.4678,1.5725,-4.1527,1.2672,45.24,0
35074,1.9932,-0.0029,0.4658,6.2290,-1.9542,3.7252,45.24,0
35084,2.0068,0.0015,0.4854,11.3588,2.9008,3.7252,45.19,0
35094,2.0020,0.0171,0.5312,12.0458,9.6183,-1.0534,45.33,0
35105,1.9878,0.0371,0.5571,8.8397,12.2443,-7.1908,45.33,0
35114,1.9824,0.0273,0.5454,4.6718,9.0687,-10.2748,45.24,0
35124,2.0078,0.0371,0.5278,1.6794,6.2595,-8.0153,45.09,0
35134,2.0190,0.0220,0.5166,2.5954,4.0763,-1.2519,45.57,0
35144,2.0298,0.0161,0.5161,3.6183,2.6565,4.6718,45.38,0
35154,2.0220,0.0103,0.5205,2.9771,3.0840,7.5878,45.19,0
35164,2.0044,0.0068,0.5293,1.7710,2.0458,9.6947,45.24,0
35174,1.9771,0.0112,0.5361,0.9771,0.7023,9.6947,45.38,0
35184,1.9683,-0.0020,0.5088,1.0840,1.2214,7.8779,45.24,0
35194,1.9707,0.0034,0.5215,3.0534,6.0305,4.2901,45.38,0
35204,1.9702,0.0103,0.5181,5.2061,10.4885,-0.5038,45.33,0
35214,1.9551,0.0303,0.5337,5.0382,14.4122,-4.4580,45.33,0
35224,1.9434,0.0415,0.5332,3.7099,13.1450,-6.0000,45.42,0
35234,1.9463,0.0254,0.5376,2.4733,4.8092,-3.8168,45.42,0
35244,1.9688,0.0093,0.4941,3.6031,-2.4122,-1.2061,45.24,0
35255,2.0078,0.0073,0.5142,7.6336,-2.7481,1.4351,45.33,0
35264,2.0146,0.0112,0.5288,11.8168,-0.8855,2.8702,45.38,0
35274,2.0127,0.0332,0.5576,10.7328,2.0458,2.1832,45.24,0
35284,2.0020,0.0610,0.5654,6.9466,5.9389,-0.5802,45.24,0
35294,2.0073,0.0801,0.5635,1.4046,7.0840,-3.8779,45.38,0
35304,1.9971,0.0801,0.5610,-3.6641,9.0687,-5.3282,45.19,0
35314,1.9966,0.0503,0.5244,-6.6260,9.8931,-4.6565,45.38,0
35324,2.0142,0.0239,0.5010,-4.6565,5.9084,-0.9008,45.24,0
35334,2.0244,0.0122,0.4922,-1.7405,4.2290,3.2061,45.33,0
35344,2.0171,-0.0122,0.5044,0.9313,2.0611,5.6489,45.24,0
35354,2.0112,-0.0122,0.5239,1.6336,-0.5802,9.0840,45.24,0
35364,2.0068,-0.0381,0.5181,3.0687,1.1908,11.7863,45.38,0
35374,1.9814,-0.0171,0.5332,4.4427,5.6336,10.6107,45.42,0
35384,1.9380,0.0005,0.5542,4.7786,7.4046,7.2519,45.42,0
35394,1.9194,0.0083,0.5605,2.7176,3.6947,3.6641,45.42,0
35404,1.9209,0.0239,0.5483,1.8321,2.8092,-0.7481,45.38,0
35414,1.9429,0.0239,0.5288,2.1832,5.0229,-4.1832,45.42,0
35424,1.9404,0.0308,0.5249,3.4504,7.4809,-7.2672,45.24,0
35434,1.9395,0.0034,0.5229,5.5573,1.6489,-8.1527,45.38,0
35444,1.9727,-0.0210,0.4980,7.5115,-1.9695,-2.1221,45.42,0
35454,1.9717,-0.0283,0.5044,10.7176,-3.8015,2.7328,45.38,0
35464,1.9688,-0.0371,0.5186,11.9847,-5.6489,4.4580,45.24,0
35475,1.9819,-0.0195,0.5254,13.5573,-5.1908,4.1221,45.38,0
35484,1.9849,0.0063,0.5396,15.1145,-1.6947,0.0305,45.24,0
35494,1.9795,0.0439,0.5664,14.3359,4.9160,-5.1450,45.33,0
35504,1.9702,0.0513,0.5713,12.6260,6.0458,-9.0382,45.38,0
35514,1.9731,0.0498,0.5474,10.8397,2.7634,-9.6336,45.24,0
35524,2.0010,0.0479,0.5312,11.1908,-0.1221,-7.3435,45.38,0
35535,2.0229,0.0327,0.5288,13.5420,0.7786,-5.4656,45.24,0
35544,2.0225,0.0386,0.5576,14.7786,2.6107,-3.6794,45.33,0
35554,2.0308,0.0498,0.5586,12.4580,1.5725,-2.3817,45.24,0
35564,2.0444,0.0801,0.5708,9.9542,4.2595,-1.8779,45.24,0
35574,2.0483,0.1045,0.5586,6.5191,7.3740,-3.2519,45.38,0
35584,2.0557,0.1025,0.5596,1.9084,9.2214,-4.5038,45.33,0
35594,2.0815,0.0898,0.5464,-1.2824,10.5344,-4.5496,45.38,0
35604,2.1123,0.0625,0.5479,-3.2824,8.0458,-3.9847,45.19,0
35614,2.1641,0.0132,0.5063,-2.2595,14.4733,-0.5038,45.38,0
35624,2.1704,-0.0039,0.5239,2.5649,23.8168,0.5954,45.52,0
35634,2.1592,0.0132,0.5679,5.0076,32.7176,0.6107,45.33,0
35644,2.1343,0.0371,0.5898,2.8244,37.4656,0.3511,45.19,0
35654,2.1177,0.0532,0.5933,-0.3511,41.5878,-1.7710,45.38,0
35664,2.0952,0.0605,0.6030,-5.0534,47.9695,-6.3359,45.38,0
35674,2.0942,0.0396,0.6074,-8.4275,53.8626,-10.4427,45.24,0
35684,2.0811,0.0244,0.5806,-9.1603,58.1069,-9.0534,45.38,0
35694,2.0190,0.0273,0.5654,-5.8779,63.1908,-4.8550,45.19,0
35704,1.9756,0.0591,0.6045,-3.4198,66.3053,-2.9466,45.19,0
35714,1.9111,0.0933,0.6465,-3.3740,64.9618,-0.0763,45.38,0
35724,1.8667,0.1016,0.6611,-7.1756,56.0763,2.8702,45.52,0
35734,1.8652,0.1055,0.6831,-11.3435,51.1908,3.0382,45.38,0
35744,1.8804,0.0381,0.6548,-12.6718,43.6183,3.3435,45.24,0
35754,1.9692,-0.0015,0.6504,-8.1985,42.4122,2.9924,45.24,0
35764,2.0386,0.0088,0.6929,-2.4427,53.2366,-2.5038,45.24,0
35774,2.1001,0.0171,0.7563,0.1832,66.7176,-13.1145,45.33,0
35784,2.1499,0.0449,0.8081,-1.7405,80.6107,-25.9847,45.24,0
35794,2.2344,0.1025,0.8281,-4.8244,97.3588,-38.8702,45.33,0
35804,2.2744,0.0742,0.8267,-6.2595,100.6260,-44.2137,45.42,0
35814,2.3223,0.0864,0.8345,-2.4733,103.7557,-35.8626,45.42,0
35824,2.3525,0.1123,0.8750,-1.2977,107.4657,-22.2901,45.24,0
35834,2.3477,0.1426,0.9380,-6.6565,115.2672,-6.5344,45.38,0
35844,2.3188,0.1636,0.9912,-18.9618,123.5420,3.2061,45.38,0
35854,2.3174,0.1914,0.9834,-34.3053,133.1603,5.7252,45.38,0
35864,2.3037,0.1709,0.9697,-43.4962,141.5114,3.3282,45.33,0
35874,2.3511,0.1406,0.9614,-47.3588,147.7405,-5.1908,45.38,0
35884,2.3638,0.0747,0.9482,-43.7252,155.5725,-15.7252,45.38,0
35894,2.3057,0.0068,0.9785,-35.6183,169.4809,-21.7405,45.33,0
35904,2.3091,0.0327,0.9448,-25.6031,182.9313,-17.2977,45.38,0
35914,2.1768,0.0171,1.0024,-17.4351,189.4962,-4.5038,45.33,0
35924,2.0737,0.0142,0.9644,-26.6412,194.9313,12.9008,45.38,0
35934,2.0332,0.0508,1.0757,-14.0916,179.3588,23.6489,45.33,0
35944,1.9834,0.0547,1.1060,-19.9847,183.0534,26.9313,45.24,0
35954,1.9023,0.0771,1.1206,-22.6412,186.2595,21.0229,45.38,0
35964,1.8882,0.1055,1.1416,-26.3969,189.3130,9.3893,45.42,0
35974,1.8823,0.1367,1.1743,-28.6260,196.5038,-2.9313,45.24,0
35984,1.8862,0.1660,1.1978,-30.9466,199.7405,-16.1221,45.24,0
35994,1.9370,0.1787,1.1665,-29.7863,201.5267,-22.5649,45.09,0
36004,1.9272,0.1680,1.2046,-23.8168,204.7481,-19.2214,45.38,0
36014,1.9424,0.1494,1.2266,-21.3282,208.5954,-8.9924,45.38,0
36024,1.9126,0.1201,1.2856,-24.4122,206.9924,4.4275,45.38,0
36034,1.8662,0.0757,1.3325,-33.6947,203.6947,20.7176,45.38,0
36044,1.7891,0.0884,1.3418,-44.1527,209.1450,27.6641,45.38,0
36054,1.7319,0.0757,1.3857,-55.2824,213.2061,29.0382,45.42,0
36064,1.6855,0.0708,1.3564,-65.1756,208.7939,22.3664,45.24,0
36074,1.6924,0.0234,1.3516,-69.3130,206.7481,15.7252,45.24,0
36084,1.7144,-0.0483,1.3354,-70.1985,206.1832,16.6870,45.38,0
36094,1.7026,-0.1294,1.3535,-68.0763,214.1832,22.9924,45.38,0
36104,1.6665,-0.1948,1.3564,-63.1603,224.7328,27.2672,45.24,0
36114,1.6436,-0.2051,1.3901,-57.0382,229.1145,27.7710,45.38,0
36124,1.6743,-0.2158,1.3931,-50.3053,224.5649,23.9542,45.33,0
36134,1.6909,-0.1880,1.3926,-40.0305,228.0000,23.3282,45.38,0
36144,1.6729,-0.1782,1.4434,-27.7099,244.7481,23.2824,45.33,0
36154,1.5981,-0.1382,1.4922,-19.2672,258.5344,14.2443,45.33,0
36164,1.4785,-0.0371,1.5405,-16.9924,271.9237,2.3969,45.42,0
36174,1.4194,0.0000,1.5757,-20.5802,270.5191,-6.5649,45.38,0
36184,1.3682,0.0039,1.5664,-27.2061,264.6107,-11.3435,45.09,0
36194,1.3311,-0.0093,1.5806,-31.2366,265.8779,-5.7557,45.19,0
36204,1.2803,-0.0332,1.5864,-37.8779,258.3969,4.3511,45.42,0
36214,1.2612,-0.1123,1.6011,-45.0076,259.0687,13.2977,45.38,0
36224,1.2285,-0.1543,1.5723,-50.3359,265.3741,11.3893,45.38,0
36234,1.1616,-0.1509,1.5527,-52.5191,271.9389,9.0229,45.33,0
36244,1.0889,-0.1372,1.5361,-53.2824,272.8702,13.7252,45.38,0
36254,0.9941,-0.1187,1.5254,-51.1908,271.9237,24.1679,45.33,0
36264,0.8970,-0.1396,1.5239,-47.7710,267.5420,32.6412,45.24,0
36274,0.8511,-0.1729,1.5269,-50.2901,262.5191,37.7557,45.19,0
36284,0.7832,-0.2310,1.5435,-54.8244,262.6412,39.7099,45.38,0
36294,0.7324,-0.2559,1.5156,-55.3282,255.1908,36.0611,45.42,0
36304,0.7837,-0.2451,1.4912,-53.2824,252.7939,34.1985,45.42,0
36314,0.7397,-0.2114,1.4438,-45.9084,259.1451,34.7634,45.24,0
36324,0.6489,-0.1587,1.4497,-35.7405,269.6183,35.7405,45.33,0
36334,0.5029,-0.1187,1.4736,-32.8397,268.7634,40.8397,45.38,0
36344,0.3926,-0.1133,1.5093,-39.2824,256.9618,51.3740,45.33,0
36354,0.3140,-0.1499,1.5156,-50.1679,235.5573,61.6336,45.38,0
36364,0.2715,-0.1670,1.5039,-60.3969,215.0382,64.4885,45.52,0
36374,0.2495,-0.1704,1.4688,-69.4657,200.8550,63.9847,45.38,0
36385,0.2783,-0.1890,1.4658,-73.5267,193.7099,61.5878,45.24,0
36394,0.3555,-0.2529,1.3867,-72.5802,208.8550,53.1298,45.33,0
36404,0.3379,-0.2881,1.4067,-56.1679,223.5725,37.5878,45.33,0
36414,0.2363,-0.2686,1.4087,-38.2901,237.5267,28.5191,45.42,0
36424,0.0825,-0.3018,1.4712,-27.7099,233.7099,30.8397,45.38,0
36434,-0.0430,-0.2773,1.4702,-26.7328,213.5725,38.5954,45.38,0
36444,-0.0542,-0.3110,1.4746,-31.0534,191.0687,50.4580,45.24,0
36454,-0.1045,-0.3613,1.4795,-34.7481,171.9389,55.6947,45.38,0
36464,-0.1089,-0.3545,1.4990,-36.2595,161.7252,56.5649,45.24,0
36474,-0.1851,-0.4253,1.5645,-36.5649,149.9237,53.0992,45.33,0
36484,-0.1743,-0.3745,1.5430,-40.9466,145.7557,44.9008,45.38,0
36494,-0.1455,-0.3813,1.5225,-41.0076,158.9771,46.9160,45.42,0
36504,-0.1328,-0.4614,1.4727,-33.5573,182.5191,49.5573,45.24,0
36514,-0.2773,-0.4985,1.4961,-20.6107,201.0229,53.6641,45.38,0
36524,-0.4272,-0.5000,1.4922,-16.4275,205.8015,65.5115,45.19,0
36534,-0.5713,-0.5098,1.5039,-25.0840,185.2061,78.6565,45.33,0
36544,-0.6670,-0.5269,1.4683,-28.9160,153.4657,89.0534,45.24,0
36554,-0.6401,-0.5396,1.4512,-21.7710,124.8550,101.1603,45.33,0
36564,-0.6606,-0.4976,1.4502,-12.8397,106.1527,108.0916,45.24,0
36574,-0.6548,-0.4775,1.4668,0.6260,107.8015,104.0763,45.52,0
36584,-0.7847,-0.4360,1.5293,16.3817,108.7481,85.4809,45.38,0
36594,-0.8242,-0.4263,1.5181,27.1908,112.9924,53.4351,45.38,0
36604,-0.8774,-0.3794,1.4312,9.1450,144.4427,25.6489,45.24,0
36614,-0.9248,-0.3018,1.5547,50.0000,127.4657,-1.2672,45.05,0
36624,-0.9751,-0.3271,1.5508,50.2290,124.4275,-25.9695,45.24,0
36634,-0.9976,-0.3047,1.5312,47.9847,114.5496,-43.6031,45.42,0
36645,-0.9282,-0.2998,1.4922,46.6565,104.0000,-53.7405,45.09,0
36654,-0.9268,-0.2905,1.5112,47.8473,95.0382,-58.7634,45.38,0
36664,-0.9302,-0.3110,1.5308,48.4122,86.6718,-59.1908,45.38,0
36674,-0.8530,-0.3330,1.5913,35.0992,74.1527,-54.0916,45.24,0
36684,-0.7915,-0.3755,1.6235,21.2977,71.2977,-45.7863,45.24,0
36694,-0.7944,-0.4033,1.6348,11.0382,71.6489,-41.4046,45.24,0
36704,-0.8267,-0.4312,1.5991,3.6336,67.7405,-37.6183,45.00,0
36714,-0.8809,-0.4302,1.5581,-0.9618,61.4504,-34.4580,45.38,0
36724,-0.8975,-0.4121,1.5454,-1.2061,48.8550,-28.6718,45.33,0
36734,-0.8623,-0.4248,1.5366,-2.2748,36.0611,-21.5573,45.38,0
36744,-0.8232,-0.4414,1.5679,-2.8702,27.5573,-18.0916,45.09,0
36754,-0.7446,-0.5347,1.5659,-4.2137,27.1908,-18.8855,45.24,0
36764,-0.7607,-0.6206,1.6045,1.5267,32.5649,-25.4198,45.38,0
36774,-0.7642,-0.6211,1.5679,8.7939,38.8092,-38.1985,45.24,0
36784,-0.7710,-0.5972,1.6025,18.6107,42.2443,-46.3053,45.38,0
36794,-0.7651,-0.5415,1.6255,25.6031,37.7099,-51.0076,45.19,0
36804,-0.7539,-0.4937,1.6777,25.3282,25.2214,-47.9695,45.24,0
36814,-0.7070,-0.4360,1.7026,20.8397,10.5344,-35.7405,45.33,0
36824,-0.6733,-0.4453,1.7275,10.7328,-3.6947,-23.6183,45.09,0
36834,-0.6182,-0.4658,1.7441,-0.2137,-10.3053,-13.7863,45.38,0
36844,-0.5845,-0.5342,1.7441,-10.6107,-10.1832,-6.7328,45.09,0
36854,-0.5552,-0.6167,1.7026,-14.2748,-7.3588,-6.2595,45.38,0
36864,-0.5688,-0.6353,1.6772,-6.6107,0.3206,-9.2214,45.38,0
36874,-0.5649,-0.6250,1.6528,8.0611,7.5725,-15.3435,45.42,0
36884,-0.5879,-0.5649,1.6914,20.6565,16.1679,-18.9008,45.33,0
36894,-0.6133,-0.4756,1.7163,26.3969,21.2214,-18.8855,45.24,0
36904,-0.6191,-0.4351,1.7607,22.4733,22.8550,-15.7863,45.38,0
36914,-0.6567,-0.4238,1.7607,10.7328,19.9389,-9.2824,45.24,0
36924,-0.6685,-0.3994,1.7471,-2.0153,10.4427,4.3206,45.24,0
36934,-0.6777,-0.4551,1.7349,-12.7481,-3.8473,17.2366,45.61,0
36944,-0.6582,-0.5083,1.7095,-18.0458,-12.0763,20.3664,45.38,0
36954,-0.6274,-0.5229,1.6890,-16.2290,-12.6260,17.8931,45.33,0
36964,-0.5713,-0.5474,1.6670,-11.4656,-9.8168,15.3893,45.38,0
36974,-0.6040,-0.5498,1.6680,-1.5115,-4.3664,10.9160,45.42,0
36984,-0.6064,-0.5254,1.6851,10.1985,-0.1069,5.2824,45.33,0
36994,-0.6182,-0.5107,1.6890,21.2366,0.8092,-1.4962,45.33,0
37004,-0.6567,-0.4731,1.7227,30.0611,5.6641,-12.0000,45.24,0
37014,-0.6602,-0.4243,1.7290,34.6107,8.0611,-19.9695,45.42,0
37024,-0.6768,-0.3823,1.7305,32.0611,5.5573,-23.2061,45.24,0
37034,-0.6777,-0.3530,1.7583,24.9008,0.0305,-19.6031,45.57,0
37044,-0.6440,-0.3452,1.7559,13.4046,-7.3740,-10.9160,45.38,0
37054,-0.6079,-0.3491,1.7510,3.6031,-15.3130,1.7252,45.33,0
37064,-0.5913,-0.3931,1.7427,-4.8397,-20.0611,12.0916,45.24,0
37074,-0.5781,-0.4355,1.7373,-9.1145,-20.2443,15.0382,45.38,0
37084,-0.5713,-0.4932,1.6992,-6.7786,-13.9695,10.4122,45.33,0
37094,-0.5923,-0.5430,1.6992,0.9160,-3.8626,1.4656,45.24,0
37104,-0.6377,-0.5220,1.6963,10.8397,2.0305,-7.8168,45.33,0
37114,-0.6533,-0.4751,1.6982,18.1221,4.1221,-12.2443,45.38,0
37124,-0.6787,-0.4136,1.7090,19.5267,0.4427,-9.1450,45.38,0
37134,-0.6816,-0.3667,1.7222,17.3130,-5.3435,-4.0611,45.33,0
37144,-0.6831,-0.3618,1.7310,8.7328,-8.8855,1.7710,45.38,0
37154,-0.7051,-0.4009,1.7280,-0.6870,-12.6718,2.9160,45.24,0
37164,-0.7070,-0.4648,1.7168,-10.6870,-16.3664,1.4504,45.24,0
37174,-0.6958,-0.5435,1.6772,-17.3130,-19.5420,-0.3206,45.24,0
37184,-0.6641,-0.5874,1.6270,-17.4046,-17.1298,0.1832,45.24,0
37194,-0.6699,-0.5972,1.6025,-9.5115,-9.3130,2.2290,45.05,0
37204,-0.6982,-0.6035,1.5957,-2.3664,-1.6794,4.9924,45.33,0
37214,-0.7593,-0.5649,1.6216,-0.1069,-6.1221,6.5191,45.24,0
37224,-0.7651,-0.5234,1.6118,1.3130,-14.6870,10.3969,45.33,0
37234,-0.7588,-0.5000,1.6191,0.8397,-25.0840,18.2443,45.24,0
37244,-0.7646,-0.4897,1.6191,-0.0153,-30.5954,23.5114,45.24,0
37254,-0.7949,-0.4707,1.6226,-1.3740,-34.4580,21.9389,45.42,0
37264,-0.8096,-0.4697,1.6230,-3.8626,-38.0763,12.3969,45.09,0
37274,-0.8145,-0.4751,1.6338,-4.4122,-41.3435,0.2443,45.42,0
37284,-0.7925,-0.5132,1.6113,-2.8855,-45.6183,-14.6870,45.24,0
37294,-0.7373,-0.4937,1.5894,2.1069,-41.0229,-28.3664,45.52,0
37304,-0.6802,-0.4473,1.5938,6.7328,-34.5191,-34.2443,45.42,0
37315,-0.6270,-0.4160,1.6465,7.6183,-36.2137,-28.2443,45.24,0
37324,-0.5723,-0.3496,1.6987,-0.0153,-43.7710,-8.9466,45.33,0
37334,-0.5801,-0.3306,1.6997,-13.8473,-57.5115,17.0534,45.42,0
37344,-0.6191,-0.3247,1.6938,-29.9237,-63.3893,40.0611,45.38,0
37354,-0.6846,-0.3169,1.6943,-43.3740,-68.1221,51.9542,45.52,0
37364,-0.7427,-0.3403,1.6870,-56.0611,-70.9008,52.3969,45.38,0
37374,-0.8013,-0.3262,1.6919,-65.2824,-68.9771,41.7252,45.24,0
37384,-0.8159,-0.3452,1.6997,-73.4504,-69.3435,19.9847,45.38,0
37394,-0.7310,-0.3975,1.7104,-79.8473,-73.6794,-10.6718,45.24,0
37404,-0.5703,-0.4468,1.6396,-84.1527,-68.6412,-39.0992,45.42,0
37414,-0.4194,-0.5977,1.5967,-78.0153,-60.6107,-59.3435,45.52,0
37424,-0.3394,-0.6499,1.5981,-61.9389,-46.4275,-69.5878,45.24,0
37434,-0.3257,-0.6426,1.5811,-45.2672,-33.3588,-67.8473,45.33,0
37444,-0.3447,-0.6851,1.5654,-35.1298,-27.7099,-54.3817,45.24,0
37454,-0.4360,-0.6973,1.5571,-30.4275,-32.6260,-38.0916,45.19,0
37464,-0.4941,-0.6353,1.5625,-28.6870,-47.2061,-18.9160,45.24,0
37474,-0.4604,-0.6611,1.5684,-27.9389,-65.7863,-0.3817,45.33,0
37484,-0.4414,-0.6685,1.6006,-28.2748,-76.3511,8.8855,45.38,0
37494,-0.3984,-0.6904,1.6055,-28.0763,-77.7405,4.0000,45.19,0
37504,-0.4038,-0.7207,1.6372,-24.1069,-72.6565,-10.5649,45.33,0
37514,-0.3867,-0.7773,1.6680,-16.5344,-74.9466,-35.5573,45.24,0
37524,-0.3843,-0.8188,1.6357,-3.4198,-84.1832,-60.7634,45.61,0
37534,-0.2573,-0.7017,1.6045,15.0382,-86.2443,-68.3969,45.42,0
37544,-0.2031,-0.6309,1.5894,30.7176,-83.6183,-54.9618,45.33,0
37554,-0.1436,-0.5674,1.6562,35.3893,-78.5954,-34.7939,45.52,0
37565,-0.1401,-0.5664,1.7163,31.1145,-73.8015,-21.0076,45.09,0
37574,-0.1699,-0.5522,1.7476,19.6336,-65.8779,-13.1145,45.24,0
37584,-0.2012,-0.5479,1.7266,4.2443,-56.9924,-12.6870,45.24,0
37594,-0.2529,-0.6543,1.7197,-6.2748,-57.3130,-25.1756,45.52,0
37604,-0.3018,-0.7026,1.6558,-5.3588,-68.3817,-44.9160,45.52,0
37614,-0.2822,-0.6675,1.6533,5.8473,-85.2977,-57.3893,45.33,0
37624,-0.1699,-0.6230,1.6372,20.2137,-102.8550,-54.7939,45.38,0
37634,-0.0605,-0.5542,1.6650,27.0076,-111.0687,-38.7481,45.24,0
37644,0.0391,-0.5024,1.6963,22.9160,-101.7557,-16.7328,45.38,0
37654,0.0425,-0.5503,1.7734,12.7939,-82.7939,-4.2748,45.38,0
37664,-0.0132,-0.6108,1.7949,-3.1298,-65.6794,-9.4046,45.33,0
37674,-0.0337,-0.7085,1.7520,-16.2443,-49.5267,-30.1221,45.33,0
37684,-0.0767,-0.7314,1.6919,-17.5267,-27.7099,-57.5267,45.24,0
37694,-0.1807,-0.7300,1.6206,-4.4580,-19.9389,-79.2061,45.61,0
37704,-0.1978,-0.7271,1.6255,16.1679,-49.0840,-88.1221,45.33,0
37714,-0.0796,-0.6606,1.6250,36.7481,-96.3664,-71.7252,45.24,0
37724,0.1235,-0.5918,1.6699,48.5038,-120.0153,-37.4046,45.24,0
37734,0.2656,-0.5459,1.7705,48.6260,-122.7328,-5.6183,45.38,0
37744,0.3628,-0.5352,1.8628,31.7557,-95.3893,13.3893,45.24,0
37754,0.3037,-0.5952,1.9277,10.7023,-55.0229,7.5573,45.38,0
37764,0.1802,-0.6562,1.9146,-13.2672,-25.0840,-20.3817,45.61,0
37775,0.0825,-0.6782,1.8633,-26.0153,5.8779,-53.2214,45.52,0
37784,-0.0210,-0.7036,1.7866,-25.0840,9.6031,-81.0229,45.52,0
37794,-0.0991,-0.6953,1.7397,-8.9313,-20.2137,-96.5802,45.38,0
37804,0.0410,-0.6489,1.6792,12.1679,-57.8473,-87.1603,45.24,0
37814,0.1992,-0.6265,1.7158,29.8473,-85.4962,-56.3664,45.24,0
37824,0.3203,-0.5234,1.7520,37.0840,-90.6565,-25.0076,45.38,0
37834,0.3721,-0.5596,1.8286,26.9466,-73.0534,0.4275,45.38,0
37844,0.2939,-0.6089,1.8799,8.6260,-47.8779,2.7634,45.38,0
37854,0.1733,-0.6313,1.8374,-10.5038,-26.8702,-19.2061,45.38,0
37864,0.1025,-0.6934,1.8154,-20.1832,-12.8550,-49.7099,45.38,0
37874,0.0679,-0.7495,1.7378,-14.4122,-17.2824,-78.4427,45.33,0
37884,0.0967,-0.7617,1.7021,7.6336,-35.8779,-94.8855,45.38,0
37894,0.2183,-0.7021,1.7339,36.9466,-61.8779,-90.0916,45.52,0
37904,0.3989,-0.5928,1.7749,54.7786,-78.1374,-64.2290,45.38,0
37914,0.4780,-0.5054,1.8491,53.0687,-67.9542,-33.7557,45.38,0
37924,0.4336,-0.5293,1.9346,34.8855,-52.1679,-15.0229,45.19,0
37934,0.3599,-0.5762,1.9341,8.7176,-33.0382,-16.5954,45.38,0
37944,0.2505,-0.6685,1.9023,-10.9160,-22.3206,-37.0534,45.52,0
37954,0.1494,-0.6646,1.7754,-13.4351,-13.3435,-66.5038,45.33,0
37964,0.1538,-0.6733,1.6709,0.4885,-26.7634,-83.0229,45.09,0
37974,0.1758,-0.6680,1.6421,25.8931,-56.3969,-73.6641,45.24,0
37984,0.2314,-0.5371,1.7031,50.3359,-90.4733,-48.0305,45.33,0
37994,0.3667,-0.5029,1.7759,65.3130,-119.9542,-19.9084,45.33,0
38004,0.5669,-0.5103,1.8438,60.3664,-117.5878,-2.0458,45.38,0
38015,0.6089,-0.4976,1.9121,48.7786,-92.1221,2.2748,45.38,0
38024,0.4663,-0.5386,1.9624,31.8015,-65.2977,-5.3130,45.24,0
38034,0.3276,-0.5459,1.9556,8.2290,-42.2443,-26.7176,45.52,0
38044,0.2124,-0.5371,1.8560,-14.1832,-18.7939,-60.2901,45.38,0
38054,0.2393,-0.5547,1.7397,-21.1450,-26.8397,-82.0763,45.24,0
38064,0.2954,-0.5596,1.6948,-10.3359,-48.6870,-66.6260,45.38,0
38074,0.3379,-0.4990,1.6509,5.8321,-83.5573,-31.3740,45.38,0
38084,0.4517,-0.5381,1.6812,18.7634,-118.0458,2.3206,45.38,0
38094,0.6206,-0.6421,1.7368,29.1908,-132.9008,19.6336,45.19,0
38104,0.7461,-0.6602,1.7915,38.5344,-111.3282,19.6489,45.42,0
38114,0.7368,-0.7104,1.8716,46.4427,-75.2519,2.0611,45.38,0
38124,0.6289,-0.7280,1.8716,49.8015,-39.4046,-27.4809,45.09,0
38134,0.5137,-0.6763,1.8696,47.8015,-10.4733,-58.0000,45.24,0
38144,0.4082,-0.6172,1.8154,43.0076,11.4809,-82.8244,45.38,0
38154,0.3403,-0.5581,1.7393,35.6031,22.4886,-98.8244,45.24,0
38164,0.3257,-0.5098,1.7192,29.8779,-2.6412,-93.8015,45.38,0
38174,0.4331,-0.4780,1.7036,28.3206,-53.7710,-51.5878,45.52,0
38184,0.5874,-0.4316,1.6948,26.9160,-104.3817,7.2672,45.33,0
38194,0.7236,-0.4819,1.6953,29.2672,-121.4962,47.1603,45.33,0
38204,0.6973,-0.5771,1.7539,35.9847,-103.2061,47.6031,45.52,0
38214,0.6284,-0.6025,1.7891,40.2748,-73.8473,19.7252,45.52,0
38224,0.5586,-0.5444,1.8120,41.0687,-32.5649,-19.5420,45.33,0
38234,0.4336,-0.4985,1.8218,35.9847,0.9313,-61.9695,45.38,0
38244,0.3647,-0.4404,1.7705,29.0382,13.7863,-94.0611,45.33,0
38254,0.3921,-0.3916,1.7061,27.2824,-6.7176,-99.8473,45.42,0
38264,0.4990,-0.3696,1.6812,33.5725,-49.8473,-65.5725,45.38,0
38274,0.5474,-0.2773,1.7065,34.0153,-92.7634,-16.7023,45.57,0
38284,0.7402,-0.3574,1.7114,29.3435,-126.7939,16.4275,45.42,0
38294,0.8540,-0.4917,1.7559,32.7634,-124.8855,25.8626,45.33,0
38304,0.9038,-0.4736,1.8071,44.0153,-96.1679,10.9618,45.33,0
38314,0.8071,-0.4839,1.8604,52.9618,-59.1756,-20.1832,45.24,0
38324,0.6377,-0.4473,1.8857,57.2977,-26.7939,-56.4427,45.33,0
38334,0.5474,-0.3770,1.8340,57.9695,-19.1756,-84.1221,45.33,0
38344,0.6172,-0.3364,1.8315,59.4962,-46.1527,-75.5878,45.24,0
38354,0.7222,-0.2578,1.7959,55.2366,-72.6412,-37.8168,45.38,0
38364,0.7754,-0.2427,1.7959,43.0382,-90.7023,-1.7710,45.38,0
38374,0.7759,-0.3008,1.8364,28.6107,-96.5802,17.9847,45.38,0
38384,0.7930,-0.3408,1.8198,18.1069,-96.0611,19.3282,45.24,0
38394,0.7988,-0.4180,1.8086,18.1374,-85.3740,0.3053,45.38,0
38404,0.8345,-0.4409,1.7808,31.3282,-60.9160,-31.0992,45.38,0
38414,0.8643,-0.4292,1.7920,52.3053,-37.0840,-56.6412,45.38,0
38424,0.8652,-0.4004,1.7896,73.0687,-21.1908,-68.7023,45.33,0
38434,0.8330,-0.3545,1.8252,86.8855,-18.7328,-69.4046,45.61,0
38444,0.8213,-0.3125,1.8438,92.5038,-24.6565,-63.4504,45.52,0
38455,0.8018,-0.2617,1.8374,87.3435,-25.8168,-56.4733,45.42,0
38464,0.8008,-0.2334,1.8296,74.0000,-29.7557,-50.3969,45.42,0
38474,0.7773,-0.1973,1.8203,56.9313,-38.9466,-42.3359,45.52,0
38484,0.8398,-0.1655,1.8086,39.4504,-54.0000,-33.9237,45.09,0
38494,0.9316,-0.1772,1.7969,28.4886,-71.8168,-18.1221,45.38,0
38504,0.9604,-0.1655,1.8042,22.5496,-81.1756,-0.8244,45.24,0
38514,0.9604,-0.1958,1.7695,14.7939,-83.9695,9.4962,45.38,0
38524,0.9521,-0.2349,1.7744,11.4046,-83.0229,14.5954,45.38,0
38534,0.9170,-0.2705,1.7578,11.3130,-78.8702,10.3817,45.38,0
38544,0.9146,-0.2969,1.7495,15.3435,-71.2214,-3.0076,45.38,0
38554,0.9126,-0.3062,1.7422,23.0076,-62.6107,-19.2977,45.42,0
38564,0.9297,-0.2944,1.7231,32.3511,-57.9237,-31.6947,45.42,0
38574,0.9824,-0.2700,1.7207,40.7328,-54.7939,-34.9924,45.52,0
38584,0.9966,-0.2358,1.7202,49.0382,-53.1450,-34.1832,45.38,0
38594,1.0269,-0.2305,1.7124,55.4962,-57.2214,-28.7786,45.38,0
38604,1.0498,-0.1963,1.7334,59.4504,-59.8626,-18.4733,45.42,0
38614,1.0547,-0.1924,1.7466,55.3435,-57.9389,-13.1908,45.09,0
38624,1.0454,-0.2007,1.7705,46.1985,-49.4351,-16.7786,45.38,0
38634,0.9868,-0.2031,1.7710,40.6260,-41.4962,-28.9618,45.19,0
38644,0.9604,-0.1831,1.7236,39.0687,-31.1145,-43.5420,45.42,0
38654,0.9409,-0.1934,1.6875,40.6565,-27.4351,-51.8779,45.38,0
38664,0.9297,-0.2075,1.6387,45.9084,-37.5267,-45.8779,45.42,0
38674,0.9424,-0.1685,1.5645,53.0382,-55.5725,-31.0840,45.24,0
38684,1.0088,-0.1489,1.5649,61.2519,-77.2824,-6.0000,45.33,0
38694,1.0869,-0.1235,1.6016,64.3511,-88.6107,17.9542,45.19,0
38704,1.0645,-0.1187,1.6699,58.5191,-86.9466,24.5191,45.38,0
38714,1.0615,-0.1938,1.6992,48.4885,-77.8015,11.3435,45.38,0
38724,1.0591,-0.2002,1.6899,45.6641,-61.6489,-11.7099,45.38,0
38734,1.0610,-0.2139,1.6602,51.9237,-45.6794,-36.8855,45.52,0
38744,1.0850,-0.1675,1.6274,62.7481,-31.8626,-57.5420,45.52,0
38754,1.0938,-0.1411,1.6157,76.5496,-29.0992,-64.4122,45.38,0
38765,1.1763,-0.0679,1.6279,88.7023,-37.9847,-51.5420,45.52,0
38774,1.2358,-0.0063,1.6646,92.0305,-41.1908,-31.1450,45.24,0
38784,1.1982,0.0083,1.7158,84.7939,-44.5344,-18.9313,45.52,0
38794,1.1543,0.0063,1.7466,72.7328,-53.6031,-11.9695,45.38,0
38804,1.1753,0.0430,1.7222,55.6947,-59.6641,-9.8321,45.24,0
38814,1.1831,-0.0127,1.7378,43.2672,-54.9160,-9.2519,45.24,0
38824,1.1768,0.0244,1.6831,36.8244,-48.8855,-10.6718,45.38,0
38834,1.1782,0.0098,1.6738,33.6336,-55.7099,-10.2443,45.38,0
38844,1.2280,0.0376,1.6587,33.4809,-60.6870,-2.5038,45.24,0
38854,1.2432,0.0708,1.6650,33.0687,-60.5954,1.4656,45.33,0
38864,1.2349,0.0176,1.6587,31.6794,-53.4656,-0.5802,45.38,0
38874,1.1934,0.0352,1.6660,32.4275,-51.2366,-6.3053,45.42,0
38884,1.1934,0.0420,1.6538,32.2443,-54.6718,-10.6412,45.42,0
38894,1.2617,0.0552,1.6318,30.9924,-58.4733,-7.9695,45.38,0
38904,1.3096,0.0630,1.6230,32.1221,-58.2137,-1.6489,45.42,0
38914,1.3379,0.0337,1.6372,33.6947,-52.2290,0.7328,45.38,0
38924,1.3481,0.0225,1.6304,35.2977,-38.4885,-7.2061,45.24,0
38934,1.3281,0.0542,1.6548,37.6336,-25.2977,-20.3053,45.42,0
38944,1.3008,0.0581,1.6680,36.0916,-15.0687,-29.9695,45.42,0
38954,1.3042,0.0557,1.6338,34.4885,-14.9313,-29.6641,45.38,0
38964,1.3018,0.0825,1.6226,35.8779,-20.4122,-18.8855,45.38,0
38974,1.3037,0.0811,1.6079,35.6336,-26.7634,-6.5649,45.42,0
38984,1.2520,0.0693,1.5933,31.3588,-31.9695,1.8626,45.33,0
38994,1.2388,0.0757,1.5698,23.8015,-30.0305,1.7710,45.52,0
39004,1.2178,0.0938,1.5962,18.5802,-29.2824,-1.6031,45.38,0
39015,1.2266,0.1143,1.5630,14.6260,-28.3664,-6.1679,45.19,0
39024,1.2295,0.1050,1.5342,12.7176,-27.0687,-11.4504,45.24,0
39034,1.2515,0.0967,1.5220,16.2748,-28.4122,-12.8550,45.24,0
39044,1.3027,0.0786,1.5127,22.6412,-30.1679,-9.5725,45.24,0
39054,1.3159,0.1069,1.5415,28.9466,-27.0534,-5.7405,45.38,0
39064,1.2881,0.0991,1.5483,29.9084,-26.4580,-3.1603,45.42,0
39074,1.2466,0.0947,1.5630,25.5267,-28.3969,-6.0153,45.42,0
39084,1.2705,0.1089,1.5347,19.5573,-25.5573,-10.2748,45.38,0
39094,1.2969,0.1128,1.5400,17.0229,-19.8168,-14.1374,45.19,0
39104,1.2939,0.1094,1.5195,14.9924,-13.6031,-17.8473,45.33,0
39114,1.2646,0.1084,1.5303,12.2290,-9.9847,-23.3740,45.57,0
39124,1.2446,0.1274,1.5254,10.0000,-12.4427,-26.5496,45.24,0
39134,1.2617,0.1548,1.5151,8.5038,-17.3435,-26.8855,45.38,0
39144,1.2896,0.1621,1.5176,7.8931,-22.1985,-22.5038,45.38,0
39154,1.3071,0.1724,1.5044,8.1374,-25.4962,-15.3893,45.24,0
39164,1.2964,0.1675,1.5039,6.2748,-26.2137,-12.1679,45.38,0
39174,1.2998,0.1445,1.5029,2.2290,-22.7176,-13.8626,45.38,0
39184,1.2769,0.1470,1.5127,-0.1374,-17.3740,-20.3664,45.38,0
39194,1.2861,0.1514,1.5068,-2.3206,-9.3282,-30.9618,45.24,0
39204,1.2837,0.1411,1.5034,-3.1145,-4.1374,-42.0458,45.24,0
39214,1.3276,0.1445,1.4810,-0.3664,-9.5725,-42.8855,45.38,0
39224,1.3735,0.1465,1.4756,7.2366,-22.5649,-27.9695,45.24,0
39234,1.4204,0.1431,1.4678,16.7481,-33.3893,-7.7863,45.24,0
39244,1.3989,0.1084,1.5000,22.8550,-34.7328,2.3969,45.38,0
39254,1.3560,0.0962,1.5166,23.8473,-32.0153,-0.2595,45.24,0
39264,1.3496,0.0928,1.5220,21.7252,-27.5420,-9.7405,45.38,0
39274,1.3770,0.1187,1.5024,18.9618,-18.9618,-17.1145,45.38,0
39284,1.3833,0.1431,1.5063,18.9771,-14.2595,-20.3359,45.33,0
39294,1.3921,0.1680,1.5049,18.3359,-12.9466,-19.5725,45.24,0
39304,1.3955,0.1738,1.4985,19.9695,-12.7481,-16.3511,45.38,0
39314,1.3750,0.1768,1.5166,22.1221,-16.6107,-11.6183,45.52,0
39324,1.3765,0.1821,1.5059,22.2137,-22.7023,-6.9771,45.38,0
39334,1.3926,0.1812,1.5176,22.6107,-27.0992,-2.9466,45.38,0
39344,1.4404,0.1748,1.5039,20.5038,-25.7252,0.6107,45.38,0
39354,1.4463,0.1733,1.5059,17.1603,-20.1069,3.0229,45.42,0
39364,1.4424,0.1650,1.5205,11.1603,-13.4046,1.3435,45.61,0
39374,1.4312,0.1440,1.5098,7.2214,-6.5649,-2.2290,45.61,0
39384,1.4175,0.1553,1.5083,7.7099,-2.2290,-5.0382,45.38,0
39394,1.4033,0.1606,1.4868,11.1298,-1.3893,-7.3740,45.09,0
39404,1.3994,0.1694,1.4922,15.3130,-0.9313,-6.0611,45.19,0
39414,1.3789,0.1880,1.4844,17.2214,-4.2901,-2.2748,45.38,0
39424,1.3765,0.1978,1.4883,15.9542,-6.0763,0.2443,45.38,0
39434,1.3760,0.2354,1.4771,12.4427,-7.4046,1.1756,45.42,0
39444,1.3833,0.2344,1.4590,7.6794,-5.9542,2.6870,45.38,0
39454,1.3901,0.2329,1.4658,4.7328,-5.1298,5.3282,45.52,0
39464,1.3701,0.2085,1.4585,2.8092,-5.0840,7.1756,45.42,0
39474,1.3726,0.1978,1.4600,1.2824,-4.8244,6.7481,45.38,0
39484,1.3779,0.1802,1.4492,3.1756,-3.3893,6.5496,45.38,0
39494,1.3560,0.1797,1.4399,7.2824,-2.3969,6.7786,45.52,0
39504,1.3389,0.1826,1.4453,10.4733,-4.3817,6.5649,45.38,0
39514,1.3330,0.1865,1.4463,12.9008,-6.3053,4.2748,45.33,0
39524,1.3384,0.1919,1.4512,12.7481,-7.5267,2.3817,45.42,0
39534,1.3560,0.2109,1.4385,12.8702,-7.5573,3.2366,45.24,0
39544,1.3691,0.2075,1.4390,13.0229,-4.6260,3.9695,45.38,0
39554,1.3604,0.1929,1.4556,12.3969,-0.4275,2.1221,45.52,0
39564,1.3457,0.2046,1.4458,11.7557,1.9695,-1.7863,45.38,0
39574,1.3433,0.2148,1.4458,10.7023,2.3359,-5.6489,45.38,0
39584,1.3774,0.2100,1.4521,10.7023,0.9618,-3.7405,45.33,0
39594,1.3696,0.2129,1.4351,10.7481,1.5878,-1.1145,45.33,0
39604,1.3521,0.1953,1.4624,9.2519,0.0458,-0.5344,45.24,0
39614,1.3354,0.1821,1.4570,6.0916,-1.7099,-0.6412,45.33,0
39624,1.3481,0.1978,1.4209,4.0000,-7.2519,-1.3740,45.33,0
39634,1.3667,0.1831,1.4229,4.8397,-10.5191,0.1221,45.38,0
39644,1.3999,0.1763,1.3931,5.7557,-10.5954,3.0534,45.42,0
39654,1.3955,0.1724,1.4370,5.6947,-9.1603,3.8473,45.24,0
39664,1.3784,0.1558,1.4409,3.9389,-5.2977,0.5496,45.52,0
39674,1.3999,0.1694,1.4341,1.4962,-3.0687,-2.7786,45.52,0
39684,1.4043,0.1978,1.4663,-1.7557,2.6412,-7.8626,45.38,0
39694,1.3931,0.2051,1.4565,-3.7557,6.6565,-10.8855,45.38,0
39704,1.3721,0.1875,1.4775,-2.8550,8.7939,-10.1679,45.24,0
39714,1.3911,0.1870,1.4692,-2.3206,7.0382,-8.6870,45.38,0
39724,1.3911,0.1709,1.4331,-1.0840,5.4656,-5.8626,45.42,0
39734,1.3857,0.1621,1.4385,-0.1374,3.9542,-3.5420,45.38,0
39744,1.3726,0.1357,1.4214,0.3817,-1.7710,-1.4656,45.24,0
39754,1.3960,0.1436,1.4053,1.5725,-4.3817,0.9008,45.38,0
39764,1.3970,0.1304,1.4009,5.3893,-1.2824,4.1374,45.38,0
39774,1.3633,0.1211,1.3926,8.8397,-1.2977,4.0611,45.52,0
39784,1.3647,0.1162,1.4019,11.1298,-2.7481,2.1985,45.24,0
39794,1.3442,0.1299,1.4131,12.5649,-2.7328,-1.3893,45.38,0
39804,1.4009,0.1504,1.3896,15.4198,-3.9084,-1.6336,45.24,0
39814,1.4136,0.1655,1.4053,19.4198,-4.6718,2.5038,45.38,0
39824,1.4146,0.1646,1.3979,21.7863,-2.3664,4.3511,45.33,0
39834,1.5596,0.4541,1.5688,19.7252,-5.6183,4.4580,45.24,1
39844,1.3696,0.1445,1.4839,21.6183,-1.5115,1.3435,45.52,1
39854,1.3623,0.1938,1.4810,19.8321,-0.0916,-1.6947,45.24,1
39864,1.3975,0.1963,1.4629,17.3893,1.8321,-3.2366,45.24,1
39874,1.3989,0.2329,1.4766,15.4962,3.8168,-3.0229,45.19,1
39884,1.3872,0.2373,1.4370,12.3817,6.4275,-4.0916,45.38,1
39894,1.3726,0.2329,1.4604,9.2977,7.3740,-4.8244,45.38,1
39904,1.3628,0.2207,1.4551,7.8626,5.1908,-2.8244,45.42,1
39914,1.3423,0.2329,1.4409,6.4580,1.4809,-0.5344,45.42,1
39924,1.3462,0.2188,1.4443,6.5649,-2.7176,0.4885,45.38,1
39935,1.3555,0.2314,1.4395,5.6336,-3.8626,-0.4885,45.42,1
39944,1.3721,0.2231,1.4521,5.1145,-0.5344,-2.2595,45.38,1
39954,1.3726,0.2217,1.4526,3.8626,2.4885,-4.3817,45.52,1
39964,1.3804,0.2144,1.4473,4.3817,5.9695,-6.5649,45.42,1
39974,1.3696,0.2168,1.4609,5.8626,8.0458,-7.0840,45.52,1
39984,1.3750,0.2007,1.4478,8.2290,4.5191,-7.0229,45.24,1
39994,1.4009,0.1973,1.4565,11.7863,1.2824,-4.1985,45.24,1
40004,1.4160,0.1982,1.4570,15.1450,0.9313,-0.1985,45.38,1
40014,1.3745,0.1943,1.4614,16.8702,1.3893,2.1069,45.38,1
40024,1.3506,0.2075,1.4302,15.8626,-0.4580,2.6718,45.42,1
40034,1.3413,0.2256,1.4180,13.0992,-3.0076,1.0229,45.57,0
40044,1.2314,0.2300,1.5459,12.4733,-5.6641,-0.5038,45.33,0
40054,1.3643,0.2275,1.3882,8.0000,-2.2748,-3.1450,45.24,0
40064,1.3394,0.1968,1.4487,5.5420,-1.4351,-4.6565,45.42,0
40074,1.3965,0.2124,1.4126,3.8321,0.3817,-4.4275,45.33,0
40084,1.3843,0.2031,1.4307,3.7710,0.9618,-3.4656,45.38,0
40094,1.3530,0.1987,1.4429,5.4656,1.1908,-2.0458,45.24,0
40104,1.3711,0.2031,1.4341,9.0382,-3.3893,-1.1756,45.38,0
40114,1.3726,0.2109,1.4355,12.1527,-5.1908,0.7481,45.52,0
40124,1.3779,0.2222,1.4326,14.5802,-5.9695,0.7328,45.38,0
40134,1.4106,0.2163,1.4131,17.3435,-3.9389,1.4809,45.24,0
40144,1.3857,0.2065,1.4429,14.9924,-0.5191,0.0153,45.71,0
40154,1.3721,0.2104,1.4590,10.9313,2.0305,-2.9160,45.38,0
40164,1.3750,0.2329,1.4365,7.0687,2.5191,-5.0229,45.38,0
40174,1.3770,0.2354,1.4541,3.8015,3.3588,-5.1298,45.42,0
40184,1.3657,0.2329,1.4375,2.3969,-0.5802,-3.8626,45.24,0
40194,1.4009,0.2344,1.4102,1.9237,-4.0916,1.5420,45.38,0
40204,1.3799,0.2202,1.4214,4.1374,-4.9924,6.7328,45.38,0
40214,1.3472,0.1992,1.4131,4.3969,-6.9618,5.5420,45.42,0
40224,1.3550,0.1958,1.4160,4.3817,-7.5420,1.9542,45.42,0
40234,1.3940,0.2114,1.4312,4.0611,-1.7710,-3.6947,45.52,0
40244,1.3906,0.2124,1.4736,4.9313,2.7939,-5.7863,45.52,0
40254,1.4053,0.1997,1.4688,4.1221,3.3740,-5.1145,45.38,0
40265,1.4351,0.2095,1.4751,1.6489,5.4504,-4.9466,45.52,0
40274,1.3955,0.2012,1.4888,2.1679,7.9847,-4.6870,45.38,0
40284,1.3960,0.1924,1.4673,1.7710,6.9313,-4.6412,45.33,0
40294,1.4023,0.1938,1.4614,1.4046,5.4504,-1.9695,45.33,0
40304,1.3994,0.2085,1.4189,1.6794,3.2824,1.6947,45.38,0
40314,1.3911,0.1997,1.4189,1.2672,3.5420,4.6565,45.52,0
40324,1.3428,0.2036,1.3999,0.0153,2.0000,4.6107,45.38,0
40334,1.3423,0.1880,1.3979,-2.0000,-1.5115,2.8702,45.42,0
40344,1.3774,0.2085,1.3750,-1.2366,-0.8550,1.5573,45.52,0
40354,1.4067,0.2080,1.3755,2.7786,3.6336,0.5038,45.38,0
40364,1.3721,0.2046,1.4077,9.3740,8.0305,-1.0534,45.09,0
40374,1.3643,0.1982,1.4404,12.8397,5.7710,-3.7252,45.42,0
40384,1.3926,0.1885,1.4492,13.9237,3.3588,-4.5954,45.57,0
40394,1.4248,0.2026,1.4570,15.6794,5.4198,-4.1985,45.38,0
40404,1.4316,0.2065,1.4741,16.1527,8.9466,-3.3588,45.38,0
40414,1.4126,0.2124,1.4761,17.6947,11.0382,-3.2672,45.61,0
40424,1.4097,0.2290,1.4937,19.5573,12.1374,-7.3740,45.52,0
40434,1.4023,0.2358,1.4868,19.7405,13.9847,-11.0534,45.61,0
40444,1.4199,0.2383,1.4775,18.7481,13.2824,-10.3817,45.61,0
40454,1.4419,0.2480,1.4741,14.8855,12.8244,-5.0840,45.52,0
40464,1.4180,0.2510,1.4692,11.9542,17.3893,2.1221,45.42,0
40474,1.3735,0.2529,1.4937,4.8550,15.4809,7.3282,45.52,0
40484,1.3252,0.2520,1.4985,-2.8397,10.5954,9.4656,45.42,0
40494,1.3135,0.2539,1.4922,-9.0992,5.0076,9.1450,45.38,0
40504,1.3418,0.2236,1.4780,-11.7252,1.7099,8.9466,45.33,0
40514,1.3730,0.2134,1.4668,-10.1374,5.5725,8.4885,45.61,0
40524,1.3662,0.2080,1.4624,-5.8015,9.1603,6.2137,45.38,0
40534,1.3555,0.2090,1.4702,-1.2366,10.6718,2.7939,45.33,0
40544,1.3711,0.2139,1.4897,0.6107,13.9847,-0.4275,45.38,0
40554,1.3765,0.2134,1.4653,1.8321,17.9084,-2.7176,45.57,0
40564,1.3633,0.2085,1.4722,2.2595,22.8702,-3.2519,45.42,0
40574,1.3452,0.1865,1.4678,-0.1221,22.0000,-2.9466,45.71,0
40584,1.3330,0.1885,1.4526,-0.7023,16.7939,-0.8550,45.33,0
40594,1.3452,0.1851,1.4482,-1.5115,14.5649,2.7176,45.42,0
40604,1.3647,0.1719,1.4600,1.3740,11.0076,6.5802,45.42,0
40614,1.4102,0.1938,1.4663,3.9389,11.9389,6.2748,45.38,0
40624,1.4302,0.1841,1.4922,6.3664,21.3130,3.4046,45.33,0
40634,1.4341,0.2119,1.5254,9.8931,31.5267,-2.0458,45.38,0
40644,1.4194,0.2261,1.5493,12.0611,37.8321,-7.6031,45.38,0
40654,1.4346,0.2222,1.5674,11.4046,39.9084,-8.5802,45.33,0
40664,1.4253,0.2354,1.6021,8.2748,38.1985,-5.1908,45.52,0
40674,1.4526,0.2280,1.5977,2.1527,31.7099,4.4580,45.61,0
40684,1.4668,0.2271,1.5947,-4.3511,27.8168,16.6260,45.38,0
40694,1.4453,0.1904,1.6030,-9.7405,27.7557,24.7939,45.38,0
40704,1.4277,0.1660,1.6152,-11.5878,30.7481,24.4122,45.52,0
40714,1.4741,0.1499,1.6187,-11.9695,38.3817,17.6031,45.24,0
40724,1.4878,0.1533,1.6265,-6.7786,52.0458,8.3817,45.38,0
40734,1.4868,0.1396,1.6357,1.2977,65.5115,2.5038,45.52,0
40744,1.4707,0.1660,1.6514,9.6336,71.2519,-0.5038,45.38,0
40754,1.4663,0.1953,1.6694,15.6336,72.2137,3.1298,45.42,0
40764,1.4297,0.2422,1.6978,15.0687,71.8015,9.6641,45.38,0
40774,1.4238,0.2485,1.7104,7.0534,74.8092,14.7023,45.71,0
40784,1.3955,0.2231,1.6914,-3.5878,84.0000,16.8244,45.38,0
40794,1.3589,0.2212,1.7021,-10.5038,89.6641,14.2290,45.38,0
40804,1.3452,0.2402,1.6870,-12.8550,91.6489,10.0305,45.61,0
40814,1.3291,0.2510,1.6943,-10.4275,94.5343,8.5802,45.38,0
40824,1.2876,0.2690,1.7124,-9.2672,95.0992,10.0000,45.57,0
40834,1.2358,0.2686,1.7236,-11.3282,92.5496,13.8015,45.24,0
40844,1.2036,0.2661,1.7588,-16.0305,87.2214,17.2672,45.42,0
40854,1.2300,0.2471,1.7773,-20.6870,83.6641,17.6794,45.24,0
40864,1.3101,0.2534,1.8062,-22.9313,87.9542,14.3664,45.38,0
40874,1.3623,0.2578,1.8584,-22.7786,94.8092,7.3435,45.42,0
40884,1.4048,0.2637,1.9170,-24.1527,106.0305,-0.1069,45.52,0
40894,1.4126,0.2598,1.9570,-29.5114,116.2290,-2.5191,45.52,0
40904,1.3755,0.2422,1.9531,-42.9466,124.0305,3.1603,45.38,0
40914,1.3169,0.2231,1.9199,-57.0687,125.2061,14.7634,45.33,0
40924,1.2573,0.2222,1.8896,-69.9237,119.7557,31.8321,45.38,0
40934,1.1738,0.2222,1.8740,-81.9389,112.3969,45.5573,45.38,0
40944,1.1357,0.2095,1.8477,-91.8473,104.3206,51.9847,45.38,0
40954,1.1465,0.1704,1.8457,-96.5649,104.0458,52.3511,45.38,0
40964,1.1919,0.1313,1.7856,-93.7710,117.9237,44.4427,45.52,0
40974,1.1812,0.0728,1.8115,-80.9466,133.6947,34.5191,45.38,0
40984,1.2090,-0.0117,1.8325,-66.2290,147.0840,19.7863,45.52,0
40994,1.2256,-0.0322,1.8564,-55.0840,164.0916,7.8779,45.38,0
41004,1.2051,-0.0386,1.8926,-46.6718,178.7328,5.0840,45.42,0
41014,1.1304,-0.0034,1.9253,-47.7863,185.1298,11.5267,45.52,0
41024,1.1069,0.0000,1.9346,-58.8550,179.8015,25.0534,45.71,0
41034,1.0562,0.0063,1.9565,-72.3053,172.6718,41.3740,45.24,0
41044,1.0171,-0.0386,1.9570,-84.0763,164.3664,52.3664,45.38,0
41054,1.0015,-0.0693,1.9434,-88.4733,159.3740,55.7099,45.38,0
41064,0.9497,-0.0649,1.9243,-83.8779,165.0076,49.8015,45.33,0
41074,0.8882,-0.0562,1.9326,-78.7634,173.0687,40.7939,45.52,0
41084,0.7812,-0.0337,1.9536,-74.0763,174.6107,32.7939,45.42,0
41095,0.6968,0.0029,1.9731,-72.6718,168.8550,23.8473,45.71,0
41104,0.6875,0.0249,1.9824,-77.2977,160.2748,14.3206,45.38,0
41114,0.8521,0.0557,1.9355,-87.4657,171.4046,11.3588,45.38,0
41124,0.8608,0.0464,1.9492,-87.1450,183.8321,22.1985,45.52,0
41134,0.8149,0.0010,1.9346,-87.1756,194.9466,33.9695,45.38,0
41144,0.7124,-0.0620,1.9233,-92.4580,204.4427,39.7557,45.42,0
41154,0.6196,-0.0742,1.9146,-102.4427,208.4733,41.6183,45.38,0
41164,0.5264,-0.1299,1.8853,-112.9466,199.8321,41.3740,45.24,0
41174,0.4746,-0.1294,1.8345,-121.0992,192.1679,42.2748,45.33,0
41184,0.4131,-0.1421,1.8008,-125.7863,180.1069,45.7099,45.24,0
41194,0.3325,-0.1445,1.7686,-126.2137,165.3282,48.0916,45.38,0
41204,0.3115,-0.1719,1.7446,-125.7863,149.2672,46.0611,45.42,0
41214,0.2710,-0.2153,1.7305,-123.6336,147.1756,38.9160,45.61,0
41224,0.4097,-0.1792,1.6499,-119.6794,164.9466,28.7481,45.52,0
41234,0.4019,-0.2290,1.7056,-106.4580,180.9924,25.5725,45.33,0
41244,0.3267,-0.2505,1.7129,-95.3588,196.0916,22.0916,45.24,0
41254,0.2290,-0.2603,1.7017,-95.5878,201.4657,20.9924,45.24,0
41264,0.1714,-0.2388,1.6592,-102.3817,191.3282,23.5267,45.33,0
41274,0.0469,-0.3013,1.6509,-111.1450,179.1450,35.2214,45.38,0
41284,0.0542,-0.3223,1.6152,-122.1374,162.1985,41.5725,45.33,0
41294,0.1401,-0.3892,1.5498,-130.8550,161.8168,43.7863,45.38,0
41304,0.1821,-0.4609,1.5146,-126.0305,173.4504,44.2443,45.42,0
41314,0.1235,-0.5200,1.5361,-114.3511,187.2977,40.6412,45.33,0
41324,0.0713,-0.5791,1.5112,-97.8168,199.0687,29.6947,45.38,0
41334,-0.0146,-0.6606,1.5034,-79.3740,207.1908,18.7481,45.38,0
41344,-0.0566,-0.6899,1.4863,-66.2443,209.9084,9.1298,45.38,0
41354,-0.1021,-0.6450,1.4575,-58.5802,204.7023,9.2214,45.24,0
41364,-0.2383,-0.7051,1.4771,-59.2519,192.3359,22.6565,45.24,0
41374,-0.2646,-0.7188,1.4507,-62.7786,160.5649,34.8855,45.52,0
41385,-0.2397,-0.6646,1.4170,-62.9008,140.0458,48.9771,45.24,0
41394,-0.2148,-0.6704,1.4233,-61.9542,131.9542,59.0992,45.24,0
41404,-0.2227,-0.6436,1.4023,-57.6031,137.5725,58.7328,45.52,0
41414,-0.2690,-0.6499,1.4316,-49.1908,155.8168,49.8779,45.33,0
41424,-0.3462,-0.6895,1.4688,-41.1298,169.8779,30.5344,45.38,0
41434,-0.4180,-0.7095,1.4756,-36.5038,181.1450,9.1145,45.42,0
41444,-0.4951,-0.7349,1.4761,-37.2519,186.2595,-3.5420,45.38,0
41454,-0.5405,-0.7378,1.4434,-42.7786,174.2290,-7.7557,45.24,0
41464,-0.5903,-0.7148,1.4517,-51.1298,155.9695,-1.0229,45.24,0
41474,-0.6074,-0.7227,1.4131,-63.4198,130.0305,11.3893,45.38,0
41484,-0.6401,-0.7192,1.4165,-74.5954,102.8244,26.0916,45.24,0
41494,-0.5503,-0.7480,1.3574,-85.5725,89.1145,39.0229,45.42,0
41504,-0.4805,-0.7861,1.3359,-87.2061,96.3206,44.7634,45.33,0
41514,-0.5161,-0.8232,1.3389,-77.1298,110.3053,43.6641,45.38,0
41524,-0.6074,-0.8521,1.3652,-66.4122,125.2214,36.0611,45.09,0
41534,-0.6763,-0.8975,1.3774,-62.4733,130.5802,25.4198,45.24,0
41544,-0.7231,-0.9258,1.3599,-58.5649,132.3053,16.0153,45.24,0
41554,-0.7759,-0.9146,1.3374,-52.0153,125.9695,7.5725,45.24,0
41564,-0.7969,-0.8916,1.3101,-43.2061,112.7634,2.1069,45.38,0
41574,-0.8228,-0.8364,1.3345,-37.3435,92.5038,5.1908,45.42,0
41584,-0.8164,-0.8125,1.3369,-38.4427,72.6260,9.6489,45.33,0
41594,-0.7246,-0.8120,1.2949,-38.7176,69.5267,15.3588,45.71,0
41604,-0.7168,-0.8345,1.2671,-39.1756,76.5343,25.2214,45.24,0
41614,-0.7339,-0.8760,1.2778,-40.9008,81.2061,32.9618,45.33,0
41624,-0.7329,-0.9111,1.2783,-42.3511,85.5725,33.4504,45.38,0
41634,-0.8242,-0.9531,1.2808,-39.6336,91.1603,32.6107,45.38,0
41644,-0.8940,-0.9424,1.2549,-34.9160,90.4733,31.1908,45.52,0
41654,-0.9707,-0.9717,1.2305,-26.2290,79.4046,28.7176,45.09,0
41664,-1.0254,-0.9482,1.1997,-18.8397,65.0534,28.9618,45.33,0
41674,-1.0371,-0.9526,1.1758,-14.1221,47.8473,28.0458,45.24,0
41684,-1.0205,-0.9473,1.1729,-15.1450,41.6641,24.1679,45.38,0
41694,-0.9741,-0.9409,1.1479,-18.3664,45.7557,22.3053,45.38,0
41704,-0.9424,-0.9351,1.1401,-21.5420,54.2748,23.6794,45.38,0
41714,-0.9780,-0.9180,1.1567,-22.0763,61.4962,26.0305,45.38,0
41724,-1.0479,-0.8853,1.1753,-26.3511,61.0840,26.7939,45.05,0
41734,-1.1230,-0.8740,1.1963,-32.5649,51.2214,28.3511,45.38,0
41744,-1.1714,-0.8491,1.1729,-37.7252,36.5802,30.8550,45.52,0
41754,-1.1777,-0.8442,1.1582,-43.6947,17.2061,35.3893,45.38,0
41764,-1.1592,-0.8662,1.1309,-50.5649,1.2977,41.9389,45.57,0
41774,-1.1323,-0.9263,1.0889,-56.9008,-9.7405,45.6336,45.24,0
41784,-1.0342,-0.9775,1.0669,-60.1679,-6.5038,45.9389,45.52,0
41794,-1.0415,-1.0464,1.0630,-52.4885,-0.2748,41.8321,45.52,0
41804,-1.0781,-1.0747,1.0566,-35.9389,3.1298,29.4656,45.52,0
41814,-1.0840,-1.0684,1.0938,-16.0916,6.2443,15.9389,45.38,0
41824,-1.0562,-1.0581,1.1274,3.4198,4.9771,3.4504,45.57,0
41834,-1.0352,-1.0151,1.1841,20.6870,3.5573,-6.3817,45.33,0
41844,-1.0103,-0.9863,1.2490,30.8092,0.4122,-12.4275,45.38,0
41854,-0.9629,-0.9614,1.3027,34.2901,-2.5191,-14.1221,45.42,0
41864,-0.9434,-0.9248,1.3408,32.8702,-6.7328,-11.9084,45.38,0
41874,-0.9077,-0.9307,1.3462,27.8779,-5.9847,-10.4275,45.52,0
41884,-0.8511,-0.9263,1.3687,25.2672,-0.1679,-10.2290,45.38,0
41894,-0.8403,-0.9336,1.3667,26.4733,6.9466,-10.6870,45.57,0
41904,-0.8560,-0.9219,1.3984,26.5496,10.6565,-9.2977,45.33,0
41914,-0.8647,-0.9067,1.4204,25.0382,8.7786,-6.2443,45.61,0
41924,-0.8936,-0.8882,1.4102,21.0840,5.9237,-3.4198,45.42,0
41934,-0.9009,-0.8730,1.4316,14.9466,1.5573,2.8702,45.57,0
41944,-0.9248,-0.8794,1.4141,7.0840,-3.8626,8.2443,45.38,0
41954,-0.9463,-0.8911,1.3877,2.0458,-7.7710,10.4885,45.42,0
41964,-0.9297,-0.9116,1.3716,-1.0076,-12.2748,12.6565,45.52,0
41974,-0.9258,-0.9307,1.3496,-0.9313,-12.6565,14.4427,45.38,0
41984,-0.9146,-0.9380,1.3325,2.7481,-10.4427,13.1145,45.38,0
41994,-0.9175,-0.9448,1.3369,7.0534,-6.1374,8.6870,45.42,0
42004,-0.9355,-0.9517,1.3506,12.0763,-1.1603,0.1069,45.57,0
42014,-0.9243,-0.9463,1.3584,14.8855,2.5344,-8.9924,45.33,0
42024,-0.8887,-0.9492,1.3418,17.3588,7.3740,-15.4809,45.38,0
42034,-0.8853,-0.9365,1.3496,20.1985,10.7786,-16.0611,45.33,0
42044,-0.8975,-0.9072,1.3511,19.5573,10.4275,-12.2748,45.38,0
42054,-0.9043,-0.9106,1.3770,16.7786,3.7710,-7.2672,45.24,0
42064,-0.9121,-0.8877,1.3477,12.3359,-2.5649,1.6794,45.33,0
42074,-0.9214,-0.8931,1.3486,9.4351,-7.7252,9.1450,45.38,0
42084,-0.9551,-0.8989,1.3271,8.4122,-12.9924,12.9618,45.38,0
42094,-0.9600,-0.9160,1.3276,8.7786,-16.7481,10.2443,45.57,0
42104,-0.9385,-0.9443,1.3335,11.7863,-17.0840,1.1756,45.24,0
42114,-0.9199,-0.9443,1.3564,18.2748,-11.1145,-10.0305,45.57,0
42124,-0.9028,-0.9463,1.3804,24.5496,-7.7557,-19.6947,45.33,0
42134,-0.8569,-0.9116,1.3843,27.0840,-1.0076,-25.1145,45.38,0
42144,-0.8467,-0.8794,1.4268,25.3893,3.1603,-26.6870,45.61,0
42154,-0.8716,-0.8618,1.4297,18.3969,3.0992,-23.8168,45.57,0
42164,-0.8311,-0.8232,1.4116,7.4962,4.9160,-15.6794,45.57,0
42174,-0.8423,-0.8257,1.4038,-1.4504,3.8321,-2.1832,45.33,0
42184,-0.9058,-0.8457,1.4087,-8.4733,-0.8397,8.0000,45.38,0
42194,-0.9326,-0.8813,1.4067,-13.2977,-7.1298,12.0153,45.52,0
42204,-0.9414,-0.9155,1.3857,-14.7023,-14.7176,10.7176,45.57,0
42214,-0.9263,-0.9624,1.3770,-11.4809,-17.4809,4.9618,45.38,0
42224,-0.9155,-1.0068,1.3770,-5.0076,-16.1221,-2.8855,45.52,0
42234,-0.8887,-1.0073,1.3560,3.8473,-12.6870,-10.1221,45.38,0
42244,-0.8560,-0.9966,1.3428,12.4733,-8.4885,-14.0305,45.24,0
42254,-0.8564,-0.9678,1.3525,18.9618,-6.3664,-13.6336,45.42,0
42264,-0.8755,-0.9517,1.3726,22.3511,-5.9847,-10.5344,45.52,0
42274,-0.8779,-0.9243,1.3564,20.5802,-8.8702,-4.3053,45.24,0
42284,-0.8989,-0.9048,1.3516,13.6031,-10.4885,4.0305,45.38,0
42294,-0.9404,-0.9155,1.3423,5.2824,-17.8779,11.4504,45.38,0
42304,-0.9253,-0.9746,1.3262,-1.8015,-26.4275,13.7710,45.38,0
42314,-0.8975,-1.0161,1.3096,-1.2672,-31.5878,11.4809,45.52,0
42324,-0.8613,-1.0283,1.2891,6.6718,-28.9313,6.6565,45.24,0
42334,-0.8413,-1.0220,1.3047,16.9313,-24.2901,0.3817,45.52,0
42344,-0.8320,-1.0083,1.3066,26.9618,-16.1832,-4.7786,45.52,0
42354,-0.8486,-0.9604,1.3242,34.7786,-7.9237,-8.1069,45.38,0
42364,-0.8965,-0.9004,1.3354,37.5725,-5.0992,-8.8702,45.19,0
42374,-0.9248,-0.8765,1.3472,34.7939,-10.7634,-10.0916,45.61,0
42384,-0.9355,-0.8560,1.3501,26.8092,-16.7786,-8.9924,45.52,0
42394,-0.9419,-0.8760,1.3462,17.8931,-23.6947,-7.2519,45.57,0
42404,-0.9546,-0.8828,1.3096,11.1603,-31.1756,-6.5496,45.38,0
42414,-0.9434,-0.9185,1.2983,8.6870,-37.4351,-9.7710,45.57,0
42424,-0.8994,-0.9438,1.3154,12.3511,-38.9466,-13.0687,45.38,0
42434,-0.8267,-0.9585,1.3301,21.1908,-30.4886,-21.3893,45.42,0
42444,-0.7729,-0.9531,1.3662,31.1603,-20.8397,-28.6260,45.33,0
42454,-0.7544,-0.9355,1.3828,36.8092,-9.2214,-31.9847,45.38,0
42464,-0.7559,-0.9062,1.3687,37.7405,-2.1832,-28.3969,45.61,0
42475,-0.8081,-0.8994,1.3770,34.8092,-4.3817,-17.4656,45.24,0
42484,-0.8574,-0.9224,1.3696,29.3435,-20.5802,-5.3282,45.38,0
42494,-0.8682,-0.8965,1.3716,23.4504,-38.9160,5.8626,45.38,0
42504,-0.8828,-0.9053,1.3921,19.4504,-54.4427,13.5573,45.38,0
42514,-0.8682,-0.9512,1.4058,18.3817,-67.4504,11.1603,45.57,0
42524,-0.7959,-0.9468,1.4214,19.3435,-65.2519,2.4427,45.38,0
42534,-0.7373,-0.9517,1.4185,23.4046,-54.4885,-5.7252,45.24,0
42544,-0.7334,-0.9453,1.4419,31.0687,-46.6107,-12.8702,45.38,0
42554,-0.7090,-0.9526,1.4258,35.6031,-39.5725,-16.9008,45.52,0
42564,-0.6948,-0.9253,1.4595,39.3893,-36.3969,-16.1221,45.33,0
42574,-0.6704,-0.9111,1.4590,40.7328,-32.1527,-11.6336,45.38,0
42584,-0.6821,-0.9258,1.4829,42.2290,-32.2748,-7.9389,45.38,0
42594,-0.7227,-0.8926,1.4951,42.1985,-37.7099,-5.2214,45.38,0
42604,-0.7075,-0.8887,1.5088,40.2595,-45.8779,-0.8855,45.38,0
42614,-0.6821,-0.8647,1.5122,36.6718,-47.0534,2.3511,45.38,0
42624,-0.7129,-0.8462,1.5317,30.6107,-47.9389,4.6870,45.42,0
42634,-0.7192,-0.8521,1.5322,22.7023,-52.6870,5.0229,45.42,0
42644,-0.6816,-0.8984,1.4932,16.0000,-57.8626,7.6947,45.52,0
42654,-0.6328,-0.9155,1.4741,16.7023,-58.6565,12.1527,45.38,0
42664,-0.6372,-0.9214,1.4595,22.7481,-57.5115,15.9695,45.52,0
42674,-0.6812,-0.9214,1.4453,27.3740,-57.8473,19.4198,45.38,0
42684,-0.7158,-0.8809,1.4224,29.2824,-60.3664,23.0382,45.42,0
42694,-0.7524,-0.8267,1.4233,29.8931,-66.0305,26.2290,45.33,0
42704,-0.7661,-0.7979,1.4004,27.3282,-71.8168,27.5725,45.52,0
42714,-0.7910,-0.7720,1.4180,23.8626,-73.9084,24.8397,45.52,0
42724,-0.7729,-0.7769,1.4072,21.0229,-74.3511,16.6718,45.24,0
42734,-0.7349,-0.8447,1.4307,22.7481,-75.2977,2.7176,45.33,0
42744,-0.6504,-0.8838,1.4136,33.4504,-72.7481,-16.7786,45.42,0
42754,-0.5498,-0.8843,1.4341,50.2443,-62.2901,-29.6794,45.52,0
42764,-0.5181,-0.8657,1.4570,68.9924,-54.9008,-33.7863,45.61,0
42774,-0.5200,-0.8086,1.4863,81.8626,-52.1069,-28.1374,45.42,0
42784,-0.5229,-0.7163,1.5127,86.7023,-50.2748,-14.5191,45.24,0
42794,-0.5957,-0.6582,1.5410,78.1527,-53.5115,1.6489,45.38,0
42804,-0.6636,-0.6528,1.5571,59.4962,-64.0153,16.6260,45.52,0
42814,-0.7007,-0.7173,1.5322,43.1603,-78.1374,18.2137,45.38,0
42824,-0.7261,-0.7334,1.4902,34.1527,-88.7176,8.7023,45.24,0
42834,-0.6743,-0.8062,1.4800,32.0458,-97.8015,-5.0229,45.38,0
42844,-0.6255,-0.8325,1.4541,40.1374,-104.3359,-21.2977,45.38,0
42854,-0.5029,-0.8174,1.4565,55.1603,-100.6565,-30.4580,45.38,0
42864,-0.3574,-0.8071,1.4780,71.5267,-90.5954,-30.0611,45.33,0
42874,-0.3101,-0.7393,1.5474,82.4733,-81.1145,-20.1374,45.52,0
42884,-0.3286,-0.6860,1.5825,84.8092,-75.0992,-4.4122,45.52,0
42894,-0.4058,-0.6465,1.6060,75.5573,-79.0992,15.3588,45.09,0
42904,-0.4951,-0.6484,1.6104,62.1527,-93.3435,31.0534,45.38,0
42914,-0.5752,-0.6509,1.5825,52.0611,-113.4962,35.3893,45.38,0
42924,-0.5244,-0.6865,1.5635,47.4962,-128.5496,28.1374,45.42,0
42934,-0.3569,-0.7700,1.6128,61.2061,-134.0611,6.6107,45.71,0
42944,-0.1299,-0.7241,1.6450,85.7557,-112.4733,-19.3588,45.33,0
42954,0.0063,-0.7437,1.7930,112.7176,-79.9695,-39.7099,45.24,0
42964,0.1206,-0.6523,1.8682,132.1985,-46.0153,-49.7557,45.52,0
42974,0.0820,-0.5488,1.9839,137.2061,-24.9313,-45.4809,45.52,0
42984,0.0215,-0.4546,2.0537,125.1298,-23.0382,-26.1221,45.42,0
42994,-0.0698,-0.3789,2.0581,99.0534,-39.5573,6.5191,45.38,0
43004,-0.1709,-0.3745,2.0410,61.4504,-67.8015,41.7252,45.38,0
43014,-0.2295,-0.4033,1.9990,25.4198,-94.7939,68.6718,45.61,0
43024,-0.2896,-0.4644,1.9214,-0.9771,-112.2595,80.1679,45.42,0
43034,-0.3213,-0.5332,1.8208,-13.4198,-123.0687,76.8397,45.52,0
43044,-0.3149,-0.5776,1.7520,-13.2366,-122.5038,61.2366,45.38,0
43054,-0.2114,-0.6475,1.7217,2.1374,-116.8244,38.6107,45.61,0
43064,-0.1050,-0.6738,1.7388,27.4962,-105.0687,16.6260,45.24,0
43074,0.0254,-0.6709,1.8076,56.5344,-87.1298,1.3588,45.52,0
43084,0.0635,-0.6274,1.8936,79.8015,-73.5115,-2.1985,45.38,0
43094,0.0840,-0.5249,1.9316,87.2519,-64.9466,-2.5344,45.57,0
43104,0.0249,-0.4775,1.9912,79.8473,-57.6489,3.8931,45.33,0
43114,-0.0376,-0.4370,1.9878,63.7557,-56.5496,9.4656,45.38,0
43124,-0.1094,-0.4141,1.9336,42.3969,-58.0153,11.6031,45.24,0
43134,-0.1270,-0.4209,1.8774,26.6870,-56.0000,11.4809,45.38,0
43144,-0.1504,-0.4253,1.8154,19.2061,-61.4504,11.4198,45.52,0
43154,-0.1260,-0.4004,1.7676,19.0076,-69.6794,11.0687,45.38,0
43164,-0.0894,-0.3799,1.7769,26.6718,-74.9618,12.8855,45.52,0
43174,-0.0664,-0.3320,1.7793,32.9008,-78.9160,14.3511,45.52,0
43184,-0.0928,-0.3384,1.7822,33.4656,-78.6718,17.5725,45.52,0
43194,-0.0908,-0.2925,1.8086,30.2748,-79.0382,19.9084,45.38,0
43204,-0.0801,-0.2915,1.7891,18.0763,-78.4122,20.5191,45.42,0
43214,-0.0513,-0.3521,1.8018,5.7099,-73.6947,16.6260,45.38,0
43224,-0.0347,-0.3970,1.7998,2.3053,-66.9313,4.5191,45.42,0
43234,-0.0439,-0.4253,1.8101,5.2824,-59.2672,-13.3588,45.38,0
43244,-0.0269,-0.4341,1.8081,11.7252,-64.6870,-28.3359,45.52,0
43254,0.0493,-0.4336,1.7866,23.9847,-76.9618,-27.4046,45.38,0
43264,0.1338,-0.3672,1.7915,33.2061,-78.9160,-17.1450,45.42,0
43274,0.1211,-0.3657,1.8042,38.2748,-71.7863,-10.4580,45.38,0
43284,0.0513,-0.3613,1.8223,35.8473,-69.0840,-6.6870,45.38,0
43294,0.0073,-0.3765,1.8223,30.3206,-79.0076,-6.0916,45.52,0
43304,0.0581,-0.4023,1.8364,23.9084,-87.7405,-5.6641,45.33,0
43314,0.1558,-0.4541,1.8149,24.9008,-89.3588,-10.5191,45.52,0
43324,0.2339,-0.5088,1.8525,36.3053,-81.0229,-24.9313,45.42,0
43334,0.3228,-0.5166,1.8770,52.8092,-67.8626,-39.3282,45.42,0
43344,0.3423,-0.4966,1.9248,66.0458,-48.8244,-49.1908,45.42,0
43354,0.2705,-0.4580,1.9336,69.7252,-33.6183,-55.6183,45.38,0
43364,0.1929,-0.4346,1.9297,64.2290,-25.9084,-58.2748,45.52,0
43374,0.1128,-0.3823,1.8984,53.6489,-27.6183,-54.6412,45.61,0
43384,0.0986,-0.3325,1.8467,39.5420,-42.8397,-43.6947,45.38,0
43394,0.1533,-0.3477,1.8115,30.3359,-73.4809,-16.4122,45.42,0
43404,0.2603,-0.3677,1.8008,27.7405,-100.3817,16.6565,45.52,0
43414,0.4004,-0.3662,1.8164,29.1145,-112.1679,31.6947,45.38,0
43424,0.4043,-0.4595,1.8691,35.9847,-95.9695,26.9771,45.42,0
43434,0.3804,-0.4482,1.8965,48.1069,-70.0916,3.9237,45.42,0
43444,0.3086,-0.4160,1.8926,57.8779,-46.0916,-23.8779,45.33,0
43454,0.2251,-0.3506,1.8452,62.8550,-26.1832,-47.0382,45.61,0
43464,0.1489,-0.3179,1.7988,64.3511,-27.2672,-55.9847,45.38,0
43474,0.1787,-0.2427,1.7510,64.0763,-53.6641,-38.5038,45.57,0
43484,0.2319,-0.1528,1.7310,60.2290,-83.6336,-4.4275,45.33,0
43494,0.3076,-0.1499,1.7593,51.2672,-106.3664,22.6870,45.33,0
43504,0.3784,-0.2119,1.7988,42.4580,-117.1908,35.4198,45.52,0
43514,0.4629,-0.2920,1.8198,40.8244,-111.7710,29.4504,45.38,0
43524,0.5332,-0.3423,1.8228,51.4046,-87.0992,6.2137,45.42,0
43534,0.5332,-0.3364,1.8398,68.6107,-57.9237,-22.2443,45.38,0
43544,0.4971,-0.2910,1.8408,84.3817,-36.3664,-41.4046,45.38,0
43554,0.4092,-0.2261,1.8716,91.9237,-32.7786,-43.8626,45.38,0
43564,0.3384,-0.1606,1.8633,88.3206,-44.6107,-34.7939,45.33,0
43574,0.2920,-0.1436,1.8784,75.0382,-65.3740,-19.6031,45.38,0
43584,0.3657,-0.0781,1.8682,55.9542,-94.1985,-1.5573,45.38,0
43594,0.4673,-0.1309,1.8506,38.3359,-115.3588,15.4656,45.57,0
43604,0.5781,-0.2017,1.8623,30.9771,-116.2901,18.4122,45.38,0
43614,0.6831,-0.2422,1.8789,40.0916,-98.2748,3.8015,45.52,0
43624,0.6445,-0.2441,1.8887,57.0992,-68.2443,-19.9695,45.52,0
43634,0.5728,-0.2192,1.8896,74.5649,-48.2748,-43.5267,45.38,0
43644,0.5400,-0.1538,1.9087,86.6565,-41.9237,-53.3435,45.38,0
43654,0.5469,-0.0825,1.8848,91.5267,-45.5115,-49.2519,45.38,0
43664,0.5459,-0.0552,1.8911,88.4275,-54.2137,-37.8931,45.42,0
43674,0.5654,-0.0137,1.8955,77.2824,-61.7710,-22.4733,45.52,0
43684,0.5620,-0.0137,1.9121,58.4427,-68.9618,-9.9695,45.38,0
43694,0.5708,-0.0459,1.8711,42.3817,-73.6489,-7.1450,45.42,0
43704,0.6387,-0.1040,1.8574,39.6794,-73.5573,-17.1756,45.61,0
43714,0.7295,-0.1064,1.8350,54.8550,-67.5878,-30.8244,45.61,0
43724,0.7827,-0.0830,1.8677,75.3282,-52.3053,-44.0916,45.42,0
43734,0.7603,-0.0591,1.9043,90.3511,-38.6870,-52.8855,45.33,0
43744,0.6724,0.0044,1.9287,94.3053,-31.9389,-57.9237,45.33,0
43754,0.6470,0.0737,1.9116,85.0992,-33.0229,-59.5115,45.38,0
43764,0.6504,0.1113,1.9160,70.1985,-39.6183,-51.5267,45.38,0
43774,0.6812,0.1460,1.8774,53.2977,-47.5725,-35.2977,45.52,0
43784,0.7026,0.1133,1.8711,41.4198,-60.7786,-16.9160,45.38,0
43794,0.6958,0.1035,1.8462,33.0992,-64.9313,-8.7023,45.38,0
43804,0.6782,0.0669,1.8398,29.8321,-67.9695,-12.0153,45.42,0
43814,0.6836,0.0864,1.8105,31.4351,-71.2672,-15.4198,45.19,0
43824,0.7275,0.1226,1.7856,32.8397,-67.6641,-14.3359,45.05,0
43834,0.7505,0.1348,1.8135,28.6260,-60.5344,-13.0992,45.38,0
43844,0.7598,0.1250,1.8447,23.4351,-55.5420,-13.2672,45.38,0
43854,0.7368,0.1406,1.8467,17.2824,-55.3740,-16.3511,45.52,0
43864,0.7354,0.1089,1.8462,14.3969,-61.7863,-21.4809,45.33,0
43874,0.8018,0.0815,1.8594,15.5115,-74.5191,-23.2977,45.33,0
43884,0.8423,0.0947,1.8345,21.4656,-74.2901,-19.6489,45.61,0
43894,0.9062,0.1050,1.8428,26.0458,-67.2366,-19.9084,45.38,0
43905,0.8638,0.0854,1.8462,24.7023,-55.9847,-20.0305,45.38,0
43914,0.8213,0.0874,1.8364,18.3206,-45.2824,-25.7557,45.52,0
43924,0.7944,0.0552,1.8188,12.1221,-43.0229,-33.3740,45.52,0
43934,0.7798,0.0713,1.7852,13.8931,-45.5725,-37.6031,45.61,0
43944,0.8545,0.1016,1.7651,17.9084,-49.3435,-36.4275,45.52,0
43954,0.9141,0.0513,1.7617,30.6565,-61.9542,-29.1298,45.42,0
43964,0.9897,0.0581,1.7612,47.8779,-67.8779,-17.1450,45.24,0
43974,1.0151,0.0830,1.8042,60.4885,-63.6794,-10.9008,45.38,0
43984,0.9658,0.0830,1.8657,61.6794,-53.6641,-14.4580,45.33,0
43994,0.9312,0.1416,1.8838,50.5344,-42.2748,-22.3969,45.38,0
44004,0.8750,0.1885,1.8833,32.5344,-38.2748,-28.3053,45.19,0
44014,0.8901,0.1768,1.8242,14.0305,-41.5420,-28.8550,45.52,0
44024,0.9263,0.1665,1.7764,7.1603,-44.9771,-25.6794,45.24,0
44034,0.9478,0.1250,1.7485,9.3282,-46.5954,-23.5725,45.24,0
44044,0.9780,0.0986,1.7290,19.9084,-59.1450,-20.6107,45.24,0
44054,1.0410,0.1436,1.7212,36.3664,-58.6718,-14.0153,45.24,0
44064,1.0591,0.1904,1.7656,48.1527,-49.8626,-15.3893,45.38,0
44074,1.0361,0.1880,1.8052,50.4733,-36.8550,-25.3435,45.42,0
44084,1.0054,0.2051,1.8398,43.9084,-26.1221,-36.9313,45.42,0
44094,0.9995,0.1812,1.8394,31.6947,-19.3740,-42.3969,45.24,0
44104,0.9751,0.1816,1.8052,18.6412,-19.2977,-42.7634,45.33,0
44114,0.9443,0.1553,1.7622,9.8626,-23.4962,-39.8473,45.33,0
44124,0.9194,0.1475,1.7080,7.2214,-35.0840,-33.7863,45.24,0
44134,0.9434,0.1709,1.6816,9.8015,-49.1908,-22.5344,45.52,0
44144,0.9707,0.1875,1.6479,13.4504,-55.6641,-8.8244,45.52,0
44154,0.9561,0.1714,1.6431,15.6641,-57.9237,-0.1679,45.38,0
44164,0.9009,0.1587,1.6299,16.6412,-57.7710,-1.1756,45.38,0
44174,0.8877,0.1670,1.6128,17.1450,-55.3130,-11.0076,45.52,0
44184,0.9292,0.1646,1.5806,22.0458,-51.1908,-20.6870,45.24,0
44194,0.9707,0.1538,1.5688,30.1679,-49.3130,-25.8321,45.52,0
44204,1.0015,0.1787,1.5645,41.9542,-47.1908,-26.3511,45.38,0
44214,1.0278,0.2080,1.5903,53.2672,-46.8244,-27.3740,45.24,0
44224,1.0039,0.2505,1.6460,59.4198,-47.0687,-29.6183,45.38,0
44234,0.9873,0.3032,1.6631,57.6031,-48.8092,-30.3664,45.38,0
44244,1.0503,0.3838,1.6821,44.2595,-51.6031,-29.1145,45.38,0
44254,1.0591,0.3535,1.6860,27.9847,-56.4427,-22.0763,45.52,0
44264,1.0503,0.3394,1.6665,15.3588,-61.0992,-18.3053,45.52,0
44274,1.0732,0.2998,1.6724,10.5191,-67.1450,-17.4962,45.42,0
44284,1.1084,0.2842,1.6699,13.3282,-69.3588,-18.7634,45.38,0
44294,1.1509,0.2744,1.6631,20.4580,-67.2061,-21.9695,45.38,0
44304,1.1953,0.2573,1.6777,27.7252,-57.6183,-25.5573,45.42,0
44314,1.2104,0.2593,1.7188,31.5878,-47.3282,-30.5802,45.38,0
44324,1.2178,0.2734,1.7124,31.3282,-39.1603,-30.0916,45.52,0
44334,1.1875,0.2925,1.7227,25.4809,-37.2824,-26.5191,45.24,0
44344,1.1489,0.2993,1.7271,15.5420,-38.7634,-20.1679,45.24,0
44354,1.1230,0.2837,1.7080,5.4809,-47.4351,-15.5573,45.38,0
44364,1.1426,0.2637,1.6665,1.2824,-51.1298,-14.2595,45.38,0
44374,1.1646,0.2739,1.6431,6.4885,-54.8244,-15.8779,45.61,0
44384,1.2266,0.2896,1.6104,16.3206,-57.1298,-13.8473,45.42,0
44394,1.2681,0.3057,1.6338,25.6641,-54.6870,-9.2061,45.42,0
44404,1.2925,0.3130,1.6333,28.4427,-45.7099,-7.4198,45.38,0
44414,1.2437,0.3384,1.6396,25.7252,-38.4427,-8.2901,45.52,0
44424,1.2017,0.3457,1.6240,19.1756,-36.2290,-9.0687,45.38,0
44434,1.1753,0.3545,1.5908,12.4275,-39.4198,-8.7328,45.52,0
44444,1.1592,0.3486,1.5767,8.5649,-46.4580,-7.2824,45.52,0
44454,1.1777,0.3560,1.5298,7.2519,-58.9313,-2.8397,45.42,0
44464,1.1851,0.3413,1.5146,8.3511,-72.9313,3.7557,45.52,0
44474,1.2397,0.3027,1.4922,16.3817,-79.9389,3.8015,45.24,0
44484,1.3018,0.3188,1.4907,31.5725,-75.4962,-1.8779,45.24,0
44494,1.3701,0.3374,1.5220,46.3817,-53.0382,-9.9237,45.75,0
44504,1.4419,0.3794,1.5635,53.1450,-29.4046,-19.7557,45.24,0
44514,1.3491,0.3838,1.6021,51.2061,-10.7939,-25.2824,45.09,0
44524,1.3057,0.3774,1.6353,43.2672,-6.3359,-26.9160,45.38,0
44534,1.3096,0.3843,1.6060,32.1985,-11.6489,-23.2061,45.42,0
44544,1.3081,0.3779,1.6045,27.2366,-16.6260,-17.0229,45.33,0
44554,1.3291,0.3613,1.6021,24.1221,-22.1832,-9.7405,45.52,0
44564,1.3438,0.3647,1.5693,23.1450,-24.5954,-2.8244,45.24,0
44574,1.3032,0.3931,1.5508,23.2366,-25.9237,2.1069,45.42,0
44584,1.2573,0.4077,1.5146,21.7557,-28.4733,3.3588,45.61,0
44594,1.2437,0.4390,1.4995,18.2595,-27.4962,2.5038,45.24,0
44604,1.2271,0.4272,1.4771,13.6947,-26.6565,3.9695,45.38,0
44614,1.1997,0.4248,1.4619,9.5573,-26.5802,4.6412,45.42,0
44624,1.1709,0.4224,1.4502,7.5115,-33.8473,5.8168,45.52,0
44634,1.1597,0.4248,1.4541,5.7710,-42.8244,8.8702,45.42,0
44644,1.1812,0.4312,1.4497,5.9389,-54.5344,11.6794,45.38,0
44654,1.2114,0.4316,1.4468,7.6489,-62.1985,12.4275,45.38,0
44664,1.2710,0.4102,1.4561,9.0992,-65.2061,12.4580,45.33,0
44674,1.3496,0.3843,1.4731,11.4198,-61.1450,11.0534,45.57,0
44684,1.3862,0.3901,1.4902,13.2977,-50.9466,7.4656,45.38,0
44694,1.3813,0.3804,1.5024,13.5573,-42.7939,3.2214,45.38,0
44704,1.3564,0.3540,1.5049,10.9618,-39.8473,3.4504,45.38,0
44714,1.4141,0.3936,1.4424,6.9160,-46.3511,3.1908,45.09,0
44724,1.3813,0.3550,1.4536,5.0534,-43.6641,6.8244,45.24,0
44734,1.3989,0.3555,1.4448,6.0611,-43.4809,6.7328,45.42,0
44744,1.4219,0.3618,1.4390,7.0687,-37.6641,2.5191,45.33,0
44754,1.4268,0.3984,1.4580,8.6718,-27.8321,-2.4580,45.33,0
44764,1.4097,0.3882,1.4717,7.8779,-21.6641,-5.6947,45.42,0
44774,1.4502,0.4150,1.4653,7.3130,-19.3130,-6.9618,45.24,0
44784,1.4668,0.4214,1.4473,7.1603,-13.6031,-4.3053,45.33,0
44794,1.4556,0.4087,1.4551,7.9695,-11.4962,-1.8931,45.38,0
44804,1.4443,0.4033,1.4575,3.6641,-9.9237,0.0153,45.52,0
44814,1.4282,0.3770,1.4634,-0.5802,-10.6718,1.6794,45.38,0
44824,1.4053,0.3633,1.4277,-2.5802,-12.3969,2.9008,45.38,0
44834,1.4194,0.3540,1.3892,-3.4962,-13.4351,5.8321,45.38,0
44844,1.4199,0.3535,1.3867,0.8550,-11.5420,8.5038,45.38,0
44854,1.3994,0.3618,1.3838,5.8168,-7.5878,8.8397,45.52,0
44864,1.3540,0.3770,1.3867,7.6641,-5.0992,4.6718,45.52,0
44874,1.3423,0.3960,1.3960,6.5038,-5.9542,-1.1298,45.33,0
44884,1.3442,0.4189,1.3838,5.0687,-5.9695,-5.3740,45.38,0
44894,1.3501,0.4150,1.3887,3.1450,-8.5344,-5.3130,45.52,0
44904,1.3701,0.3872,1.3799,2.0000,-11.4962,-4.0763,45.52,0
44914,1.3994,0.3823,1.3955,2.8244,-14.7786,-0.2443,45.61,0
44924,1.3843,0.3682,1.3804,4.7634,-17.2366,3.5878,45.52,0
44934,1.3994,0.3506,1.3804,5.6031,-18.8092,4.7328,45.33,0
44944,1.4229,0.3325,1.4043,7.0382,-13.3435,2.7634,45.61,0
44954,1.4341,0.3457,1.3838,11.3740,-6.5344,-1.5267,45.38,0
44964,1.4253,0.3550,1.4150,16.3664,-2.1832,-4.6718,45.19,0
44974,1.4565,0.3696,1.4033,17.1298,2.3511,-5.7252,45.42,0
44984,1.4165,0.3730,1.4185,17.2061,5.1298,-5.2214,45.61,0
44994,1.3877,0.3838,1.3945,16.6870,4.9160,-3.9542,45.57,0
45004,1.3672,0.3911,1.3960,13.3893,-0.1527,-4.7023,45.57,0
45014,1.3809,0.3696,1.3882,8.0305,-2.3206,-5.6641,45.42,0
45024,1.4082,0.3066,1.4595,3.8015,-5.6641,-3.9695,45.24,1
45034,1.4243,0.3828,1.3267,3.0382,-5.9542,0.1221,45.38,1
45044,1.4102,0.3828,1.3911,3.2672,-2.3206,0.9160,45.38,1
45054,1.4033,0.3975,1.3950,4.9008,0.5191,-0.6260,45.24,1
45064,1.4067,0.4102,1.3901,6.5954,4.2901,-1.3435,45.38,1
45074,1.3721,0.4058,1.4146,8.7786,4.0153,-1.6794,45.42,1
45084,1.3613,0.3887,1.4131,9.6031,-0.5191,-2.6565,45.52,1
45094,1.3838,0.3960,1.4116,9.5725,-3.6641,-3.3130,45.42,1
45104,1.4243,0.4009,1.4131,9.5267,-1.0534,-2.5954,45.33,1
45114,1.4229,0.4282,1.4097,9.5573,1.7405,-0.9008,45.24,1
45124,1.4067,0.4277,1.4321,6.4733,2.2443,-0.7786,45.24,1
45134,1.3726,0.4385,1.4224,1.8321,1.0229,-0.9160,45.52,1
45144,1.3540,0.4390,1.4180,-2.0611,0.3511,-1.5878,45.38,1
45154,1.3232,0.4160,1.3877,-2.3969,-5.7252,-1.5725,45.52,1
45164,1.3521,0.3804,1.3540,0.0916,-13.7863,-0.0305,45.38,1
45174,1.4058,0.3501,1.3301,5.6641,-15.8779,3.7099,45.61,1
45184,1.4014,0.3232,1.3242,14.3359,-18.0000,8.8855,45.52,1
45194,1.4243,0.3213,1.3091,21.8015,-20.4733,11.5420,45.42,1
45204,1.4209,0.3535,1.3237,26.9008,-20.1985,10.9160,45.61,1
45214,1.4170,0.3418,1.3501,27.4809,-18.1374,6.1069,45.33,1
45224,1.4048,0.1362,1.0532,31.9847,5.9084,0.2290,45.52,0
45234,1.5293,0.4282,1.2515,23.2977,-7.9237,-6.5649,45.71,0
45244,1.4028,0.3848,1.4175,19.8321,-4.3817,-9.8626,45.33,0
45254,1.4312,0.4282,1.4146,18.2290,-0.7634,-8.4122,45.42,0
45264,1.4360,0.4277,1.4136,14.3817,-3.2061,-7.4198,45.38,0
45274,1.4233,0.4150,1.4077,8.1221,-5.5725,-4.9618,45.71,0
45284,1.4395,0.3940,1.3887,1.8931,-10.7023,-1.5115,45.38,0
45294,1.4546,0.3809,1.3486,0.0305,-13.3130,3.5115,45.75,0
45304,1.4585,0.3604,1.3472,1.5267,-13.3740,8.1069,45.52,0
45314,1.4189,0.3301,1.3677,3.4504,-8.4122,9.2061,45.61,0
45324,1.4858,0.3892,1.3457,3.8321,-5.6031,4.5191,45.38,0
45334,1.4648,0.3877,1.3604,4.2443,0.0763,3.3893,45.52,0
45344,1.4512,0.4043,1.3770,5.9542,4.6718,3.3130,45.24,0
45354,1.4272,0.4175,1.3784,5.0992,3.1450,4.8550,45.38,0
45364,1.4048,0.4146,1.3613,4.5038,2.6870,4.7634,45.33,0
45374,1.3735,0.4170,1.3501,3.8626,-0.4427,4.9313,45.38,0
45384,1.3633,0.4189,1.3389,1.7252,-3.2061,5.6489,45.38,0
45394,1.3545,0.4380,1.3423,-0.8702,-5.9084,6.3206,45.09,0
45404,1.3687,0.4116,1.3442,-1.6947,-7.8779,4.6718,45.38,0
45414,1.3877,0.4106,1.3359,-0.0153,-5.2214,1.1298,45.52,0
45424,1.4004,0.3940,1.3369,2.3359,-3.1145,-2.6412,45.61,0
45434,1.4287,0.3896,1.3506,5.0382,-2.2443,-4.3359,45.38,0
45444,1.4639,0.3574,1.3486,6.6870,0.7328,-6.2595,45.38,0
45454,1.4688,0.3545,1.3447,10.6718,0.4427,-2.9466,45.61,0
45464,1.4658,0.3535,1.3359,14.3969,-0.7939,0.8397,45.24,0
45474,1.4600,0.3384,1.3418,14.1069,-3.6336,2.4733,45.38,0
45484,1.4937,0.3716,1.3491,13.4504,-1.5878,2.3969,45.33,0
45494,1.4712,0.3745,1.3545,13.9542,2.9008,1.7405,45.38,0
45504,1.4316,0.3931,1.3677,13.4656,3.5878,0.1679,45.52,0
45514,1.4126,0.4087,1.3657,12.0611,2.4885,-0.9313,45.24,0
45524,1.4033,0.4243,1.3594,8.4427,0.4275,-1.0992,45.42,0
45534,1.4302,0.4292,1.3379,5.6183,0.9008,0.8550,45.52,0
45544,1.4116,0.4141,1.3628,5.5420,1.1450,3.8626,45.24,0
45554,1.3965,0.3794,1.3682,6.5954,-0.1832,2.8702,45.61,0
45564,1.3926,0.3643,1.3696,6.9771,-0.9618,0.1527,45.38,0
45574,1.3950,0.3760,1.3574,7.4809,-1.8931,-3.0076,45.61,0
45584,1.4165,0.3784,1.3579,8.1374,-6.5649,-3.3740,45.42,0
45594,1.4780,0.4019,1.3208,8.2595,-4.4427,-0.8397,45.52,0
45604,1.4946,0.4248,1.3252,11.6489,3.5115,3.2061,45.38,0
45614,1.4253,0.4121,1.3545,14.9160,7.0534,3.1145,45.42,0
45624,1.3887,0.4077,1.3809,13.7405,3.7710,0.5802,45.38,0
45634,1.3872,0.4087,1.3750,10.9160,0.8550,-3.8931,45.38,0
45644,1.3818,0.4258,1.3657,7.8626,-2.4122,-5.5725,45.42,0
45654,1.3809,0.4150,1.3730,6.0153,-8.6107,-4.8092,45.42,0
45664,1.4170,0.4028,1.3467,3.3282,-11.2366,-4.7328,45.38,0
45674,1.4580,0.4209,1.3408,2.2443,-8.1527,-4.4580,45.52,0
45684,1.4761,0.4053,1.3530,5.8779,-1.9389,-2.5038,45.42,0
45694,1.4429,0.3950,1.3467,8.3053,0.0763,-0.7176,45.57,0
45704,1.4160,0.3730,1.3613,8.1069,-2.6260,0.7786,45.38,0
45714,1.3989,0.3794,1.3369,6.6870,-4.6412,-0.5038,45.24,0
45724,1.4165,0.3716,1.3096,5.5420,-6.2901,-1.9695,45.52,0
45734,1.4272,0.3823,1.3062,8.1527,-4.4122,-3.3282,45.42,0
45744,1.4282,0.3896,1.2920,13.6794,-5.0992,-3.1450,45.38,0
45754,1.4272,0.4062,1.3164,16.8244,-3.5115,-4.3817,45.24,0
45765,1.4365,0.4189,1.3477,16.4122,-0.9466,-7.1908,45.61,0
45774,1.4292,0.4116,1.3682,13.9084,-3.6031,-8.5038,45.42,0
45784,1.4595,0.4180,1.3770,9.4351,-5.0687,-6.0763,45.42,0
45794,1.4443,0.4028,1.3750,7.2366,-8.7176,-2.5344,45.52,0
45804,1.4575,0.3989,1.3677,5.0534,-11.8015,0.8550,45.61,0
45814,1.5259,0.3979,1.3413,5.5573,-6.0763,4.8702,45.42,0
45824,1.4819,0.3975,1.3472,8.5344,2.1374,5.7557,45.19,0
45834,1.4243,0.3774,1.3667,8.6718,4.4275,2.5496,45.52,0
45844,1.3979,0.3945,1.3521,7.0534,1.2672,-1.8168,45.42,0
45854,1.3979,0.4067,1.3276,6.4885,-0.6718,-2.9466,45.19,0
45864,1.4219,0.4360,1.3052,7.0076,-3.4351,-0.2748,45.38,0
45874,1.4224,0.4355,1.3135,8.9160,-7.1756,4.5802,45.52,0
45884,1.3872,0.4180,1.3086,9.8626,-9.2061,5.6336,45.38,0
45894,1.3955,0.4072,1.3223,10.2595,-12.0611,1.4046,45.52,0
45904,1.4214,0.4092,1.3315,11.4198,-9.7099,-4.2290,45.52,0
45914,1.4370,0.4053,1.3374,14.0000,-8.0000,-7.5267,45.71,0
45924,1.4521,0.4141,1.3394,16.8092,-9.0229,-8.6718,45.33,0
45934,1.4697,0.4209,1.3418,19.0687,-9.0229,-9.4809,45.38,0
45944,1.4565,0.4448,1.3452,20.1527,-8.6870,-8.5191,45.52,0
45954,1.4277,0.4492,1.3438,18.3053,-12.6565,-7.4962,45.52,0
45964,1.3999,0.4614,1.3374,17.2214,-20.8550,-8.1832,45.61,0
45974,1.4136,0.4692,1.3149,14.2595,-25.0840,-9.5725,45.33,0
45984,1.5083,0.4497,1.2861,10.6565,-16.6870,-9.9389,45.42,0
45994,1.5200,0.4150,1.2993,11.1450,-5.1450,-7.8321,45.57,0
46004,1.5229,0.3867,1.3062,11.9237,-1.4198,-4.9771,45.52,0
46014,1.5073,0.3950,1.3291,13.4504,-1.7405,-1.0534,45.38,0
46024,1.4902,0.4014,1.3262,14.5649,-1.7710,1.5725,45.33,0
46034,1.4688,0.4204,1.3291,14.1985,-2.2748,1.3130,45.52,0
46045,1.4678,0.4272,1.3301,13.5267,-2.7939,-0.7176,45.33,0
46054,1.4629,0.4409,1.3115,14.4580,-4.1985,-1.0382,45.42,0
46064,1.4580,0.4521,1.3013,14.0305,-6.0305,-0.8244,45.33,0
46074,1.4702,0.4468,1.3149,14.3359,-6.1527,-0.8855,45.61,0
46084,1.4946,0.4531,1.3223,14.5344,1.2366,-2.3053,45.33,0
46094,1.4863,0.4668,1.3628,13.7557,6.3664,-3.4198,45.38,0
46104,1.4824,0.4761,1.3779,10.8550,7.6031,-4.5802,45.42,0
46114,1.4829,0.4668,1.3486,5.0382,7.3588,-4.3664,45.57,0
46124,1.4751,0.4800,1.3208,2.5191,6.2595,0.5649,45.24,0
46134,1.4619,0.4380,1.2969,-0.3511,2.2748,8.1985,45.42,0
46144,1.4419,0.4175,1.2759,-1.5878,-2.7328,13.0229,45.38,0
46154,1.4292,0.4053,1.2686,1.5267,-3.8168,11.6947,45.24,0
46164,1.4233,0.3945,1.2759,4.3817,-2.9771,6.8855,45.33,0
46174,1.4302,0.4014,1.2974,9.4962,-0.2901,-0.3817,45.57,0
46184,1.4492,0.4170,1.3013,13.6489,1.5573,-5.7099,45.24,0
46194,1.4854,0.4414,1.3154,15.8779,2.0611,-6.5496,45.38,0
46204,1.5342,0.4688,1.3101,18.7023,9.1145,-5.7557,45.61,0
46215,1.5151,0.4897,1.3672,19.4198,14.3359,-6.1374,45.52,0
46224,1.5117,0.4907,1.3755,15.2672,16.9313,-8.8244,45.33,0
46234,1.4956,0.4922,1.3916,8.5802,17.5114,-9.2672,45.42,0
46244,1.5239,0.4927,1.3862,2.6718,14.9771,-6.8855,45.38,0
46254,1.5410,0.4883,1.3716,-2.0763,12.9924,-0.5038,45.38,0
46264,1.5552,0.4692,1.3589,-5.2519,14.2901,6.2901,45.24,0
46274,1.5420,0.4463,1.3486,-6.8855,17.3588,9.2977,45.42,0
46284,1.5190,0.4331,1.3584,-6.3053,20.4275,7.6031,45.71,0
46294,1.5210,0.4414,1.3594,-6.3206,26.0763,4.2443,45.61,0
46304,1.5054,0.4614,1.3711,-6.0611,31.0229,1.2672,45.52,0
46314,1.4727,0.4966,1.4053,-7.7099,33.5725,-0.8855,45.24,0
46324,1.4414,0.5293,1.4453,-11.5267,32.8550,-2.0916,45.42,0
46334,1.4360,0.5508,1.4531,-17.5573,26.6412,-3.1603,45.38,0
46344,1.4648,0.5596,1.4692,-24.8855,20.1527,-2.1832,45.42,0
46354,1.5068,0.5405,1.4907,-32.5038,18.3359,-0.1069,45.42,0
46364,1.5967,0.4863,1.4863,-41.4656,22.4733,3.9237,45.38,0
46374,1.6299,0.4707,1.4629,-47.2214,32.1679,11.3588,45.52,0
46384,1.6157,0.4463,1.4824,-51.7252,39.1450,19.2672,45.42,0
46394,1.5703,0.4282,1.4883,-52.8702,42.9160,25.8626,45.24,0
46404,1.5488,0.4434,1.4946,-50.1527,41.2366,28.0305,45.61,0
46414,1.5698,0.4653,1.4990,-46.8855,46.3359,25.8473,45.24,0
46424,1.5859,0.4639,1.5322,-44.0305,56.0611,21.6641,45.38,0
46434,1.5493,0.4712,1.5405,-44.0153,66.4427,15.2519,45.33,0
46444,1.4922,0.4683,1.5786,-46.4275,72.3206,10.0458,45.42,0
46454,1.4663,0.4580,1.6113,-54.5191,69.6794,6.9771,45.33,0
46464,1.5254,0.4585,1.5933,-63.9542,70.9618,8.5802,45.61,0
46474,1.5405,0.4448,1.5815,-67.7557,76.4733,17.2214,45.42,0
46484,1.5234,0.4141,1.5889,-69.4504,77.6641,26.4733,45.52,0
46494,1.5171,0.4121,1.6196,-69.3740,75.8931,32.3969,45.42,0
46504,1.5400,0.4082,1.6406,-70.5496,81.3282,34.1221,45.33,0
46514,1.5229,0.3999,1.6597,-70.2443,96.0916,31.6947,45.33,0
46524,1.4385,0.4019,1.6665,-68.7786,108.5954,26.0000,45.57,0
46534,1.3657,0.4102,1.6733,-67.9695,113.9542,18.3053,45.24,0
46544,1.3174,0.3711,1.6899,-71.5725,113.6031,9.7405,45.52,0
46554,1.3130,0.3081,1.6914,-76.9466,107.4504,4.9313,45.71,0
46564,1.3252,0.2979,1.6572,-82.9924,102.2443,5.3588,45.38,0
46574,1.3291,0.2598,1.6733,-90.0611,93.6183,9.8321,45.42,0
46584,1.3320,0.2363,1.6860,-95.5573,86.5649,18.1069,45.38,0
46594,1.3872,0.2339,1.6675,-100.8702,89.0840,24.8244,45.42,0
46604,1.4185,0.2422,1.6411,-100.4275,104.0611,31.3893,45.33,0
46614,1.3340,0.2056,1.6851,-93.4962,115.0229,35.4351,45.24,0
46624,1.2695,0.1665,1.7061,-85.8321,116.9466,32.1832,45.52,0
46634,1.2607,0.1226,1.7324,-83.4962,115.8473,26.6107,45.42,0
46644,1.3130,0.0728,1.7490,-81.8779,113.8015,23.6336,45.42,0
46654,1.3579,0.0747,1.7666,-81.8626,111.4198,29.0687,45.61,0
46664,1.3540,0.0718,1.8203,-87.0229,109.0229,38.0000,45.38,0
46674,1.3496,0.0889,1.8462,-94.5954,102.1221,45.1756,45.52,0
46684,1.2515,0.0337,1.8535,-104.6107,109.3435,48.8244,45.61,0
46694,1.2769,0.0723,1.7988,-112.3664,123.4351,44.4885,45.52,0
46704,1.2466,0.0571,1.7954,-108.1679,133.2366,44.4427,45.33,0
46714,1.1934,0.0835,1.8022,-99.3740,144.3969,44.3053,45.38,0
46724,1.1230,0.0469,1.8174,-95.6183,149.4351,43.2214,45.42,0
46734,1.0972,0.0386,1.8164,-99.4962,145.0229,40.7786,45.42,0
46744,1.0103,-0.0786,1.8320,-106.7481,144.4580,40.6565,45.42,0
46754,1.0156,-0.0630,1.8291,-116.1679,135.9695,38.7176,45.42,0
46764,1.0146,-0.0723,1.8477,-123.1603,119.9542,43.8015,45.42,0
46774,0.9937,-0.0723,1.8433,-131.2214,114.3359,49.5573,45.38,0
46784,1.0332,-0.0903,1.7949,-137.9389,115.5878,49.6183,45.52,0
46794,1.0376,-0.1548,1.7793,-138.0000,132.4580,47.4198,45.57,0
46804,1.0435,-0.1318,1.7314,-130.0000,152.6412,42.6870,45.33,0
46814,0.9395,-0.1855,1.7754,-122.2901,166.7328,45.6794,45.61,0
46824,0.8350,-0.1694,1.7637,-123.0076,166.2748,45.0076,45.38,0
46834,0.7534,-0.2739,1.7646,-127.8015,163.2366,47.8168,45.33,0
46844,0.7231,-0.2754,1.7339,-136.0611,155.3740,49.8168,45.52,0
46854,0.6694,-0.3247,1.6895,-144.8855,143.2214,52.0153,45.57,0
46864,0.6533,-0.3843,1.6860,-147.0382,131.7099,53.6183,45.42,0
46874,0.6440,-0.3823,1.6445,-141.8931,121.6794,50.2290,45.42,0
46884,0.6782,-0.4268,1.6274,-135.6336,134.4275,46.0611,45.52,0
46894,0.7397,-0.4258,1.6284,-125.4657,155.1298,45.0229,45.61,0
46904,0.6904,-0.4414,1.6548,-116.8397,165.5267,50.4122,45.33,0
46914,0.6240,-0.4487,1.6714,-112.9924,168.9771,53.5267,45.52,0
46924,0.5728,-0.4644,1.6934,-109.8931,164.0305,53.8626,45.38,0
46934,0.5205,-0.4639,1.7026,-108.2748,159.5573,55.2214,45.52,0
46944,0.5107,-0.5249,1.7065,-104.0611,155.0687,52.9466,45.52,0
46954,0.5107,-0.5464,1.6924,-95.1756,154.2443,44.9008,45.33,0
46964,0.4922,-0.6108,1.7451,-86.7786,155.2214,37.5725,45.57,0
46974,0.4873,-0.5835,1.7563,-87.4046,152.4580,32.2901,45.42,0
46984,0.5161,-0.5933,1.7510,-99.3740,149.6031,33.9847,45.19,0
46994,0.5532,-0.6187,1.7241,-116.0305,155.5725,41.9084,45.33,0
47004,0.5679,-0.6489,1.6685,-127.7710,165.7710,55.0534,45.24,0
47014,0.4619,-0.7241,1.6455,-133.5267,167.2519,68.1527,45.52,0
47024,0.3745,-0.7915,1.6069,-133.6641,159.6488,74.1527,45.38,0
47034,0.3081,-0.8242,1.5737,-131.1908,153.1603,79.7863,45.38,0
47044,0.2397,-0.8530,1.5415,-124.4733,141.9847,85.8321,45.38,0
47054,0.1924,-0.8594,1.5273,-115.4351,130.2137,89.3435,45.52,0
47064,0.1504,-0.8599,1.5322,-107.2977,122.7023,88.7328,45.52,0
47074,0.0977,-0.8467,1.5615,-102.4122,113.9847,82.4427,45.38,0
47084,0.0693,-0.8584,1.5249,-100.6718,109.2214,74.4275,45.38,0
47094,0.0811,-0.8662,1.4697,-102.3969,110.9313,65.6183,45.42,0
47104,0.1196,-0.9565,1.4473,-104.9160,121.9695,65.6031,45.33,0
47114,0.1567,-0.9619,1.4048,-101.4504,128.9313,70.0153,45.61,0
47124,0.1523,-0.9741,1.3882,-91.4351,128.0000,81.4046,45.38,0
47134,0.1025,-0.9658,1.3862,-82.1374,127.6336,93.5878,45.52,0
47144,0.0127,-0.9604,1.3813,-75.1603,126.5038,101.3893,45.52,0
47154,-0.0859,-0.9697,1.4136,-69.4504,123.8779,105.8015,45.61,0
47164,-0.1499,-0.9302,1.3691,-64.3053,109.8015,97.4962,45.42,0
47174,-0.2280,-0.9751,1.3921,-59.9084,107.0076,94.7481,45.38,0
47184,-0.2231,-0.9497,1.4023,-55.6183,97.7710,90.1832,45.38,0
47194,-0.1978,-0.9458,1.4238,-52.6565,92.5649,78.4427,45.38,0
47204,-0.1011,-0.9580,1.4326,-50.7634,106.4885,67.2366,45.38,0
47214,-0.0610,-0.9702,1.4287,-47.0840,118.8244,60.4427,45.38,0
47224,-0.0415,-0.9917,1.4019,-44.0611,130.7786,66.4733,45.38,0
47234,-0.0762,-1.0063,1.3838,-41.6183,131.9542,83.9542,45.42,0
47244,-0.1895,-1.0376,1.3730,-39.2672,127.9695,104.1374,45.38,0
47254,-0.3271,-1.0220,1.3447,-40.0153,117.9084,120.5191,45.57,0
47264,-0.4131,-1.0688,1.3325,-39.6183,103.4046,124.9313,45.38,0
47274,-0.4614,-1.0244,1.3652,-38.9771,95.7863,119.8931,45.42,0
47284,-0.4424,-1.0122,1.3608,-38.3206,98.8092,109.5725,45.38,0
47294,-0.3521,-1.0000,1.3813,-43.4809,117.3588,95.6183,45.42,0
47304,-0.3315,-0.9800,1.3784,-49.3740,154.1679,80.4885,45.42,0
47314,-0.3818,-0.9536,1.4053,-54.3359,183.6031,66.9313,45.52,0
47324,-0.4854,-0.9805,1.3818,-56.0305,199.3893,59.3282,45.71,0
47334,-0.5347,-1.0063,1.3618,-54.4275,200.9924,58.9924,45.38,0
47344,-0.6323,-0.9766,1.2764,-44.7023,200.0153,64.9466,45.52,0
47354,-0.6987,-1.0649,1.2305,-30.0305,192.0153,67.3588,45.38,0
47364,-0.7686,-1.0889,1.1489,-13.6794,189.0840,65.8931,45.33,0
47374,-0.8472,-1.0762,1.1025,-0.1527,185.4962,62.1527,45.52,0
47384,-0.9067,-1.1084,1.0762,10.9466,183.2519,49.3588,45.33,0
47394,-0.8926,-1.1172,0.9932,21.1450,196.8550,28.3053,45.24,0
47404,-0.9019,-1.0977,0.9390,36.5344,216.5496,15.6794,45.38,0
47414,-1.0630,-1.0933,0.8750,46.7634,229.6336,0.1221,45.24,0
47424,-1.1890,-1.0566,0.8862,48.4733,220.0611,-6.1679,45.52,0
47434,-1.2900,-1.0220,0.8550,47.1756,194.8550,-3.9237,45.38,0
47444,-1.3496,-0.9536,0.8276,42.4122,163.2214,4.1527,45.38,0
47454,-1.3784,-0.8989,0.8149,33.6336,127.9542,13.3282,45.38,0
47464,-1.3843,-0.8481,0.8203,22.1679,95.6183,21.3435,45.52,0
47474,-1.3628,-0.8652,0.8335,8.2290,69.5573,24.7939,45.09,0
47484,-1.2617,-0.9243,0.8379,-5.8473,60.5802,25.2366,45.38,0
47494,-1.2192,-0.9746,0.8335,-10.6107,59.5267,20.5649,45.61,0
47504,-1.2227,-1.0107,0.8267,-7.4962,62.5954,10.4427,45.42,0
47514,-1.2412,-1.0518,0.8574,2.1069,63.4809,0.7786,45.33,0
47524,-1.2563,-1.0542,0.8892,12.4122,57.4351,-11.3893,45.24,0
47534,-1.2524,-1.0386,0.9165,25.7557,45.9695,-21.5420,45.52,0
47544,-1.2378,-0.9878,0.9976,34.9008,30.3206,-20.7786,45.24,0
47554,-1.1909,-0.9829,1.0459,34.9924,12.2748,-14.0000,45.42,0
47564,-1.1553,-0.9644,1.0962,27.7863,-0.8092,-6.9924,45.42,0
47574,-1.0679,-0.9731,1.1396,17.4656,-10.1221,-0.9008,45.38,0
47584,-0.9863,-0.9805,1.1753,8.2748,-6.2137,2.8244,45.57,0
47594,-0.9546,-1.0400,1.2197,6.8855,0.0305,5.1298,45.38,0
47604,-0.9648,-1.0596,1.2354,8.4580,6.8702,4.4733,45.24,0
47614,-1.0088,-1.0811,1.2505,13.8626,10.7176,1.3435,45.57,0
47624,-1.0264,-1.0649,1.2715,21.3435,9.4198,-3.6794,45.38,0
47634,-1.0386,-1.0132,1.2612,26.1374,7.6183,-6.7786,45.38,0
47644,-1.0098,-0.9976,1.2852,26.3206,3.2214,-7.0382,45.38,0
47654,-0.9966,-0.9819,1.2671,20.7023,0.7328,-6.0000,45.38,0
47664,-1.0210,-0.9531,1.2651,11.8473,-2.3664,-0.1985,45.38,0
47674,-1.0254,-0.9458,1.2417,-0.1221,-7.4809,9.0992,45.38,0
47684,-1.0522,-0.9697,1.2017,-10.0763,-13.8931,16.4427,45.38,0
47694,-1.0132,-1.0249,1.1895,-15.3130,-13.4504,17.9847,45.38,0
47704,-1.0073,-1.0454,1.1836,-12.9466,-7.7710,10.5344,45.42,0
47714,-0.9561,-1.0801,1.1714,-5.3588,5.1298,-1.6183,45.52,0
47724,-0.9863,-1.0771,1.1885,5.5115,17.8015,-11.6794,45.24,0
47734,-1.0195,-1.0664,1.2036,15.3893,21.4046,-18.3817,45.42,0
47744,-1.0195,-1.0200,1.2280,20.9924,16.9771,-18.8397,45.38,0
47754,-1.0117,-0.9849,1.2275,20.5954,10.7176,-12.5649,45.52,0
47764,-1.0244,-0.9604,1.2070,14.0305,3.0534,-4.0153,45.38,0
47774,-1.0303,-0.9673,1.1772,5.1756,-0.9771,5.0229,45.42,0
47784,-1.0327,-0.9868,1.1396,-1.0687,-1.8931,10.8550,45.33,0
47794,-1.0601,-1.0337,1.1216,-1.9084,-2.3511,8.1832,45.61,0
47804,-1.0405,-1.0630,1.1431,2.5344,2.8397,-0.4427,45.42,0
47814,-1.0483,-1.0830,1.1602,9.3282,8.0458,-11.4656,45.24,0
47824,-1.0176,-1.1084,1.1660,19.2672,15.3130,-23.5420,45.38,0
47834,-1.0073,-1.1011,1.2095,27.5878,18.6565,-32.3511,45.38,0
47844,-0.9912,-1.0796,1.2217,33.7252,12.3053,-30.2290,45.52,0
47854,-0.9663,-1.0488,1.2593,35.7557,2.0305,-22.7481,45.52,0
47864,-0.9121,-1.0366,1.2739,31.9542,-9.3893,-13.2061,45.24,0
47874,-0.8828,-1.0444,1.2979,23.8626,-12.9160,-5.0687,45.71,0
47884,-0.8701,-1.0552,1.2979,14.9618,-10.8244,1.8015,45.42,0
47894,-0.8809,-1.0845,1.3057,9.9695,-7.2824,3.9695,45.38,0
47904,-0.9023,-1.0576,1.2842,7.6489,0.2901,1.2366,45.38,0
47914,-0.8989,-1.0469,1.2856,5.4809,10.9771,-3.7863,45.38,0
47924,-0.9565,-1.0498,1.2886,4.5038,15.4351,-5.6489,45.52,0
47934,-0.9790,-1.0400,1.2534,1.8626,15.4351,-6.5649,45.38,0
47944,-1.0000,-1.0171,1.2515,-0.3969,13.7099,-3.6336,45.38,0
47954,-1.0171,-1.0322,1.2241,-1.1298,7.4809,1.0534,45.42,0
47964,-1.0269,-1.0356,1.2129,-0.7481,1.6183,5.2366,45.38,0
47974,-1.0400,-1.0562,1.1758,-0.5038,-5.6794,6.7786,45.38,0
47984,-1.0332,-1.0703,1.1655,-0.8855,-9.7710,8.3969,45.52,0
47994,-1.0273,-1.0977,1.1641,-1.1908,-12.5954,8.3359,45.61,0
48004,-0.9966,-1.0854,1.1382,0.3053,-10.6565,5.3588,45.42,0
48014,-0.9585,-1.0928,1.1538,3.8473,-5.0687,0.8702,45.24,0
48024,-0.9536,-1.0781,1.1680,9.2672,5.4198,-4.4122,45.61,0
48034,-0.9663,-1.0688,1.1592,16.0153,10.7176,-8.5954,45.33,0
48044,-1.0029,-1.0303,1.1699,20.9313,12.5496,-8.1069,45.38,0
48054,-1.0312,-1.0103,1.1826,24.9771,5.7099,-4.1985,45.57,0
48064,-1.0522,-1.0068,1.1855,25.2061,-2.1069,-0.6870,45.52,0
48074,-1.0557,-1.0049,1.2178,22.0000,-10.5038,0.3359,45.38,0
48084,-1.0249,-1.0186,1.2119,16.0611,-15.6183,0.9466,45.33,0
48094,-1.0083,-1.0317,1.2046,11.8473,-19.2672,1.3130,45.38,0
48104,-1.0015,-1.0483,1.1963,10.3817,-21.0687,2.2748,45.52,0
48114,-1.0010,-1.0674,1.2119,10.5649,-22.3511,1.6489,45.38,0
48124,-0.9761,-1.0552,1.2192,11.3893,-20.8092,0.2290,45.52,0
48134,-0.9604,-1.0591,1.2231,11.4962,-16.2443,-2.8244,45.38,0
48144,-0.9629,-1.0435,1.2319,11.4351,-11.9847,-4.1221,45.61,0
48154,-0.9795,-1.0405,1.2310,7.6031,-12.6260,-2.7023,45.38,0
48164,-0.9756,-1.0537,1.2319,5.0840,-15.2366,-1.6641,45.42,0
48174,-0.9688,-1.0430,1.1982,4.9008,-18.5191,1.5267,45.75,0
48185,-0.9712,-1.0732,1.2056,4.8855,-21.5114,4.5954,45.42,0
48194,-0.9761,-1.0845,1.1899,8.3664,-23.4351,3.9237,45.24,0
48204,-0.9795,-1.0796,1.2021,12.9771,-22.7176,1.9084,45.52,0
48214,-0.9834,-1.0820,1.2046,15.8015,-24.3511,-0.0458,45.52,0
48224,-0.9727,-1.0537,1.2051,15.1450,-23.2977,-1.4351,45.57,0
48234,-0.9741,-1.0444,1.2012,13.0382,-24.8397,0.0000,45.42,0
48244,-1.0029,-1.0103,1.1851,9.4046,-26.3053,2.1679,45.38,0
48254,-1.0161,-1.0073,1.1958,4.1679,-29.2061,4.0763,45.38,0
48264,-1.0273,-1.0112,1.1792,1.3893,-34.6718,6.4122,45.38,0
48274,-1.0020,-1.0537,1.1816,3.2824,-40.2137,4.4427,45.33,0
48284,-0.9585,-1.0742,1.1665,10.1374,-42.0611,-0.9924,45.52,0
48294,-0.9307,-1.0723,1.1919,19.2824,-38.3817,-5.7405,45.42,0
48304,-0.9194,-1.0806,1.2021,26.8855,-36.5954,-8.4122,45.38,0
48314,-0.9102,-1.0620,1.2051,30.7481,-33.2214,-10.4275,45.33,0
48324,-0.8813,-1.0269,1.2271,30.9008,-25.3282,-11.1908,45.42,0
48334,-0.9043,-0.9902,1.2373,27.6489,-21.1145,-8.7023,45.38,0
48344,-0.9556,-0.9688,1.2222,20.5496,-24.0611,-3.8321,45.33,0
48355,-1.0044,-0.9678,1.2324,11.1756,-32.6565,2.5038,45.57,0
48364,-1.0449,-0.9785,1.2085,4.9618,-42.9313,5.1450,45.38,0
48374,-1.0488,-1.0239,1.1851,3.2519,-52.7328,3.2977,45.38,0
48384,-1.0073,-1.0547,1.1738,6.8244,-59.4046,-2.5344,45.33,0
48394,-0.9517,-1.0688,1.1870,16.0763,-58.9466,-10.5802,45.42,0
48404,-0.9009,-1.0767,1.2246,27.0992,-52.9313,-19.5725,45.42,0
48414,-0.8931,-1.0581,1.2368,37.3282,-46.0458,-26.5649,45.61,0
48424,-0.8696,-1.0249,1.2671,43.0840,-42.6718,-29.4809,45.38,0
48434,-0.8462,-0.9678,1.2686,40.8397,-42.6718,-25.0687,45.33,0
48444,-0.8604,-0.9473,1.2783,32.3511,-42.9466,-12.8702,45.52,0
48454,-0.9121,-0.9561,1.2598,20.7176,-52.6870,1.6947,45.52,0
48464,-0.9263,-1.0059,1.2588,7.8626,-65.5115,9.2977,45.38,0
48474,-0.9067,-1.0312,1.2393,3.2366,-72.2901,10.7023,45.52,0
48484,-0.8589,-1.0815,1.2427,7.4198,-72.4885,4.8855,45.52,0
48494,-0.8086,-1.1123,1.2681,18.6412,-68.0611,-9.4198,45.38,0
48504,-0.7656,-1.1230,1.2896,31.5878,-58.7786,-23.5267,45.42,0
48514,-0.7588,-1.0952,1.2876,43.7557,-50.8550,-30.9313,45.52,0
48524,-0.7422,-1.0244,1.2998,49.7710,-48.8092,-28.3969,45.57,0
48534,-0.7539,-0.9624,1.2925,46.7634,-48.5344,-17.2519,45.42,0
48544,-0.8008,-0.9214,1.2900,37.8779,-52.5038,-3.6031,45.24,0
48554,-0.8428,-0.8892,1.2993,22.2290,-63.9695,8.5954,45.52,0
48564,-0.8945,-0.9077,1.2803,8.6718,-80.6870,14.6870,45.24,0
48574,-0.8662,-0.9897,1.3003,1.8168,-95.2672,8.4427,45.38,0
48584,-0.7876,-1.0054,1.2827,5.8473,-100.5802,-5.4962,45.24,0
48594,-0.7129,-1.0239,1.3169,18.5191,-98.6260,-20.4886,45.38,0
48604,-0.5894,-1.0405,1.3359,35.2214,-92.7634,-29.0534,45.24,0
48614,-0.4844,-1.0342,1.3818,50.8550,-83.4504,-29.3740,45.38,0
48624,-0.3823,-0.9839,1.4355,62.5038,-63.2824,-21.7863,45.24,0
48634,-0.3984,-0.9321,1.4829,66.6260,-45.2672,-9.4351,45.33,0
48644,-0.5146,-0.8701,1.5039,59.9237,-36.2901,4.1069,45.61,0
48654,-0.6670,-0.8813,1.5293,45.2824,-39.6031,14.0153,45.42,0
48664,-0.7510,-0.9282,1.4834,29.7099,-53.1145,14.2290,45.52,0
48674,-0.7930,-0.9512,1.4229,21.1603,-69.0534,5.7863,45.57,0
48684,-0.7583,-0.9795,1.3970,23.1756,-81.6794,-5.9084,45.52,0
48694,-0.6782,-0.9946,1.3823,32.5954,-93.3740,-17.1145,45.42,0
48704,-0.5469,-1.0088,1.4229,48.6260,-100.4885,-25.2214,45.57,0
48714,-0.3940,-0.9355,1.5005,63.6947,-89.8321,-27.4962,45.33,0
48724,-0.3364,-0.8853,1.5630,69.5420,-74.6260,-23.1450,45.52,0
48734,-0.3271,-0.8486,1.6226,64.3511,-62.3511,-12.9313,45.61,0
48744,-0.4238,-0.8306,1.6646,50.9008,-57.1603,-0.2290,45.61,0
48754,-0.4990,-0.8130,1.6284,33.5878,-64.7634,12.4275,45.24,0
48764,-0.6006,-0.8403,1.5825,13.9389,-81.2061,25.8779,45.57,0
48774,-0.6445,-0.9004,1.4985,-1.7710,-100.2290,30.4886,45.61,0
48784,-0.6543,-0.9478,1.4180,-5.7863,-110.0458,23.7252,45.33,0
48794,-0.6665,-0.9727,1.3618,0.4885,-114.8855,7.6947,45.42,0
48804,-0.5835,-0.9829,1.3613,18.0305,-118.4275,-12.2137,45.52,0
48814,-0.4404,-0.9849,1.3804,41.2519,-121.9695,-29.5114,45.42,0
48824,-0.2676,-0.9336,1.4453,62.4122,-115.5115,-34.7176,45.38,0
48834,-0.1782,-0.9019,1.5439,74.3206,-104.1221,-26.1221,45.38,0
48844,-0.1787,-0.8740,1.5791,75.1145,-90.0611,-12.8092,45.52,0
48854,-0.2930,-0.8511,1.6328,66.7786,-85.5420,-2.8244,45.24,0
48864,-0.4233,-0.8071,1.6021,50.9618,-85.7557,0.2443,45.52,0
48874,-0.5459,-0.7695,1.5220,30.7328,-96.0611,-2.0763,45.52,0
48884,-0.5825,-0.7661,1.4355,15.0229,-113.9847,-9.0534,45.38,0
48894,-0.5005,-0.8364,1.4141,15.2824,-139.1298,-14.6870,45.52,0
48904,-0.3154,-0.8403,1.3955,34.9618,-154.5191,-23.0687,45.42,0
48914,-0.0918,-0.8247,1.4028,60.1985,-150.8855,-32.8855,45.57,0
48924,0.0044,-0.8433,1.5708,85.5420,-133.2519,-39.1298,45.57,0
48934,0.0952,-0.7925,1.6084,101.4504,-103.6336,-39.3740,45.38,0
48944,-0.0190,-0.7373,1.6973,105.4504,-80.9618,-37.8015,45.52,0
48954,-0.1450,-0.7612,1.7144,94.8092,-70.1221,-38.2748,45.24,0
48964,-0.2715,-0.7310,1.6973,81.7099,-77.7557,-41.8626,45.52,0
48974,-0.3008,-0.6699,1.6323,68.1527,-89.6336,-42.2901,45.52,0
48984,-0.2441,-0.7041,1.5835,56.3969,-111.1603,-34.0763,45.52,0
48994,-0.1167,-0.7490,1.5830,53.4198,-137.6641,-21.3282,45.61,0
49004,0.0288,-0.7593,1.5977,58.1832,-150.3817,-15.0382,45.42,0
49014,0.1489,-0.7915,1.6582,68.5343,-148.1221,-15.4962,45.52,0
49024,0.2271,-0.7803,1.7021,76.5496,-128.9313,-19.7252,45.33,0
49034,0.2153,-0.7578,1.6929,81.0840,-102.3511,-32.9008,45.33,0
49044,0.0908,-0.7427,1.7495,87.1145,-71.4657,-47.1298,45.24,0
49054,0.0205,-0.7129,1.7065,88.8397,-55.9695,-62.8550,45.38,0
49064,-0.0708,-0.6602,1.6714,87.6183,-54.7634,-68.4885,45.61,0
49074,-0.1118,-0.6147,1.6245,85.3130,-82.5802,-60.8855,45.24,0
49084,0.0400,-0.6167,1.6558,87.3435,-127.5115,-35.6641,45.57,0
49094,0.3145,-0.6484,1.7510,96.5038,-158.2748,-14.1527,45.38,0
49104,0.6143,-0.7324,1.8452,112.6260,-152.0916,-15.7557,45.38,0
49114,0.7754,-0.7720,1.9688,135.0382,-111.9847,-32.9466,45.38,0
49125,0.7690,-0.7168,2.0522,154.6565,-57.8321,-56.5649,45.38,0
49134,0.5508,-0.6851,2.1216,164.8397,-13.7557,-75.0229,45.52,0
49144,0.3618,-0.5781,2.0801,161.0687,10.0153,-87.6183,45.42,0
49154,0.1860,-0.4917,2.0483,145.3740,15.0534,-92.6107,45.38,0
49164,0.0483,-0.4326,1.9541,119.7863,4.0458,-89.6641,45.38,0
49174,-0.0469,-0.3716,1.8394,90.2290,-30.7023,-72.1221,45.52,0
49184,0.0039,-0.2847,1.7446,65.5267,-86.0305,-31.5114,45.52,0
49194,0.1558,-0.2114,1.7251,45.2824,-141.6794,27.0382,45.52,0
49204,0.2642,-0.2329,1.6860,27.0992,-168.3206,70.8702,45.42,0
49214,0.2905,-0.3828,1.7124,15.6947,-168.0000,80.5802,45.52,0
49224,0.3403,-0.4907,1.7471,19.6947,-160.5191,62.6260,45.38,0
49234,0.3672,-0.4800,1.7563,37.5115,-138.1374,32.6260,45.24,0
49244,0.3687,-0.4321,1.7710,56.0305,-106.0458,0.1832,45.42,0
49254,0.2881,-0.3550,1.7988,66.5191,-81.1450,-28.2748,45.42,0
49264,0.2397,-0.2959,1.8066,68.0305,-78.5343,-43.4809,45.52,0
49274,0.2539,-0.2324,1.8013,60.3053,-100.1221,-40.4427,45.38,0
49284,0.3545,-0.2134,1.7461,50.1374,-125.4504,-23.6489,45.52,0
49294,0.4834,-0.2515,1.7222,44.1374,-140.5038,-7.6031,45.24,0
49304,0.6035,-0.2896,1.7158,51.6489,-134.6870,-8.3664,45.38,0
49314,0.7163,-0.2983,1.7656,72.5496,-115.5115,-23.0534,45.24,0
49324,0.7783,-0.2939,1.8311,99.8321,-92.3664,-37.5573,45.52,0
49334,0.7383,-0.2251,1.8999,119.7557,-65.0687,-50.2748,45.42,0
49344,0.6104,-0.1680,1.9609,121.9084,-46.6107,-61.7252,45.38,0
49354,0.4727,-0.1411,1.9868,106.7023,-44.0000,-67.6641,45.38,0
49364,0.3901,-0.0947,1.9531,80.1069,-59.3588,-64.6565,45.38,0
49374,0.3555,-0.0820,1.8882,49.3435,-89.6794,-48.8855,45.57,0
49384,0.4375,-0.1338,1.8013,25.0992,-135.4962,-21.4351,45.61,0
49394,0.6401,-0.2041,1.7271,15.5573,-161.7863,7.8321,45.52,0
49404,0.8701,-0.3462,1.7354,27.1756,-161.0992,14.4580,45.38,0
49414,1.0171,-0.4253,1.7959,62.2290,-134.0763,-0.9924,45.61,0
49424,1.0254,-0.3770,1.8999,101.7252,-92.0611,-27.5114,45.42,0
49434,0.9673,-0.3809,2.0034,124.6870,-49.1298,-57.4351,45.42,0
49444,0.8340,-0.2764,2.0508,132.8702,-19.6794,-80.5191,45.38,0
49454,0.7407,-0.1831,2.0352,125.5267,-15.7863,-85.7557,45.57,0
49464,0.7104,-0.1226,2.0215,106.7786,-32.7328,-70.6718,45.38,0
49474,0.7310,-0.0703,1.9902,81.2519,-58.3664,-43.2061,45.33,0
49484,0.7432,-0.0703,1.9038,56.3664,-82.4427,-14.8702,45.24,0
49494,0.7769,-0.0850,1.8398,36.6107,-106.6565,8.9771,45.09,0
49504,0.8384,-0.0923,1.8022,26.6870,-116.2748,24.3817,45.42,0
49514,0.8774,-0.1162,1.7686,28.3511,-109.3740,24.7328,45.42,0
49524,0.8735,-0.1436,1.7856,38.4885,-94.5802,9.2366,45.42,0
49534,0.8784,-0.1104,1.7837,54.3359,-81.7252,-11.4962,45.52,0
49544,0.9116,-0.0649,1.8047,71.5573,-78.3817,-20.9466,45.57,0
49554,0.9429,0.0361,1.8638,82.1832,-78.1527,-18.4733,45.33,0
49564,0.9028,0.0913,1.8955,79.1298,-79.7557,-12.8397,45.38,0
49574,0.8340,0.1001,1.8921,61.3130,-84.6870,-11.8168,45.57,0
49584,0.8223,0.1250,1.8472,35.9847,-90.8244,-10.4275,45.75,0
49594,0.8604,0.1104,1.7822,12.5191,-97.1145,-6.4122,45.38,0
49604,0.8882,0.0889,1.7002,2.9924,-100.3206,-6.3817,45.52,0
49614,0.9224,0.1191,1.6802,9.8015,-95.5573,-15.6183,45.57,0
49624,0.9839,0.1357,1.6914,24.8855,-84.9924,-29.5114,45.57,0
49634,1.0215,0.1475,1.7046,42.5191,-75.7252,-37.7099,45.42,0
49644,1.0088,0.1411,1.7529,56.2137,-76.4885,-38.7328,45.38,0
49654,1.0146,0.1377,1.7837,57.3282,-76.8244,-36.7634,45.61,0
49664,1.0078,0.1299,1.7896,47.4962,-77.0534,-37.3588,45.52,0
49674,0.9946,0.1123,1.7988,31.0229,-78.0916,-40.0611,45.42,0
49684,1.0088,0.0835,1.7549,10.7786,-79.6336,-41.0076,45.52,0
49694,1.0410,0.0127,1.7290,-3.3130,-84.1527,-37.4046,45.52,0
49704,1.0703,-0.0562,1.6836,-7.0992,-92.7481,-28.9924,45.42,0
49714,1.0957,-0.0840,1.6313,-1.6489,-102.4427,-19.8931,45.38,0
49724,1.1592,-0.1294,1.6030,8.6107,-103.7099,-12.9618,45.38,0
49734,1.2129,-0.1587,1.6201,24.7328,-94.3664,-11.8626,45.61,0
49744,1.2490,-0.1479,1.6621,45.4351,-84.4733,-17.1908,45.61,0
49754,1.3164,-0.0806,1.7339,62.4580,-72.6565,-21.5725,45.52,0
49764,1.3140,-0.0430,1.7935,68.5191,-58.3969,-28.6107,45.38,0
49774,1.2886,-0.0122,1.8101,65.8473,-47.8473,-36.8702,45.38,0
49784,1.2734,0.0464,1.8154,57.8321,-43.3435,-39.6947,45.33,0
49794,1.2515,0.0962,1.7603,45.5573,-44.5344,-35.2519,45.52,0
49804,1.2334,0.1396,1.7310,32.0458,-53.5420,-27.6641,45.52,0
49814,1.2500,0.1621,1.6924,18.9771,-66.5343,-13.2672,45.33,0
49824,1.2749,0.1592,1.6387,6.5649,-76.7176,3.5267,45.38,0
49834,1.2734,0.1226,1.5864,-1.3435,-79.7405,14.0763,45.52,0
49844,1.2534,0.0786,1.5527,-3.4198,-76.6260,13.0992,45.42,0
49854,1.2544,0.0317,1.5098,0.5954,-69.2061,6.1374,45.61,0
49864,1.2529,0.0483,1.4980,9.2519,-62.5344,-2.7023,45.24,0
49874,1.2461,0.0659,1.4980,18.5802,-57.7863,-11.6336,45.42,0
49884,1.2461,0.0884,1.5059,25.5725,-54.1679,-18.7786,45.71,0
49894,1.2529,0.1006,1.5200,29.1908,-52.8855,-24.0611,45.38,0
49904,1.2749,0.1030,1.5166,30.3206,-53.4351,-21.8321,45.38,0
49914,1.2861,0.1284,1.5229,30.9160,-54.7939,-18.6107,45.38,0
49924,1.2944,0.1455,1.5259,30.8702,-52.9008,-15.1756,45.61,0
49934,1.2793,0.1704,1.5518,31.0229,-53.4656,-14.3359,45.38,0
49944,1.2871,0.1865,1.5781,31.0382,-52.0916,-18.7481,45.61,0
49954,1.3291,0.2100,1.6060,28.4733,-45.0229,-27.1603,45.33,0
49964,1.3203,0.2080,1.6362,28.0916,-40.4733,-33.4046,45.38,0
49974,1.3081,0.2119,1.6396,25.7710,-40.3053,-37.0534,45.61,0
49984,1.3364,0.2129,1.6431,20.7634,-43.1603,-37.5878,45.42,0
49994,1.3584,0.1938,1.6123,15.0229,-43.5878,-33.3588,45.75,0
50004,1.3701,0.1772,1.6040,12.1527,-44.4580,-26.9160,45.52,0
50014,1.3765,0.1890,1.5757,9.5573,-44.9313,-19.3435,45.52,0
50024,1.3481,0.1885,1.5591,8.2443,-46.6412,-12.9924,45.52,0
50034,1.3315,0.1953,1.5425,5.1908,-44.9466,-12.3664,45.42,0
50044,1.3291,0.1685,1.5181,1.9847,-44.5191,-14.0153,45.42,0
50054,1.3096,0.1636,1.4697,-0.7939,-44.1527,-16.2290,45.61,0
50064,1.3213,0.1406,1.4468,0.1069,-46.6107,-15.9847,45.52,0
50074,1.3301,0.1675,1.4155,5.7099,-49.2061,-13.4198,45.33,0
50084,1.3433,0.1914,1.4058,12.8092,-51.7557,-11.0534,45.71,0
50094,1.3447,0.2021,1.4097,18.2290,-54.0153,-13.1450,45.42,0
50104,1.3965,0.1929,1.4258,22.1374,-51.4351,-19.5114,45.52,0
50114,1.4341,0.2065,1.4546,24.5649,-44.7939,-25.0687,45.38,0
50124,1.4692,0.2319,1.4575,23.8015,-35.8779,-25.8015,45.61,0
50134,1.4580,0.2476,1.4883,20.4427,-31.7710,-23.7099,45.52,0
50144,1.4390,0.2495,1.4863,15.1756,-35.8779,-21.7557,45.38,0
50154,1.4468,0.2207,1.4849,10.0000,-43.4809,-18.3206,45.38,0
50164,1.5215,0.1870,1.4473,7.3740,-50.8855,-12.1069,45.33,0
50174,1.5571,0.1777,1.4199,6.5496,-51.1908,-3.7405,45.61,0
50184,1.5532,0.1763,1.3828,9.5115,-47.5878,1.9389,45.38,0
50194,1.5088,0.1650,1.3789,13.2214,-40.6107,4.9313,45.42,0
50204,1.4780,0.1846,1.3843,17.1450,-34.9924,1.2366,45.24,0
50214,1.4326,0.2061,1.3862,21.0840,-30.5954,-3.9084,45.52,0
50224,1.4331,0.1943,1.4062,21.5114,-26.1221,-9.7252,45.42,0
50234,1.4233,0.1968,1.4004,20.8702,-27.7863,-12.9618,45.52,0
50244,1.4253,0.2090,1.3833,21.3893,-31.6489,-10.3969,45.42,0
50254,1.4458,0.2095,1.3491,24.6260,-36.4885,-4.5954,45.38,0
50264,1.4453,0.2095,1.3169,28.9466,-36.3053,-1.1908,45.52,0
50274,1.4126,0.2124,1.3232,32.5344,-37.4046,-0.0611,45.38,0
50284,1.3970,0.2300,1.3472,31.1450,-35.2214,-3.4351,45.24,0
50294,1.4097,0.2427,1.3574,28.7328,-33.4046,-10.5802,45.38,0
50304,1.4277,0.2598,1.3574,25.4656,-30.4427,-16.1069,45.52,0
50314,1.4756,0.2593,1.3398,22.1069,-27.0687,-16.9313,45.42,0
50324,1.4487,0.2686,1.3389,22.8244,-27.9084,-13.3893,45.52,0
50334,1.4424,0.2559,1.3540,23.7405,-33.9847,-11.4351,45.61,0
50344,1.4976,0.2539,1.3555,25.8626,-37.8473,-10.7023,45.42,0
50354,1.5298,0.2700,1.3569,26.5496,-37.1908,-9.2366,45.24,0
50364,1.5518,0.2642,1.3608,24.3511,-33.6336,-9.6031,45.24,0
50374,1.5879,0.2939,1.3643,20.5038,-31.1298,-10.7939,45.38,0
50384,1.5991,0.3071,1.3726,16.0000,-24.3206,-8.7023,45.52,0
50394,1.6025,0.3115,1.3672,11.8168,-19.9084,-5.9237,45.61,0
50404,1.5918,0.3154,1.3608,9.1756,-19.1298,-4.8550,45.24,0
50414,1.5825,0.3179,1.3438,5.9542,-17.4656,-5.5420,45.52,0
50425,1.5825,0.3066,1.3223,4.4733,-16.7939,-4.4122,45.33,0
50434,1.5806,0.3315,1.3169,3.0687,-13.1298,-2.5649,45.71,0
50444,1.6157,0.3335,1.2974,2.6718,-11.7252,-0.6107,45.52,0
50454,1.5879,0.3403,1.3003,1.9237,-8.5802,-0.0458,45.71,0
50464,1.5742,0.3462,1.2974,1.6031,-5.9847,-2.4122,45.52,0
50474,1.5703,0.3447,1.3242,0.2595,-4.8244,-6.5191,45.57,0
50484,1.5864,0.3320,1.3096,-1.6641,-3.7099,-7.8473,45.52,0
50494,1.5884,0.2827,1.2881,-3.8626,-4.7481,-5.5115,45.52,0
50504,1.6050,0.2573,1.2568,-3.9389,-0.3359,0.0000,45.52,0
50514,1.5762,0.2412,1.2637,0.0763,0.8550,5.9084,45.38,0
50524,1.5361,0.2217,1.2734,3.2061,2.3664,7.1756,45.33,0
50534,1.5132,0.2363,1.2837,5.7863,4.2748,5.5115,45.57,0
50544,1.4897,0.2686,1.2935,5.7099,6.0763,0.3969,45.38,0
50554,1.4731,0.2886,1.3271,5.9389,4.6718,-2.6260,45.52,0
50564,1.4746,0.2749,1.3066,3.9695,2.6565,-3.6336,45.38,0
50574,1.4722,0.2295,1.3047,2.5191,-0.7939,-1.5267,45.38,0
50584,1.4795,0.2300,1.2681,4.2443,-6.6412,1.1603,45.61,0
50594,1.4907,0.2412,1.2583,7.9542,-7.5420,3.2061,45.52,0
50604,1.4849,0.2456,1.2422,13.5267,-7.9695,3.8321,45.38,0
50614,1.4854,0.2710,1.2568,15.8779,-5.9847,-0.4275,45.57,0
50624,1.4985,0.2700,1.2720,17.5267,2.1221,-9.9695,45.52,0
50634,1.5186,0.2207,1.4634,22.9924,5.4046,-17.9389,45.52,1
50644,1.5156,0.2598,1.3130,13.9084,11.8931,-21.4504,45.38,1
50654,1.6108,0.2700,1.2686,10.3053,12.2748,-18.9466,45.61,1
50664,1.5757,0.2549,1.3130,8.5802,7.8321,-13.6336,45.57,1
50674,1.5479,0.2632,1.2803,13.7557,6.7176,-6.9924,45.38,1
50684,1.5811,0.2979,1.2666,12.3969,-8.0458,7.0840,45.42,1
50694,1.5254,0.2842,1.2852,14.7786,-4.8855,7.8931,45.38,1
50704,1.5303,0.2983,1.3120,14.1069,-2.5649,3.6183,45.38,1
50714,1.5400,0.3252,1.3252,13.5725,1.5115,1.8779,45.38,1
50724,1.5127,0.3354,1.3252,13.3588,2.6107,2.8702,45.61,1
50734,1.5020,0.3418,1.3252,11.4809,0.5649,3.7099,45.38,1
50744,1.5015,0.3506,1.3096,10.1679,3.9237,1.7099,45.42,1
50754,1.4771,0.3169,1.3169,10.0611,3.3588,-0.3206,45.38,1
50764,1.4736,0.3179,1.2905,11.4504,0.9618,-2.0763,45.38,1
50774,1.5049,0.2954,1.2720,14.0153,0.7023,-1.8779,45.42,1
50784,1.5117,0.2632,1.2852,16.8702,-1.8626,-0.4427,45.61,1
50794,1.5176,0.2349,1.2773,19.2214,-5.6183,1.6947,45.71,1
50804,1.5522,0.2754,1.2554,20.3817,-7.8626,5.8168,45.38,1
50814,1.5679,0.2373,1.2407,23.6641,-9.0076,10.5802,45.42,1
50824,1.5654,0.2666,1.2422,27.6183,-9.5267,11.5573,45.57,1
50834,1.5552,0.2856,1.2261,30.0153,-5.7252,9.9389,45.33,0
50844,1.6621,0.2725,0.7769,33.2061,-0.7939,6.5191,45.52,0
50854,1.4800,0.3672,1.3271,27.1908,4.0000,-0.2901,45.61,0
50864,1.4917,0.3594,1.3491,19.3893,3.6489,-6.1069,45.38,0
50874,1.5063,0.3545,1.3359,10.8855,1.2214,-8.1527,45.24,0
50884,1.5176,0.3472,1.3384,2.7481,-3.4504,-6.9924,45.52,0
50894,1.5435,0.3452,1.3154,-2.0763,-7.1603,-2.1527,45.38,0
50904,1.5776,0.3267,1.2783,-4.9008,-8.0763,6.0000,45.42,0
50914,1.5615,0.3140,1.2754,-5.4962,-6.3817,11.3588,45.57,0
50924,1.5278,0.2944,1.2808,-4.9618,-2.9008,13.9389,45.75,0
50934,1.5044,0.2690,1.2847,-4.8092,-1.5573,11.0840,45.52,0
50944,1.4922,0.2769,1.2642,-4.0153,0.4733,7.1756,45.52,0
50954,1.4893,0.2891,1.2354,-2.1832,2.4733,3.3893,45.38,0
50964,1.4717,0.2944,1.2427,1.0534,1.7863,0.4885,45.52,0
50974,1.4663,0.3042,1.2456,4.1527,0.3359,-2.0458,45.52,0
50984,1.4575,0.3169,1.2690,5.5267,-3.0992,-2.5344,45.38,0
50994,1.4824,0.3213,1.2583,5.5573,-8.1221,-3.2366,45.71,0
51004,1.5195,0.3052,1.2700,4.5649,-8.2748,-3.2214,45.38,0
51014,1.5435,0.2837,1.2837,4.3817,-6.2443,-3.0534,45.52,0
51024,1.5762,0.2627,1.2778,3.5573,-1.9237,-2.0916,45.19,0
51034,1.5952,0.2739,1.2837,5.9084,3.6794,-0.6870,45.38,0
51044,1.5591,0.2661,1.3047,8.4427,6.9771,1.0840,45.38,0
51054,1.5278,0.2769,1.2988,7.2977,6.1679,-0.2137,45.75,0
51064,1.5034,0.2793,1.2900,5.1145,2.3511,0.2595,45.38,0
51074,1.4971,0.3130,1.2598,4.1069,-1.5267,1.2519,45.52,0
51084,1.5171,0.3125,1.2490,6.1985,-2.0000,2.6107,45.57,0
51094,1.4800,0.3081,1.2554,8.2748,-3.7099,1.9847,45.71,0
51104,1.4922,0.3159,1.2607,9.3588,-5.0992,-0.0763,45.38,0
51114,1.5386,0.3276,1.2407,8.6260,-0.8550,-2.5496,45.52,0
51124,1.5308,0.3345,1.2808,7.7557,4.3359,-4.9313,45.38,0
51134,1.5161,0.3101,1.3164,5.8015,3.2366,-6.6870,45.38,0
51144,1.5210,0.3042,1.2915,2.5344,-1.9847,-6.7939,45.38,0
51154,1.5747,0.2939,1.2715,-0.1679,-1.4198,-3.6183,45.57,0
51164,1.5923,0.2964,1.2495,2.7176,-0.7328,5.0687,45.33,0
51174,1.5630,0.2695,1.2744,6.9313,0.9618,9.2366,45.42,0
51184,1.5215,0.2637,1.2871,8.0916,-0.0153,7.5420,45.61,0
51194,1.4990,0.2598,1.2910,7.4809,-2.1069,3.1145,45.38,0
51204,1.5264,0.2642,1.2666,6.3664,-4.2901,0.1374,45.38,0
51214,1.5649,0.2793,1.2417,7.8168,-3.9542,2.5496,45.42,0
51224,1.5527,0.2964,1.2334,11.9237,-0.8550,6.8550,45.52,0
51234,1.5303,0.3115,1.2515,13.5725,0.2748,7.6336,45.42,0
51244,1.4985,0.3135,1.2642,14.5954,0.5954,5.4351,45.42,0
51254,1.4736,0.3262,1.2793,13.6947,-1.4046,1.4046,45.42,0
51264,1.5083,0.3174,1.2832,11.8015,-2.7634,-3.1908,45.38,0
51274,1.5464,0.3320,1.2773,9.6336,1.5573,-6.4580,45.52,0
51284,1.5630,0.3428,1.2881,8.2290,6.4122,-6.0000,45.57,0
51294,1.5635,0.3340,1.3081,7.1298,8.6718,-3.9847,45.42,0
51304,1.5679,0.3350,1.3374,4.6718,9.0687,-2.0611,45.42,0
51314,1.5562,0.3242,1.3462,2.2901,7.8015,-0.6412,45.24,0
51324,1.5513,0.3086,1.3237,-0.4122,5.9542,-0.6870,45.42,0
51334,1.5547,0.2964,1.3047,-2.3817,3.5878,1.8473,45.38,0
51344,1.5503,0.2959,1.2681,-2.0916,3.2214,5.1756,45.52,0
51354,1.5425,0.2773,1.2441,0.4580,4.0305,6.2748,45.52,0
51364,1.5439,0.2886,1.2651,3.7710,6.9924,5.8473,45.42,0
51374,1.4985,0.2949,1.2749,5.6947,11.5267,2.8092,45.38,0
51384,1.4658,0.3057,1.2852,4.3511,12.0458,-0.8855,45.52,0
51394,1.4746,0.3032,1.2783,1.7863,8.6870,-3.8779,45.38,0
51404,1.4976,0.3091,1.2798,1.4351,6.5649,-5.9389,45.38,0
51414,1.5391,0.2822,1.2671,1.8473,5.2977,-4.1985,45.24,0
51424,1.5693,0.2642,1.2676,4.1527,7.4046,-0.9160,45.52,0
51434,1.5674,0.2407,1.2671,8.2595,9.5267,1.0534,45.57,0
51444,1.5669,0.2441,1.2822,11.6489,12.4885,1.4351,45.38,0
51454,1.5562,0.2695,1.2998,13.5115,16.5344,1.0229,45.38,0
51464,1.5415,0.2866,1.3081,12.9466,18.5344,-1.1450,45.57,0
51474,1.5347,0.3022,1.3037,11.3435,20.3053,-1.7710,45.38,0
51484,1.5327,0.3320,1.3169,8.3206,21.1603,-1.5878,45.38,0
51494,1.5088,0.3135,1.3350,5.8931,20.9466,-1.8168,45.61,0
51504,1.5234,0.3032,1.3271,2.7634,19.0382,-1.2672,45.38,0
51514,1.5220,0.3008,1.3223,0.8244,16.3664,-0.0763,45.61,0
51524,1.5371,0.3062,1.3037,0.7023,14.4733,2.5191,45.52,0
51534,1.5322,0.2935,1.3276,2.0000,14.0611,4.5649,45.42,0
51544,1.5508,0.3159,1.3091,4.1832,17.5878,5.3282,45.38,0
51554,1.5620,0.3052,1.3232,4.3817,22.6565,3.2366,45.24,0
51564,1.5566,0.3164,1.3198,4.0916,30.0305,3.1603,45.52,0
51574,1.4756,0.3125,1.3013,2.7786,31.7252,5.6947,45.61,0
51584,1.3926,0.2920,1.2988,-0.3511,25.6031,8.1374,45.61,0
51594,1.3691,0.2891,1.2886,-4.1221,15.9847,8.6565,45.61,0
51604,1.3701,0.2690,1.2778,-5.0382,9.4351,7.3588,45.38,0
51614,1.3867,0.2778,1.2759,-2.0305,5.7863,5.8473,45.42,0
51624,1.3999,0.3037,1.2983,2.6565,3.4656,2.1069,45.61,0
51634,1.4360,0.3037,1.3013,4.7939,4.1221,-1.8015,45.38,0
51644,1.4775,0.3062,1.3242,5.9084,8.4275,-6.5038,45.42,0
51654,1.5195,0.2969,1.3438,6.6870,14.9008,-9.6489,45.33,0
51664,1.5537,0.2822,1.3491,7.0992,19.0076,-8.5802,45.52,0
51674,1.5479,0.2568,1.3521,7.9084,19.6183,-4.5649,45.52,0
51684,1.5322,0.2422,1.3491,8.9771,16.7786,1.2519,45.19,0
51694,1.5391,0.2593,1.3643,9.6489,15.8626,4.2748,45.33,0
51704,1.5513,0.2852,1.3740,10.7481,19.1298,4.5344,45.38,0
51714,1.5620,0.3276,1.3882,10.3664,23.3893,0.6565,45.71,0
51724,1.5508,0.3364,1.4243,7.9084,28.0458,-2.5802,45.42,0
51734,1.5601,0.3433,1.4297,4.2748,31.0534,-3.6947,45.42,0
51744,1.5796,0.3228,1.4292,-1.1298,30.5344,-1.9237,45.52,0
51754,1.5986,0.3052,1.4136,-5.9847,33.4656,2.9008,45.42,0
51764,1.5796,0.2871,1.4023,-8.1985,35.7710,10.4275,45.33,0
51774,1.5508,0.2905,1.4019,-11.1908,36.1374,15.9542,45.57,0
51784,1.5288,0.2905,1.3975,-13.0840,36.1679,19.0992,45.38,0
51794,1.4790,0.3257,1.3892,-14.9160,35.9847,21.0076,45.24,0
51804,1.4619,0.3325,1.4106,-17.5573,38.0000,19.9695,45.42,0
51814,1.4312,0.3125,1.4028,-19.2061,38.3969,17.7405,45.42,0
51824,1.4263,0.2788,1.4053,-17.6794,40.4580,14.5496,45.24,0
51834,1.4248,0.2461,1.4023,-13.8321,41.6336,10.9008,45.42,0
51844,1.4629,0.2261,1.4043,-9.9237,48.0611,9.2977,45.75,0
51854,1.4785,0.2183,1.4385,-5.3588,51.8473,10.3511,45.38,0
51864,1.4614,0.2261,1.4604,-1.6947,53.9084,11.1145,45.61,0
51874,1.4478,0.2539,1.4556,-1.5420,53.9084,12.9008,45.38,0
51884,1.4043,0.2671,1.4863,-2.9313,52.9771,16.6870,45.52,0
51894,1.3911,0.2637,1.5107,-5.8931,51.4504,18.5038,45.38,0
51904,1.3857,0.2388,1.5273,-11.9237,51.8626,18.3053,45.42,0
51914,1.3896,0.2383,1.5430,-15.8473,50.7939,17.0534,45.75,0
51924,1.4473,0.2520,1.5596,-16.1374,49.2824,16.3817,45.52,0
51934,1.5132,0.2832,1.5752,-13.6336,52.3511,15.4809,45.71,0
51944,1.5605,0.2769,1.6167,-12.0763,57.5573,13.8779,45.33,0
51954,1.6099,0.2715,1.6387,-12.6107,69.4046,12.0763,45.42,0
51964,1.6328,0.2495,1.6465,-14.5954,84.0458,14.2443,45.42,0
51974,1.5874,0.2266,1.6685,-15.5878,92.8855,19.4046,45.52,0
51984,1.5791,0.2192,1.7007,-20.6260,95.6641,25.9084,45.42,0
51994,1.5684,0.2466,1.7207,-27.4962,98.3053,31.8779,45.61,0
52004,1.5449,0.2456,1.7197,-35.8321,103.4198,37.4046,45.57,0
52014,1.4746,0.2485,1.7437,-43.1450,104.4122,41.3130,45.52,0
52024,1.4521,0.2383,1.7275,-47.5115,102.1221,43.6794,45.57,0
52034,1.4604,0.2397,1.6987,-47.2366,101.8321,41.4504,45.61,0
52044,1.3906,0.2266,1.7559,-43.8321,105.2824,40.0153,45.33,0
52054,1.3799,0.2437,1.7676,-44.7328,110.0153,36.7023,45.52,0
52064,1.3813,0.2046,1.7988,-50.0305,113.5267,32.8702,45.57,0
52074,1.4043,0.1919,1.7793,-57.5725,120.6107,31.0229,45.61,0
52084,1.4282,0.1548,1.7700,-64.3817,126.1985,37.2977,45.71,0
52094,1.3838,0.1514,1.7817,-68.8550,126.5802,51.3740,45.52,0
52104,1.3022,0.1270,1.7964,-73.0534,121.0229,64.1527,45.33,0
52114,1.2852,0.1060,1.8140,-77.3893,115.4504,67.9695,45.71,0
52124,1.2871,0.0767,1.8003,-76.4275,123.5115,60.5802,45.38,0
52134,1.2798,0.0669,1.8174,-70.1069,140.5343,49.4046,45.38,0
52144,1.2373,0.0664,1.8394,-63.7863,153.9389,36.5649,45.42,0
52154,1.1680,0.0962,1.8833,-63.1298,161.3282,28.1985,45.42,0
52164,1.1216,0.0879,1.8994,-67.6947,157.4504,24.0305,45.61,0
52174,1.1016,0.0605,1.9331,-79.0382,142.3664,23.8168,45.52,0
52184,1.1807,0.0347,1.8848,-93.6794,131.7099,31.4809,45.42,0
52194,1.2412,0.0420,1.8418,-105.4046,131.9237,47.2214,45.24,0
52204,1.2241,-0.0293,1.8228,-114.7939,136.7786,66.8092,45.61,0
52214,1.1582,-0.1084,1.8018,-117.6336,140.5038,76.8244,45.24,0
52224,1.1045,-0.1660,1.7539,-113.1298,147.8015,77.4809,45.38,0
52234,1.0884,-0.2109,1.7769,-103.7405,160.2443,71.7099,45.38,0
52244,1.0674,-0.2109,1.7915,-93.1908,171.2519,62.7481,45.52,0
52254,1.0024,-0.1729,1.8252,-85.9084,179.1145,56.9008,45.52,0
52264,0.9346,-0.1377,1.8755,-86.0153,178.1832,54.2595,45.38,0
52274,0.8540,-0.1245,1.8794,-90.3053,170.7786,54.7939,45.52,0
52284,0.8174,-0.1802,1.9043,-98.2901,154.0000,55.0229,45.38,0
52294,0.8257,-0.2231,1.8760,-111.8473,142.1374,52.5954,45.61,0
52304,0.9233,-0.2852,1.8188,-124.5649,146.4733,51.5725,45.61,0
52314,0.9985,-0.2661,1.7471,-124.0305,167.2672,56.6565,45.42,0
52324,0.9746,-0.2954,1.7524,-114.7634,190.3512,68.2595,45.52,0
52334,0.8765,-0.3047,1.7759,-105.0687,200.0763,74.7176,45.61,0
52344,0.7744,-0.2812,1.8037,-99.8321,203.6947,76.7023,45.52,0
52355,0.6689,-0.2773,1.8052,-97.8931,204.0611,76.1679,45.38,0
52364,0.5542,-0.2993,1.7749,-100.6107,204.4580,73.3435,45.52,0
52374,0.4336,-0.3052,1.7573,-109.4198,198.1679,70.5343,45.71,0
52384,0.3838,-0.3389,1.7588,-118.5496,177.2824,66.5954,45.61,0
52394,0.3169,-0.3936,1.7607,-124.2137,157.5114,58.9466,45.42,0
52404,0.4077,-0.4307,1.7378,-128.1374,152.0305,43.6336,45.52,0
52414,0.6299,-0.4521,1.6201,-120.7481,177.7557,32.6870,45.38,0
52424,0.6514,-0.4604,1.5859,-94.2901,225.1908,36.0458,45.38,0
52434,0.5044,-0.5151,1.5723,-58.4885,254.9618,39.2214,45.52,0
52444,0.3096,-0.4883,1.6333,-33.3130,260.9771,34.5496,45.52,0
52454,0.2075,-0.4263,1.6860,-28.1985,259.2672,28.2443,45.42,0
52464,0.1636,-0.4092,1.6909,-37.1450,254.5649,22.1069,45.42,0
52474,0.0405,-0.4863,1.6738,-52.4733,244.6870,26.1069,45.52,0
52484,-0.0435,-0.4780,1.6318,-74.0458,220.9313,35.9847,45.38,0
52494,-0.0112,-0.5293,1.5923,-92.0305,185.8931,48.2901,45.38,0
52504,-0.0352,-0.6235,1.5645,-98.4580,163.6794,52.5344,45.61,0
52514,0.1196,-0.6519,1.5151,-103.4198,173.0229,48.7176,45.38,0
52524,0.1743,-0.6934,1.5000,-95.7557,196.9466,44.9008,45.24,0
52534,0.1230,-0.6934,1.5020,-79.6031,218.8244,45.4351,45.75,0
52544,-0.0181,-0.6729,1.5171,-68.3206,227.1908,51.6183,45.24,0
52554,-0.1919,-0.6191,1.5054,-66.3511,220.0763,61.3740,45.61,0
52564,-0.2837,-0.5288,1.4795,-69.7252,205.7863,69.2824,45.33,0
52574,-0.4360,-0.5967,1.4736,-79.1756,193.3282,76.8397,45.33,0
52584,-0.4819,-0.6064,1.4678,-92.6107,176.0458,74.5496,45.38,0
52594,-0.4697,-0.6323,1.4556,-108.5954,158.0305,71.3740,45.42,0
52604,-0.4146,-0.6792,1.4512,-122.2290,144.2443,68.1679,45.24,0
52614,-0.3647,-0.7388,1.3950,-131.5725,138.5649,66.1069,45.42,0
52624,-0.3340,-0.7749,1.3359,-133.5420,147.7252,63.4504,45.38,0
52634,-0.3721,-0.8047,1.3096,-127.3130,159.0840,65.6183,45.33,0
52644,-0.3960,-0.7983,1.3047,-115.5115,165.2824,66.3206,45.38,0
52654,-0.4912,-0.7983,1.3066,-104.0611,166.9771,69.0840,45.52,0
52664,-0.6079,-0.7974,1.3047,-94.5496,163.3435,70.8092,45.38,0
52674,-0.7349,-0.8091,1.2939,-92.2901,150.9771,71.4657,45.42,0
52684,-0.7925,-0.7954,1.2402,-98.5649,133.8779,73.6489,45.24,0
52694,-0.7754,-0.8613,1.2275,-103.5267,118.6565,72.7328,45.38,0
52704,-0.7505,-0.9272,1.2051,-98.8092,111.7557,62.2443,45.52,0
52714,-0.7476,-0.9219,1.1807,-87.5115,114.1985,49.9542,45.38,0
52724,-0.7856,-0.9551,1.1738,-77.9389,113.6031,42.1832,45.33,0
52734,-0.8223,-0.9541,1.1313,-70.1374,116.5038,38.3053,45.61,0
52744,-0.7983,-0.9824,1.1128,-62.7634,118.9160,34.9771,45.38,0
52754,-0.7861,-1.0425,1.1147,-50.4427,121.2214,31.4351,45.38,0
52764,-0.7891,-0.9917,1.1206,-39.6183,132.1374,29.6947,45.57,0
52774,-0.8447,-0.9561,1.1338,-33.4046,133.6031,33.5878,45.52,0
52784,-0.9478,-0.9546,1.1084,-32.6107,126.7176,39.9847,45.52,0
52794,-1.0435,-0.9468,1.1138,-38.6870,113.0382,46.4733,45.38,0
52804,-1.0732,-0.9736,1.1191,-48.4122,93.9389,49.2977,45.38,0
52814,-1.0552,-0.9741,1.0410,-52.6260,74.3664,53.8473,45.61,0
52824,-1.0581,-0.9771,1.0137,-57.5115,64.7786,57.8473,45.42,0
52834,-1.0405,-1.0117,0.9736,-56.3206,54.3511,65.5878,45.52,0
52844,-1.0806,-1.0137,0.9653,-47.9084,48.9618,68.3053,45.42,0
52854,-1.0884,-1.0112,0.9404,-39.2519,42.4275,65.8321,45.57,0
52864,-1.1123,-1.0596,0.9551,-34.7634,47.8626,63.3740,45.38,0
52874,-1.1211,-1.0303,0.9722,-36.9924,45.9237,59.6794,45.52,0
52884,-1.1621,-1.0400,0.9712,-44.5802,41.0076,58.3664,45.33,0
52894,-1.1924,-1.0166,0.9653,-52.5954,31.6336,58.4122,45.24,0
52904,-1.1670,-1.0288,0.9307,-57.2366,21.3130,58.1221,45.33,0
52914,-1.1934,-1.0439,0.9258,-59.0992,18.1527,55.6336,45.57,0
52924,-1.2466,-1.0669,0.9331,-54.7481,12.6412,53.0382,45.57,0
52934,-1.2422,-1.0757,0.9170,-45.6794,9.8931,44.4733,45.38,0
52944,-1.2173,-1.0649,0.9331,-33.3893,15.5878,32.9771,45.38,0
52954,-1.2041,-1.0952,0.9404,-18.3511,24.1527,19.8015,45.24,0
52964,-1.1621,-1.1196,0.9551,-1.4504,29.4351,2.3664,45.52,0
52974,-1.1611,-1.0889,0.9648,14.5649,37.4351,-8.8855,45.38,0
52984,-1.1685,-1.0840,1.0068,25.7099,35.1450,-12.2443,45.42,0
52994,-1.1611,-1.0503,1.0513,28.8702,26.3359,-10.1221,45.57,0
53004,-1.1123,-1.0630,1.0928,26.2137,14.7786,-5.3740,45.42,0
53014,-1.0806,-1.0508,1.1069,21.8779,6.6565,-1.9695,45.38,0
53024,-1.0483,-1.0786,1.1372,19.7863,0.9924,0.3053,45.38,0
53034,-1.0425,-1.0645,1.1396,23.5725,2.5344,-0.6565,45.52,0
53044,-1.0381,-1.0371,1.1763,28.4886,4.4275,-3.5115,45.09,0
53054,-1.0083,-1.0117,1.2192,30.3817,9.6794,-6.3969,45.61,0
53064,-1.0083,-0.9688,1.2227,28.9313,15.2977,-7.9695,45.33,0
53075,-1.0000,-0.9683,1.2705,25.7099,17.3435,-6.2137,45.42,0
53084,-1.0361,-0.9297,1.2676,18.7023,14.6107,-1.8473,45.61,0
53094,-1.0503,-0.9380,1.2681,9.0076,5.9542,6.6260,45.61,0
53104,-1.0669,-0.9741,1.2393,0.9466,-5.0534,10.7176,45.57,0
53114,-1.0498,-1.0010,1.1885,-3.3435,-12.1832,12.7023,45.38,0
53124,-1.0322,-1.0361,1.1631,-2.0916,-13.2366,11.8626,45.24,0
53134,-1.0332,-1.0239,1.1592,1.0382,-7.5267,9.2519,45.61,0
53144,-1.0225,-1.0200,1.1519,4.2901,-0.6870,8.6565,45.38,0
53154,-1.0381,-1.0151,1.1602,6.6718,3.6794,6.9160,45.42,0
53164,-1.0537,-1.0122,1.1660,8.0611,6.1832,3.5267,45.38,0
53174,-1.0693,-1.0264,1.1841,7.7710,6.0611,0.8855,45.38,0
53184,-1.0718,-1.0220,1.1699,6.5191,1.8626,-0.3969,45.61,0
53194,-1.0464,-1.0234,1.1514,7.7099,-2.6412,-0.5649,45.38,0
53204,-0.9824,-1.0195,1.1250,10.9771,0.1679,1.5267,45.61,0
53214,-0.9277,-1.0415,1.0952,18.3511,15.0840,5.6031,45.52,0
53224,-0.9731,-1.0874,1.1289,31.5114,23.5420,8.5038,45.38,0
53234,-1.0298,-1.0718,1.1421,43.4656,31.8473,6.3053,45.38,0
53244,-1.0503,-1.0757,1.1919,51.0076,38.8397,-4.1832,45.52,0
53254,-1.1030,-1.0386,1.2222,55.5267,43.6183,-17.4504,45.42,0
53264,-1.1328,-0.9712,1.2280,55.1756,39.5267,-24.4275,45.38,0
53274,-1.1650,-0.9175,1.2529,47.0687,21.5420,-21.8779,45.33,0
53284,-1.1626,-0.8745,1.2617,31.8931,0.9466,-15.4809,45.52,0
53294,-1.1206,-0.9077,1.2935,12.0763,-17.3588,-9.0382,45.42,0
53304,-1.0381,-0.9600,1.2837,-3.4962,-26.2595,-6.5802,45.52,0
53314,-0.9668,-0.9971,1.2622,-11.1298,-22.7481,-8.3206,45.24,0
53324,-0.9219,-1.0532,1.2168,-12.1679,-11.9542,-8.0611,45.61,0
53334,-0.8735,-1.1099,1.2134,-5.6183,2.2443,-6.7481,45.71,0
53344,-0.8950,-1.1143,1.2148,7.4046,13.1145,-2.1527,45.57,0
53354,-0.9595,-1.0874,1.2168,16.5954,17.4351,2.3359,45.38,0
53364,-1.0435,-1.0615,1.2119,19.8931,13.5573,7.2366,45.24,0
53374,-1.0830,-1.0303,1.2114,16.8397,6.0611,9.3282,45.38,0
53384,-1.0947,-1.0278,1.1943,10.1679,-5.4809,10.7939,45.33,0
53394,-1.0942,-0.9907,1.1753,2.4580,-14.9618,13.7863,45.42,0
53404,-1.0757,-0.9971,1.1548,-3.7710,-23.4198,15.2214,45.24,0
53414,-1.0518,-0.9961,1.1714,-6.7939,-20.7328,14.5802,45.42,0
53424,-1.0205,-1.0151,1.1592,-5.5267,-14.3511,10.1985,45.24,0
53434,-1.0518,-1.0127,1.1685,-0.2595,-4.2443,3.7252,45.61,0
53444,-1.0439,-1.0098,1.1641,5.4046,1.5878,-2.6412,45.71,0
53454,-1.0576,-0.9741,1.1743,9.0382,4.3359,-4.8702,45.71,0
53464,-1.0913,-0.9478,1.1641,9.3435,1.8321,-1.6336,45.38,0
53474,-1.1284,-0.9229,1.1675,5.8168,-8.5802,5.3130,45.52,0
53484,-1.1519,-0.9160,1.1411,-1.2672,-22.3969,14.3511,45.52,0
53494,-1.1108,-0.8940,1.1113,-9.7252,-29.7863,20.8855,45.52,0
53504,-1.0562,-0.9448,1.0659,-12.0916,-26.3664,25.1298,45.42,0
53514,-1.0366,-0.9814,1.0439,-7.8015,-14.0763,27.7557,45.38,0
53524,-1.0972,-1.0278,1.0649,2.2595,-9.6031,27.9084,45.38,0
53534,-1.1719,-1.0322,1.0762,12.4427,-12.1527,21.0076,45.42,0
53544,-1.1943,-1.0596,1.0776,21.5878,-18.0458,9.0687,45.42,0
53554,-1.2119,-1.0801,1.1074,26.0458,-27.9542,-5.1298,45.24,0
53564,-1.1885,-1.0723,1.1108,29.2214,-38.2595,-15.5115,45.38,0
53574,-1.1040,-1.0225,1.0791,29.9084,-53.4656,-19.3740,45.38,0
53584,-1.0840,-1.0835,1.1260,28.9313,-52.7176,-14.7786,45.71,0
53594,-1.0298,-1.0146,1.1147,26.6260,-53.5725,-13.9695,45.71,0
53604,-0.9810,-1.0693,1.1372,26.5649,-48.6107,-13.3588,45.24,0
53614,-0.9570,-1.0820,1.1450,33.0076,-36.0000,-20.0305,45.57,0
53624,-0.9429,-1.0688,1.1660,42.0763,-20.5496,-27.0992,45.33,0
53634,-0.9292,-1.1226,1.2295,52.4122,-11.1603,-36.0153,45.24,0
53644,-0.9146,-1.0840,1.2764,60.5496,-8.4122,-41.8321,45.24,0
53654,-0.8906,-1.0430,1.3013,64.4427,-8.9313,-39.3740,45.38,0
53664,-0.9155,-0.9839,1.3369,61.9695,-16.8092,-28.4275,45.42,0
53674,-0.9214,-0.9189,1.3413,52.4733,-29.6489,-12.9313,45.38,0
53684,-0.9409,-0.8511,1.3535,37.4962,-41.9695,2.2901,45.52,0
53694,-0.9980,-0.8096,1.3086,20.0611,-50.6565,15.4504,45.33,0
53704,-1.0830,-0.8247,1.2803,2.1985,-59.7557,20.9618,45.24,0
53714,-1.1079,-0.8896,1.2256,-9.8015,-70.7786,18.7176,45.61,0
53724,-1.0874,-0.9316,1.1865,-11.5878,-80.4580,11.3282,45.38,0
53734,-1.0439,-0.9629,1.1714,-3.4656,-84.6870,2.1069,45.42,0
53744,-0.9507,-0.9648,1.1763,10.1221,-77.8321,-5.3740,45.61,0
53754,-0.9014,-0.9556,1.2163,23.0840,-65.9237,-11.1603,45.57,0
53764,-0.9316,-0.9272,1.2690,32.4427,-60.2443,-14.0000,45.33,0
53774,-0.9585,-0.8955,1.2803,35.6489,-62.3206,-13.5725,45.42,0
53784,-0.9678,-0.8721,1.2744,32.1374,-68.4275,-10.0916,45.52,0
53794,-0.9829,-0.8677,1.2378,24.9771,-75.3435,-4.5344,45.24,0
53804,-1.0137,-0.8755,1.2227,19.4198,-85.0076,0.0458,45.52,0
53814,-1.0220,-0.9082,1.2251,15.6031,-97.3740,0.2443,45.52,0
53824,-0.9375,-0.9258,1.2358,18.7634,-108.4122,-3.4809,45.42,0
53834,-0.8633,-0.8906,1.2686,23.7710,-106.6718,-7.0382,45.38,0
53844,-0.8115,-0.8813,1.3193,29.2519,-99.1298,-12.1374,45.38,0
53854,-0.8110,-0.8848,1.3618,32.2748,-88.4885,-18.7023,45.61,0
53864,-0.8286,-0.8701,1.3740,29.7099,-86.2290,-23.6641,45.57,0
53874,-0.8550,-0.8931,1.3521,23.1450,-89.6031,-24.2748,45.52,0
53884,-0.8516,-0.8955,1.3462,17.8168,-100.0153,-21.2061,45.52,0
53894,-0.8345,-0.9072,1.3418,14.0916,-112.4580,-18.0458,45.61,0
53904,-0.8032,-0.9009,1.2998,11.4351,-125.2214,-11.5267,45.52,0
53914,-0.7686,-0.9326,1.3096,11.5573,-137.6336,-4.9160,45.38,0
53924,-0.6538,-1.0073,1.3315,19.3282,-143.1450,-9.0840,45.38,0
53934,-0.5552,-1.0303,1.3496,36.1832,-131.0840,-20.7786,45.38,0
53944,-0.4795,-1.0410,1.4219,55.5267,-108.4122,-37.0229,45.38,0
53954,-0.4126,-0.9985,1.5166,71.4198,-82.3359,-51.9847,45.42,0
53964,-0.4243,-0.9395,1.5996,77.6641,-63.6947,-58.8702,45.24,0
53974,-0.4810,-0.8853,1.6172,74.4427,-56.8702,-56.8855,45.52,0
53984,-0.5405,-0.8394,1.6030,62.7939,-61.0382,-47.9542,45.42,0
53994,-0.5864,-0.8188,1.5664,47.5878,-72.5649,-35.8473,45.38,0
54004,-0.6333,-0.8247,1.5103,31.0840,-85.7710,-24.6718,45.38,0
54014,-0.5952,-0.9185,1.5225,23.6031,-104.5191,-23.6947,45.38,0
54024,-0.4976,-1.0073,1.5156,28.6412,-114.0458,-34.6260,45.57,0
54034,-0.3315,-1.0034,1.5532,47.2214,-102.0763,-48.2748,45.38,0
54044,-0.2251,-0.9746,1.6143,66.2595,-78.0763,-59.8931,45.52,0
54054,-0.1670,-0.9121,1.6870,77.1450,-55.6489,-63.0229,45.42,0
54064,-0.2202,-0.8447,1.7505,75.6794,-42.2137,-56.8244,45.38,0
54074,-0.2964,-0.8042,1.7476,64.9771,-38.6565,-47.0382,45.24,0
54084,-0.3867,-0.8052,1.7246,48.0458,-43.4962,-37.6947,45.42,0
54094,-0.4644,-0.7822,1.6396,31.3588,-48.8550,-30.0305,45.75,0
54104,-0.5210,-0.8101,1.5698,18.6107,-55.7099,-24.5802,45.52,0
54114,-0.5439,-0.8516,1.5347,14.4122,-68.9924,-25.5573,45.38,0
54124,-0.5322,-0.8662,1.4912,22.7328,-85.9542,-34.9008,45.52,0
54134,-0.4414,-0.8892,1.5078,37.2519,-98.9466,-44.5191,45.24,0
54144,-0.3042,-0.8911,1.5469,55.2672,-99.6641,-48.1374,45.42,0
54154,-0.1577,-0.8394,1.5840,71.0687,-84.5649,-48.0611,45.38,0
54164,-0.0933,-0.8101,1.6543,77.3740,-57.4656,-45.6641,45.33,0
54174,-0.1655,-0.8481,1.6968,76.2748,-41.3588,-46.4885,45.38,0
54184,-0.2852,-0.8325,1.7075,69.8015,-36.1832,-52.4427,45.52,0
54194,-0.3599,-0.7905,1.6763,60.9924,-41.3893,-55.6031,45.38,0
54204,-0.3828,-0.7466,1.6304,51.0229,-55.0992,-50.7481,45.38,0
54214,-0.3667,-0.7251,1.6147,42.4275,-76.0153,-38.9466,45.61,0
54224,-0.2686,-0.7705,1.6221,37.8321,-102.7176,-29.8321,45.42,0
54234,-0.0859,-0.7891,1.6421,40.5344,-116.3359,-22.2290,45.57,0
54244,0.0840,-0.8164,1.7012,50.1985,-104.7481,-17.7405,45.38,0
54254,0.1602,-0.8442,1.7749,61.7557,-80.9008,-24.7328,45.33,0
54264,0.1304,-0.8408,1.8452,71.0229,-54.5954,-35.8473,45.52,0
54274,0.0205,-0.8203,1.8643,74.7176,-35.8473,-44.2443,45.38,0
54284,-0.0889,-0.7642,1.8550,70.3206,-31.7405,-45.8015,45.42,0
54294,-0.1729,-0.6924,1.8354,56.9313,-43.9847,-36.5344,45.52,0
54304,-0.2231,-0.6465,1.7793,38.6718,-70.3511,-17.0382,45.24,0
54314,-0.2100,-0.6743,1.7432,20.9008,-100.3664,2.9618,45.38,0
54324,-0.0737,-0.7861,1.7227,15.4962,-124.3053,5.8779,45.52,0
54334,0.1016,-0.8213,1.7178,27.4962,-122.1985,-1.8473,45.61,0
54344,0.2280,-0.8330,1.7358,48.5038,-92.8855,-9.9084,45.57,0
54354,0.2197,-0.8208,1.7700,69.8473,-56.5191,-16.9924,45.42,0
54364,0.1226,-0.7627,1.8379,81.0840,-30.9160,-23.8015,45.38,0
54374,-0.0322,-0.7104,1.8467,80.7328,-23.1145,-28.1374,45.38,0
54384,-0.1260,-0.6426,1.8389,68.9771,-30.2290,-26.9160,45.38,0
54394,-0.2026,-0.5811,1.7891,48.2901,-50.7328,-17.0534,45.42,0
54404,-0.2002,-0.6416,1.7461,25.9237,-75.9542,-6.3511,45.52,0
54414,-0.0771,-0.6973,1.6909,17.9847,-95.1450,-10.5649,45.38,0
54424,0.0923,-0.7256,1.6646,26.5344,-90.3206,-22.1374,45.52,0
54434,0.1987,-0.7539,1.6831,49.4198,-68.6718,-35.4351,45.38,0
54444,0.2231,-0.7271,1.7354,75.8779,-47.3435,-46.3969,45.52,0
54454,0.2178,-0.6704,1.8096,96.0305,-29.1908,-51.2366,45.57,0
54464,0.1924,-0.6050,1.8394,103.3588,-15.5725,-50.9771,45.61,0
54474,0.1108,-0.5420,1.8555,99.4504,-10.7634,-46.7023,45.52,0
54484,-0.0083,-0.5112,1.8555,85.4809,-19.8015,-37.5115,45.38,0
54494,-0.0737,-0.4810,1.8154,64.3053,-42.2137,-23.5878,45.38,0
54504,-0.0747,-0.5059,1.7603,46.3817,-67.4351,-12.6565,45.52,0
54514,0.0166,-0.5342,1.7314,43.1298,-86.1069,-12.3664,45.52,0
54524,0.1665,-0.5352,1.7300,49.2824,-89.0687,-18.1221,45.42,0
54534,0.3086,-0.5566,1.7822,60.3053,-77.6489,-22.9618,45.42,0
54544,0.3745,-0.5303,1.8354,72.1832,-56.2290,-26.7634,45.38,0
54554,0.3511,-0.5034,1.8960,77.6641,-38.9771,-29.5878,45.38,0
54564,0.2622,-0.4717,1.9541,74.7481,-29.3740,-30.5344,45.38,0
54574,0.1665,-0.4302,1.9380,61.9542,-29.4809,-27.3435,45.38,0
54584,0.0698,-0.4321,1.9062,42.0916,-41.9084,-19.2214,45.57,0
54594,0.0269,-0.4702,1.8413,22.0305,-64.6260,-10.2748,45.57,0
54604,0.0762,-0.5098,1.7651,13.7710,-89.6183,-6.7939,45.52,0
54614,0.1973,-0.5410,1.7368,21.5420,-101.2977,-7.2977,45.42,0
54624,0.3242,-0.5337,1.7256,39.5878,-97.7710,-10.1679,45.38,0
54634,0.4043,-0.5098,1.7764,58.0000,-80.0153,-15.4656,45.42,0
54644,0.4136,-0.4619,1.8320,69.7405,-59.8321,-19.0076,45.38,0
54654,0.3379,-0.4155,1.8828,71.0076,-46.4275,-22.0153,45.42,0
54664,0.2383,-0.3794,1.8872,61.8321,-44.1679,-22.8397,45.42,0
54674,0.1880,-0.4175,1.8389,46.4885,-53.2214,-20.8397,45.38,0
54684,0.2070,-0.4526,1.8047,35.9389,-69.8626,-17.3435,45.42,0
54694,0.2910,-0.4912,1.7681,38.2137,-80.1374,-15.9237,45.52,0
54704,0.4312,-0.5459,1.7681,54.5649,-82.4885,-23.4504,45.61,0
54714,0.5435,-0.5005,1.7861,77.8015,-68.9160,-29.4962,45.38,0
54724,0.5762,-0.4375,1.8418,96.3206,-46.0916,-31.9389,45.42,0
54734,0.5054,-0.3750,1.9331,101.8626,-33.5573,-33.0229,45.61,0
54744,0.4258,-0.3042,1.9414,94.1527,-26.0763,-31.7099,45.52,0
54754,0.3550,-0.2515,1.9419,75.5725,-25.8931,-26.9466,45.38,0
54764,0.2661,-0.2485,1.9116,49.8473,-37.3893,-19.4504,45.52,0
54774,0.2329,-0.2812,1.8296,25.8779,-58.9160,-8.7328,45.33,0
54785,0.2700,-0.3057,1.7744,15.8015,-83.6794,2.5802,45.38,0
54794,0.3604,-0.3428,1.7300,20.8855,-99.5878,7.7252,45.52,0
54804,0.4443,-0.3320,1.7246,33.3130,-99.1450,4.0916,45.42,0
54814,0.5337,-0.3057,1.7783,45.6794,-88.1832,-2.3053,45.38,0
54824,0.5415,-0.2461,1.8188,52.7176,-73.2672,-7.0534,45.52,0
54834,0.5059,-0.1987,1.8540,50.4122,-59.3588,-8.6412,45.33,0
54844,0.4233,-0.1738,1.8530,38.9160,-57.0382,-9.4962,45.61,0
54854,0.3286,-0.1616,1.8149,20.8550,-64.9466,-5.6947,45.33,0
54864,0.2910,-0.2173,1.7271,2.7939,-88.7786,2.5496,45.71,0
54874,0.3486,-0.2935,1.6631,-2.8550,-118.7634,12.5649,45.38,0
54884,0.5068,-0.3228,1.6206,12.5496,-137.2824,19.2672,45.33,0
54894,0.6274,-0.3193,1.6616,36.9313,-130.3206,15.5725,45.38,0
54904,0.7700,-0.2705,1.7119,58.3969,-106.5191,-2.4580,45.19,0
54914,0.7544,-0.2490,1.8022,77.0229,-71.9084,-23.2519,45.42,0
54924,0.6885,-0.2090,1.8789,83.6336,-44.5191,-42.7176,45.52,0
54934,0.5869,-0.1768,1.9238,75.4504,-36.7634,-53.0382,45.42,0
54944,0.5166,-0.1582,1.8945,57.3893,-45.3893,-55.6031,45.71,0
54954,0.4604,-0.1387,1.8315,39.5115,-72.7481,-45.8931,45.52,0
54964,0.4888,-0.1445,1.7588,23.6794,-106.6260,-23.7710,45.38,0
54974,0.6562,-0.2207,1.7085,16.5954,-131.4657,-8.9313,45.57,0
54985,0.8760,-0.2812,1.7085,31.5573,-126.8702,-12.6870,45.52,0
54994,1.0151,-0.2822,1.7495,62.9008,-97.5725,-29.9847,45.57,0
55004,1.0342,-0.2983,1.8071,93.1298,-54.4580,-53.6336,45.61,0
55014,0.9731,-0.2363,1.8867,113.0229,-17.9084,-76.7634,45.57,0
55024,0.8789,-0.2144,1.9414,121.8321,4.5649,-92.8550,45.38,0
55034,0.7783,-0.1743,1.9507,118.3511,11.2519,-100.7328,45.61,0
55044,0.7466,-0.1265,1.9336,108.7786,0.5954,-95.4046,45.52,0
55054,0.7388,-0.0527,1.9038,95.8931,-26.1985,-71.5573,45.24,0
55064,0.7720,-0.0049,1.9028,77.8321,-57.7252,-40.3053,45.71,0
55074,0.8169,-0.0205,1.9121,55.4962,-78.6718,-16.7786,45.71,0
55084,0.9526,0.0166,1.8979,35.7710,-89.4198,-9.4809,45.42,0
55094,1.0308,-0.0181,1.8823,25.5114,-77.6641,-9.8015,45.33,0
55104,0.9966,-0.0181,1.8760,26.0763,-57.0534,-13.6183,45.42,0
55114,0.9004,-0.0483,1.8550,28.9618,-42.8397,-20.5802,45.42,0
55124,0.8462,-0.0454,1.8340,31.1756,-35.7099,-28.1985,45.42,0
55134,0.7949,-0.0420,1.7803,35.5725,-40.3817,-28.2901,45.52,0
55144,0.7759,-0.0376,1.7539,39.5267,-60.1985,-18.8397,45.24,0
55154,0.8716,-0.0083,1.7290,40.0763,-74.5496,-7.0229,45.38,0
55164,1.0034,-0.0186,1.7729,41.6641,-78.3817,-4.0153,45.42,0
55174,1.0859,0.0366,1.8105,45.1145,-68.8092,-9.2672,45.57,0
55184,1.1040,0.0518,1.8584,44.0458,-53.9084,-16.1527,45.61,0
55194,1.0615,0.0669,1.8872,39.3435,-40.3359,-23.4809,45.57,0
55204,0.9824,0.0840,1.8857,31.9389,-34.0763,-29.5878,45.42,0
55214,0.9478,0.0825,1.8613,22.0153,-35.5115,-30.2901,45.52,0
55224,0.9399,0.0820,1.8188,11.1756,-42.0305,-22.9924,45.38,0
55234,0.9258,0.0796,1.7793,1.0840,-49.4351,-12.2290,45.42,0
55244,0.8931,0.0718,1.7451,-8.9466,-57.2519,-3.1145,45.61,0
55254,0.9009,0.0317,1.6899,-14.3206,-67.4809,5.3740,45.61,0
55264,0.9355,-0.0303,1.6304,-12.0458,-72.8092,9.3588,45.38,0
55274,1.0005,-0.0693,1.5903,1.4504,-62.3969,5.5420,45.52,0
55284,0.9810,-0.0820,1.5767,19.1298,-46.2595,-4.7328,45.38,0
55294,0.9180,-0.0562,1.6089,34.7481,-33.8931,-17.2672,45.57,0
55304,0.8789,-0.0249,1.6211,42.5496,-30.8702,-27.3740,45.38,0
55314,0.8584,0.0337,1.6406,44.1832,-32.2290,-32.7939,45.09,0
55324,0.8604,0.0708,1.6484,37.8626,-38.8855,-32.8092,45.24,0
55334,0.8701,0.0630,1.6392,27.6947,-58.7176,-25.5420,45.38,0
55344,0.9336,0.0767,1.5894,17.7252,-75.4198,-11.5725,45.24,0
55354,0.9922,0.0649,1.5596,12.7939,-83.5267,0.8855,45.52,0
55364,1.0010,0.0225,1.5688,15.1298,-85.2214,0.5344,45.33,0
55374,1.0459,0.0532,1.5762,27.1908,-80.0305,-10.3969,45.38,0
55384,1.1040,0.0640,1.6001,40.9618,-66.4427,-25.5267,45.42,0
55394,1.1187,0.0947,1.6323,52.1679,-51.8168,-39.5725,45.42,0
55404,1.1270,0.0962,1.6616,58.3969,-39.2824,-50.3664,45.38,0
55414,1.1104,0.1040,1.6768,58.0916,-34.6412,-53.7252,45.42,0
55424,1.0806,0.1279,1.7021,52.1832,-48.5496,-47.7710,45.42,0
55434,1.1318,0.1338,1.6582,44.3053,-68.3359,-30.9313,45.33,0
55444,1.2095,0.1504,1.6680,38.3053,-84.2443,-11.4809,45.52,0
55454,1.2285,0.0942,1.6782,33.0076,-84.1374,-0.6260,45.52,0
55464,1.3403,0.1636,1.6689,27.8779,-77.8626,-4.3206,45.38,0
55474,1.2720,0.1064,1.6851,28.5191,-66.7939,-7.4046,45.24,0
55484,1.2544,0.1401,1.6851,31.7557,-54.7023,-15.8473,45.42,0
55494,1.2310,0.1475,1.6782,33.9389,-49.5115,-23.4504,45.42,0
55504,1.2183,0.1714,1.6802,34.3359,-48.5649,-27.3740,45.38,0
55514,1.2197,0.1777,1.6733,34.3206,-56.6718,-24.0153,45.38,0
55524,1.2803,0.2070,1.6548,30.9771,-63.0076,-14.1832,45.57,0
55534,1.2915,0.1909,1.6553,24.5802,-66.9466,-2.5954,45.38,0
55544,1.2852,0.1655,1.6313,15.8931,-67.0992,4.9160,45.38,0
55554,1.2559,0.1567,1.6338,8.1832,-66.4122,7.2214,45.38,0
55564,1.2783,0.1226,1.5796,5.5267,-61.6489,1.6183,45.42,0
55574,1.2954,0.1274,1.5635,13.8168,-52.3664,-11.6641,45.42,0
55584,1.3301,0.1426,1.5542,28.5954,-36.4122,-28.7023,45.38,0
55594,1.3765,0.1387,1.5620,45.2672,-18.0000,-41.6031,45.42,0
55604,1.3511,0.1558,1.5498,63.0382,-9.0229,-45.6336,45.38,0
55614,1.3276,0.1978,1.5557,74.4427,-11.5725,-41.4962,45.42,0
55624,1.2920,0.2339,1.5732,75.4198,-18.2901,-32.1527,45.42,0
55634,1.2793,0.2676,1.5776,66.7634,-23.8473,-26.2901,45.38,0
55644,1.2627,0.2656,1.5933,50.1374,-28.9771,-21.5114,45.38,0
55654,1.2612,0.3057,1.5723,31.1756,-35.8931,-15.6947,45.57,0
55664,1.3115,0.3149,1.5293,14.9924,-38.7023,-5.2977,45.52,0
55674,1.2632,0.2988,1.5024,7.1756,-42.9924,6.3206,45.38,0
55684,1.2202,0.2803,1.4761,4.3969,-48.6565,11.1756,45.52,0
55694,1.1890,0.2642,1.4443,5.4809,-56.8550,10.7328,45.33,0
55704,1.1738,0.2588,1.4385,10.5802,-68.5954,10.7023,45.52,0
55714,1.2119,0.2524,1.4150,16.8550,-77.6947,13.4504,45.52,0
55724,1.2310,0.2573,1.4404,20.5802,-82.9466,13.4504,45.71,0
55734,1.2554,0.2612,1.4336,21.3588,-84.6107,10.4885,45.52,0
55744,1.2915,0.2632,1.4150,22.5038,-84.5038,6.7023,45.52,0
55754,1.3252,0.2778,1.4287,24.7786,-80.1832,3.0840,45.52,0
55764,1.3623,0.2773,1.4224,25.2061,-73.4504,-1.2977,45.52,0
55774,1.2847,0.2041,1.4536,24.6565,-66.1679,-4.3817,45.52,0
55784,1.3955,0.3159,1.4097,23.4351,-68.4122,-12.7634,45.52,0
55794,1.4209,0.2871,1.4126,27.2672,-67.0687,-12.1221,45.38,0
55804,1.4111,0.2876,1.4380,35.0840,-61.4656,-10.9771,45.42,0
55814,1.4282,0.2798,1.4131,38.3817,-60.9160,-16.2290,45.38,0
55824,1.3906,0.2788,1.4536,38.5038,-62.6870,-20.1985,45.19,0
55834,1.4067,0.2759,1.4429,39.6641,-63.8931,-24.3969,45.61,0
55844,1.4404,0.2896,1.4414,41.9695,-67.8931,-29.6641,45.38,0
55854,1.4907,0.2969,1.4155,45.5573,-64.2595,-34.4275,45.52,0
55864,1.5410,0.3184,1.3999,48.5802,-53.4198,-36.7634,45.52,0
55874,1.5522,0.3213,1.3975,51.6183,-42.9924,-35.4351,45.38,0
55884,1.5552,0.3403,1.4243,51.3130,-35.4656,-33.9237,45.52,0
55894,1.5449,0.4233,1.4233,46.7634,-28.2443,-31.9237,45.38,0
55904,1.5225,0.4526,1.4424,39.1908,-32.6870,-25.8321,45.42,0
55914,1.5361,0.4600,1.4375,29.8321,-41.1450,-15.4046,45.42,0
55924,1.5420,0.4800,1.4126,21.3893,-48.7939,-4.8244,45.42,0
55934,1.5493,0.4517,1.4092,14.2290,-50.5802,0.0763,45.52,0
55944,1.5337,0.4170,1.3857,8.7328,-50.5802,-1.2824,45.57,0
55954,1.5181,0.3989,1.3701,3.8931,-50.5344,-3.6794,45.52,0
55964,1.5034,0.3833,1.3384,-1.1145,-53.9237,-6.3664,45.38,0
55974,1.5479,0.3726,1.3374,-4.2595,-54.8550,-10.6412,45.42,0
55984,1.6353,0.4102,1.3022,-5.8473,-49.4962,-14.4275,45.24,0
55994,1.6436,0.3755,1.2861,-3.5115,-33.5573,-14.6870,45.71,0
56004,1.6484,0.3691,1.2974,4.2901,-14.2137,-14.5954,45.61,0
56014,1.5811,0.3799,1.3223,13.4351,-7.1298,-12.0763,45.42,0
56024,1.5469,0.3740,1.3130,16.9160,-6.2748,-9.6489,45.57,0
56034,1.5098,0.3701,1.3130,14.1985,-12.3511,-7.5420,45.42,0
56044,1.5234,0.4102,1.3057,9.2824,-17.0076,-2.2290,45.38,0
56054,1.5298,0.4258,1.2817,5.3893,-20.4733,4.1985,45.42,0
56064,1.4932,0.4038,1.2754,0.9313,-22.5802,8.0611,45.38,0
56074,1.4937,0.4180,1.2783,-2.9160,-24.4733,6.5649,45.33,0
56084,1.4751,0.4043,1.2734,-5.3130,-23.0076,0.3206,45.42,0
56094,1.5161,0.3882,1.2642,-6.6565,-16.4580,-8.0916,45.38,0
56104,1.5557,0.3848,1.2510,-2.5802,-11.9847,-10.7786,45.33,0
56114,1.5767,0.3794,1.2505,3.6031,-11.1450,-9.0687,45.38,0
56124,1.5483,0.3721,1.2515,8.5038,-17.0076,-2.7481,45.52,0
56134,1.5269,0.3657,1.2715,8.7328,-23.9084,3.3130,45.42,0
56144,1.5215,0.3701,1.2603,6.3664,-32.3206,7.2824,45.33,0
56154,1.5293,0.3691,1.2300,1.0382,-33.3740,7.9847,45.61,0
56164,1.5581,0.3638,1.2393,-2.8702,-26.9313,5.5420,45.38,0
56174,1.5908,0.3838,1.2480,-3.3893,-16.1221,2.0305,45.38,0
56184,1.5752,0.3613,1.2861,-1.7863,-10.0000,-2.3511,45.61,0
56194,1.5654,0.3726,1.2686,0.0305,-8.6565,-3.7863,45.33,0
56204,1.5552,0.3818,1.2651,0.3664,-15.2824,-1.2977,45.38,0
56214,1.5605,0.3813,1.2495,-0.1374,-20.4886,4.4427,45.33,0
56224,1.5273,0.3184,1.4277,3.4351,-26.4122,10.4427,45.24,1
56234,1.5151,0.3755,1.2378,-1.1756,-23.4962,13.8321,45.33,1
56244,1.5859,0.3423,1.1792,1.7405,-22.9618,13.8779,45.71,1
56254,1.5703,0.3286,1.1958,6.2137,-21.5114,9.4656,45.52,1
56264,1.6094,0.3569,1.1816,11.2366,-14.4275,3.4962,45.42,1
56274,1.6162,0.3447,1.2168,11.9389,-4.1679,-2.2595,45.57,1
56284,1.6289,0.3613,1.2554,11.2824,8.1832,-7.8779,45.38,1
56294,1.6196,0.3828,1.2803,10.6870,14.4885,-10.3053,45.38,1
56304,1.6001,0.3853,1.3145,7.6641,16.0611,-11.1908,45.42,1
56314,1.5933,0.3896,1.3032,3.4351,14.1527,-9.7557,45.24,1
56324,1.5845,0.4087,1.3066,-0.0153,11.5267,-7.4809,45.42,1
56334,1.5449,0.4238,1.2725,-4.4275,6.4885,-3.1145,45.57,1
56344,1.5376,0.3833,1.2559,-7.6794,1.0687,-0.8550,45.52,1
56354,1.5444,0.3799,1.2007,-7.3435,-4.1679,2.3206,45.57,1
56364,1.5508,0.3423,1.1851,-3.7863,-7.0992,5.5267,45.42,1
56374,1.5444,0.3164,1.1792,1.3893,-6.8092,6.0458,45.38,1
56384,1.5576,0.3008,1.1787,8.3511,-5.0076,2.4733,45.52,1
56394,1.5522,0.3081,1.1704,15.7099,-6.5496,0.6718,45.33,1
56404,1.5586,0.3354,1.1719,23.4351,-9.1145,-0.1679,45.52,1
56414,1.5737,0.3257,1.1797,30.8244,-12.8092,1.0534,45.42,1
56424,1.5679,0.3311,1.1768,36.3359,-14.7328,2.1221,45.71,1
56434,1.5698,0.3433,1.1953,39.4962,-15.7710,0.3511,45.42,1
56444,1.6343,0.4487,1.0542,27.9695,-13.4962,-5.6336,45.52,0
56454,1.6260,0.3740,1.1704,36.9160,-13.1450,-6.9008,45.52,0
56464,1.6074,0.3984,1.1836,30.0458,-10.7176,-8.1679,45.57,0
56474,1.5557,0.3926,1.2715,24.9008,-3.0687,-6.6412,45.52,0
56484,1.6367,0.4468,1.1987,19.8473,0.3359,-5.7252,45.57,0
56494,1.5933,0.4253,1.2329,16.7481,2.6718,-2.1069,45.38,0
56504,1.5845,0.4365,1.2397,11.5573,4.9313,0.3206,45.57,0
56514,1.5776,0.4404,1.2559,6.5649,4.6412,1.9847,45.52,0
56524,1.5547,0.4214,1.2393,3.8931,1.2214,4.4885,45.38,0
56534,1.5728,0.4048,1.2236,2.3359,-1.6489,6.6565,45.38,0
56544,1.5718,0.3916,1.2227,1.3435,-3.9389,8.4733,45.52,0
56554,1.5747,0.3696,1.2168,1.8931,-3.7405,7.0534,45.33,0
56564,1.5864,0.3662,1.2002,1.5878,0.9466,3.5725,45.42,0
56574,1.5825,0.3418,1.1899,0.9466,7.7557,0.9618,45.33,0
56584,1.5454,0.3667,1.2080,1.7252,8.6107,-1.3435,45.38,0
56594,1.5381,0.3774,1.1812,1.4809,6.8397,-1.1298,45.52,0
56604,1.5410,0.3994,1.1875,1.0076,2.8855,-0.0611,45.61,0
56614,1.5410,0.4160,1.1748,1.5267,-0.9160,2.7939,45.52,0
56624,1.5288,0.4131,1.1924,1.9695,-5.0840,4.1985,45.38,0
56634,1.5596,0.4023,1.1792,2.8092,-7.8168,4.2137,45.38,0
56644,1.5664,0.3970,1.1904,5.2366,-7.0840,4.5649,45.52,0
56654,1.5835,0.3931,1.2041,6.9771,-4.7481,3.1450,45.52,0
56664,1.5986,0.3784,1.2358,7.7557,-2.4885,0.7786,45.38,0
56674,1.6465,0.3877,1.2163,6.9771,4.1221,-0.5344,45.42,0
56684,1.6328,0.3672,1.2495,5.6031,12.2443,-1.4046,45.38,0
56694,1.6016,0.3428,1.2690,4.0916,14.1679,-2.8855,45.42,0
56704,1.5811,0.3828,1.2583,1.4809,12.1374,-3.4046,45.61,0
56714,1.5728,0.4136,1.2432,-1.4046,8.6565,-3.7863,45.52,0
56724,1.5454,0.4014,1.2397,-5.5725,5.2366,-2.4427,45.42,0
56734,1.5376,0.4116,1.2192,-8.2901,-2.6870,-0.8550,45.38,0
56744,1.5254,0.3706,1.2197,-9.4351,-3.9237,2.3359,45.33,0
56754,1.6094,0.4224,1.1792,-9.6489,-9.1145,1.8779,45.33,0
56764,1.5713,0.3535,1.1821,-7.9237,-5.3588,4.9618,45.24,0
56774,1.5869,0.3574,1.1479,-4.4275,1.3740,5.2366,45.75,0
56784,1.5498,0.3003,1.1606,0.6412,7.0229,3.7099,45.38,0
56794,1.6011,0.3604,1.1689,4.8397,8.8397,-2.1527,45.42,0
56804,1.5610,0.3369,1.2031,6.3053,12.9466,-5.6947,45.38,0
56814,1.5581,0.3599,1.2100,7.5420,13.3130,-7.0382,45.38,0
56824,1.5415,0.3843,1.2148,7.7710,8.1221,-6.0611,45.42,0
56834,1.5435,0.3901,1.2427,5.4046,4.0611,-3.8321,45.52,0
56844,1.5508,0.3979,1.2402,2.3206,-0.1832,-1.7863,45.38,0
56854,1.5645,0.3691,1.2192,-0.6260,-3.8626,0.0153,45.61,0
56864,1.5786,0.3706,1.2158,-1.6336,-2.4733,0.8244,45.61,0
56874,1.6069,0.3638,1.2061,1.2519,4.6412,1.5267,45.42,0
56884,1.6172,0.3394,1.2139,3.9237,8.2595,3.2977,45.52,0
56894,1.5967,0.3384,1.2197,4.6412,10.8550,2.7634,45.57,0
56904,1.5776,0.3418,1.2231,5.1908,10.7481,2.4427,45.57,0
56914,1.5469,0.3481,1.2197,4.0153,8.4733,1.9237,45.38,0
56924,1.5513,0.3589,1.2134,3.3130,4.5954,1.9084,45.61,0
56934,1.5483,0.3613,1.2275,3.0840,3.0534,0.3817,45.38,0
56944,1.5366,0.3564,1.2163,2.6565,1.1450,-0.7634,45.75,0
56954,1.5713,0.3735,1.1924,3.4351,1.2824,-0.8855,45.38,0
56964,1.5938,0.3818,1.2139,5.2061,6.2137,0.5649,45.38,0
56974,1.5703,0.3813,1.2305,6.4733,10.4580,2.2443,45.38,0
56984,1.5610,0.3750,1.2534,5.5573,10.2137,1.7099,45.61,0
56994,1.5303,0.3853,1.2554,3.9389,10.0153,1.5267,45.38,0
57004,1.5146,0.3657,1.2500,1.8779,8.0000,0.8855,45.52,0
57014,1.5093,0.3501,1.2432,0.4122,5.2824,-0.6565,45.42,0
57024,1.5278,0.3506,1.2280,1.8168,2.5038,-1.2366,45.57,0
57034,1.5518,0.3643,1.2100,4.3969,2.6565,-1.2672,45.52,0
57044,1.5679,0.3833,1.2041,8.5191,5.2519,-0.0763,45.24,0
57054,1.5571,0.3838,1.2192,10.0458,8.0305,0.2748,45.42,0
57064,1.5518,0.3823,1.2261,9.1145,7.9695,-0.5191,45.57,0
57074,1.5469,0.3911,1.2432,5.2824,6.2748,-1.8168,45.38,0
57084,1.5366,0.3955,1.2485,2.9466,6.0153,-2.2901,45.52,0
57094,1.5386,0.3921,1.2310,0.6718,2.1832,-0.5038,45.61,0
57104,1.5410,0.3740,1.2446,-1.7863,2.1374,1.4504,45.61,0
57114,1.5298,0.3477,1.2397,-2.5802,1.4046,3.7863,45.42,0
57124,1.5312,0.3213,1.2505,-2.3817,-0.8397,3.5725,45.57,0
57134,1.5386,0.3057,1.2202,-1.1908,-3.3588,2.5344,45.52,0
57144,1.5596,0.3140,1.2017,3.1450,-2.1985,2.4122,45.52,0
57154,1.5649,0.3428,1.2231,8.0763,2.2748,1.1450,45.42,0
57164,1.5381,0.3555,1.2529,12.4427,5.7405,-1.4198,45.38,0
57174,1.5415,0.3882,1.2583,12.5344,6.7023,-3.6947,45.33,0
57184,1.5498,0.4058,1.2622,9.6947,7.3282,-4.8855,45.52,0
57194,1.5430,0.3799,1.2622,5.2061,6.2901,-5.8168,45.38,0
57204,1.5640,0.3750,1.2505,1.0382,3.6031,-4.6412,45.52,0
57214,1.5845,0.3491,1.2261,0.7939,-0.5649,0.9466,45.75,0
57224,1.5859,0.3491,1.2012,0.6870,-0.7634,7.2824,45.42,0
57234,1.5864,0.3496,1.2021,3.2977,2.1832,11.4504,45.42,0
57244,1.5430,0.3442,1.1914,7.4198,3.9389,11.7710,45.52,0
57254,1.5000,0.3501,1.2217,10.0153,4.5191,5.1450,45.42,0
57264,1.5127,0.3579,1.2168,10.8397,5.7405,-1.9084,45.75,0
57274,1.5400,0.3682,1.2300,12.0916,7.0687,-7.0229,45.52,0
57284,1.5503,0.3428,1.2417,14.0611,7.3893,-7.9389,45.38,0
57294,1.5703,0.3374,1.2339,15.2061,5.4656,-6.0916,45.52,0
57304,1.5693,0.3398,1.2407,15.3740,5.5420,-3.8931,45.42,0
57314,1.5513,0.3784,1.2510,14.8855,4.1527,-1.0992,45.52,0
57324,1.5312,0.4053,1.2607,11.6641,2.4733,0.8855,45.42,0
57334,1.5249,0.4189,1.2725,7.7099,1.7252,0.9771,45.24,0
57344,1.5298,0.4316,1.2563,3.5725,2.5191,0.0458,45.42,0
57354,1.5371,0.4150,1.2607,0.7786,3.0687,-0.8244,45.38,0
57364,1.5376,0.3833,1.2544,-0.4122,1.1145,-1.0687,45.19,0
57374,1.5518,0.3613,1.2290,-1.2977,-1.5573,-0.0611,45.38,0
57384,1.5483,0.3252,1.2310,-0.4580,-2.0611,1.2824,45.42,0
57394,1.5254,0.3125,1.2300,1.7405,-4.9618,2.4580,45.52,0
57404,1.5215,0.3115,1.2241,4.3511,-5.9237,2.7786,45.42,0
57414,1.5381,0.3330,1.2188,7.2672,-2.9466,1.3740,45.52,0
57424,1.5283,0.3682,1.2231,9.8168,-1.6336,-1.3435,45.38,0
57434,1.5483,0.3882,1.2407,10.2901,2.0153,-3.6947,45.42,0
57444,1.5815,0.4419,1.2422,9.8015,6.9313,-3.5878,45.42,0
57454,1.5649,0.4292,1.2734,8.5496,9.4656,-1.6336,45.61,0
57464,1.5503,0.3921,1.2827,7.2366,7.7252,-1.0076,45.38,0
57474,1.5269,0.4009,1.2842,7.0687,5.2672,-0.1069,45.42,0
57484,1.5356,0.3984,1.2695,6.3359,0.1985,3.0382,45.52,0
57494,1.5547,0.4033,1.2344,5.6641,0.0458,8.1679,45.42,0
57504,1.5283,0.3701,1.2490,7.3893,2.7939,11.6489,45.38,0
57514,1.4814,0.3628,1.2510,7.4198,3.8626,10.3969,45.42,0
57524,1.4473,0.3799,1.2588,8.2595,2.0153,7.2977,45.52,0
57534,1.4395,0.4111,1.2466,8.0000,0.8855,3.4046,45.52,0
57544,1.4438,0.4517,1.2852,6.6565,2.1985,-1.5115,45.57,0
57554,1.4473,0.4243,1.3022,2.7634,0.5038,-5.3740,45.75,0
57564,1.4785,0.4263,1.2812,-1.8473,-2.3206,-8.3511,45.24,0
57574,1.5415,0.4189,1.2471,-4.4275,-6.5038,-7.2366,45.38,0
57584,1.5903,0.4062,1.2236,-2.5191,-3.8321,-1.2366,45.52,0
57594,1.5752,0.3828,1.2310,1.5878,-2.4275,4.2748,45.33,0
57604,1.5640,0.3779,1.2334,3.2672,-2.5954,4.2595,45.42,0
57614,1.5610,0.3975,1.2456,4.1374,-0.0916,2.6870,45.52,0
57624,1.5542,0.4067,1.2495,3.4046,0.8397,-0.7328,45.42,0
57634,1.5410,0.3794,1.2573,0.9313,0.6260,-3.6947,45.42,0
57644,1.5483,0.3662,1.2603,-3.5725,-0.2137,-6.1832,45.52,0
57654,1.5527,0.3604,1.2500,-7.7557,-2.9618,-6.9313,45.42,0
57664,1.5586,0.3486,1.2144,-12.2748,-5.7405,-5.7405,45.38,0
57674,1.5522,0.3228,1.1958,-13.5267,-9.2061,-2.9008,45.61,0
57684,1.5371,0.3242,1.1689,-13.4198,-13.6641,0.2443,45.38,0
57694,1.5425,0.3184,1.1577,-13.5878,-17.9847,1.6336,45.71,0
57704,1.5815,0.2954,1.1392,-12.0000,-17.6489,2.4122,45.75,0
57714,1.6001,0.2798,1.1572,-8.2748,-14.7023,2.7634,45.38,0
57724,1.6040,0.2485,1.1670,-4.3969,-12.1527,2.8855,45.52,0
57734,1.6099,0.2422,1.1807,-0.7176,-10.4733,0.5954,45.52,0
57744,1.6001,0.2568,1.1880,3.5573,-10.1832,-1.6794,45.61,0
57754,1.6104,0.2676,1.2007,6.0611,-9.2977,-3.2061,45.42,0
57764,1.6064,0.2832,1.2183,7.0076,-8.3664,-2.7023,45.57,0
57774,1.6187,0.2983,1.2153,5.5878,-7.2824,-3.0840,45.38,0
57784,1.6533,0.2881,1.2148,3.4809,-4.7939,-1.1145,45.52,0
57794,1.6421,0.2837,1.2090,0.0916,-4.1985,2.9924,45.57,0
57804,1.6304,0.2783,1.2046,-2.7176,-8.7328,6.7939,45.71,0
57814,1.6255,0.2485,1.1992,-4.7939,-9.4809,8.9618,45.57,0
57824,1.6133,0.2432,1.1792,-5.6489,-8.2137,9.9847,45.38,0
57834,1.6196,0.2197,1.1826,-1.9389,-6.3817,9.0534,45.42,0
57844,1.6323,0.2300,1.1533,4.9618,-3.1908,8.6260,45.52,0
57854,1.6255,0.2441,1.1602,13.2977,2.1985,9.0076,45.33,0
57864,1.6021,0.2769,1.1719,19.4198,5.3282,8.0153,45.38,0
57874,1.6147,0.3169,1.2070,22.6565,8.8092,5.5267,45.52,0
57884,1.5835,0.3506,1.2368,24.5802,12.0153,4.2748,45.61,0
57894,1.5581,0.3677,1.2681,22.3206,12.8244,3.3893,45.24,0
57904,1.5464,0.3687,1.2588,18.0305,9.9237,4.5954,45.71,0
57914,1.5142,0.3755,1.2842,12.9618,7.5573,5.8015,45.24,0
57924,1.5161,0.3726,1.2754,8.1527,4.0916,7.0229,45.52,0
57934,1.5186,0.3569,1.2417,3.9542,1.0382,8.4122,45.38,0
57944,1.5259,0.3516,1.2231,2.0611,1.5725,8.8702,45.57,0
57954,1.5229,0.3345,1.2070,3.1603,-1.1450,8.6565,45.71,0
57964,1.5391,0.3169,1.1958,7.4962,-2.5802,9.1603,45.38,0
57974,1.5601,0.3203,1.1826,11.2519,-1.8015,9.1298,45.42,0
57984,1.5713,0.3247,1.2104,15.4809,2.9771,5.4962,45.71,0
57994,1.5659,0.3398,1.2598,16.9618,5.9389,1.5725,45.09,0
58004,1.5811,0.3735,1.2749,15.2519,7.5878,-0.9771,45.61,0
58014,1.5854,0.3965,1.2910,13.1756,7.2366,0.5954,45.42,0
58024,1.5908,0.3940,1.2803,7.9389,4.2595,2.8092,45.38,0
58034,1.6060,0.3833,1.2754,2.4122,2.3511,4.7634,45.42,0
58044,1.5952,0.3862,1.2563,-0.7939,1.8779,7.9847,45.52,0
58054,1.5923,0.3599,1.2397,-3.3588,0.4885,10.1985,45.61,0
58064,1.5894,0.3525,1.2188,-3.6336,1.6641,11.4962,45.38,0
58074,1.5610,0.3398,1.2002,0.4122,3.4809,11.7863,45.24,0
58084,1.5386,0.3315,1.1748,4.3511,4.2290,10.3206,45.52,0
58094,1.5142,0.3486,1.1855,6.7176,5.0076,8.1221,45.33,0
58104,1.4937,0.3530,1.1846,11.1298,3.0076,6.8702,45.42,0
58114,1.4980,0.3760,1.2007,13.6489,1.6489,4.7939,45.57,0
58124,1.4917,0.3755,1.2290,15.4046,1.2824,2.2290,45.24,0
58134,1.5073,0.3721,1.2666,15.9237,3.0382,-0.9618,45.38,0
58144,1.5273,0.3848,1.2920,15.3435,4.1069,-3.5420,45.42,0
58154,1.5566,0.3960,1.3091,13.6183,5.2824,-2.5191,45.38,0
58164,1.5659,0.3867,1.3257,9.8779,5.9389,-0.6260,45.42,0
58174,1.5537,0.3813,1.3218,5.8931,5.8473,-0.1069,45.71,0
58184,1.5405,0.3906,1.3066,0.2137,1.0076,2.1069,45.57,0
58194,1.5225,0.3730,1.2725,-5.0992,-3.8321,4.9466,45.38,0
58204,1.5283,0.3530,1.2310,-8.7481,-6.3511,6.8855,45.52,0
58214,1.5327,0.3296,1.2139,-8.5344,-4.5344,6.6412,45.33,0
58224,1.5078,0.3169,1.1953,-4.8702,-3.5420,6.5496,45.52,0
58234,1.5220,0.3076,1.1797,-0.7939,-3.0840,3.6794,45.61,0
58244,1.5190,0.3101,1.1997,2.5649,-2.0000,1.6947,45.24,0
58254,1.5059,0.3096,1.2134,6.4427,-0.2137,-1.4962,45.38,0
58264,1.5107,0.3057,1.2231,7.0229,-1.9084,-4.9008,45.61,0
58274,1.5264,0.3096,1.2271,7.0840,-2.2290,-6.0916,45.52,0
58284,1.5498,0.3135,1.2266,8.4275,-3.6489,-5.4198,45.33,0
58294,1.5742,0.3125,1.2339,6.8092,-4.1832,-4.3511,45.52,0
58304,1.6060,0.3262,1.2251,6.4427,-1.1298,-0.7176,45.52,0
58314,1.5850,0.3066,1.2363,7.6031,-0.1679,3.5267,45.38,0
58324,1.5610,0.2983,1.2432,6.4885,-2.1985,3.2977,45.57,0
58334,1.5581,0.3218,1.2314,2.3359,-3.1145,0.4733,45.42,0
58344,1.5571,0.3135,1.2368,-1.2519,-2.9771,-0.3359,45.52,0
58354,1.5547,0.3125,1.2119,-2.3511,-6.0458,-0.5038,45.57,0
58364,1.5557,0.2935,1.1953,-1.8321,-8.7176,-0.4885,45.61,0
58374,1.5757,0.2852,1.2002,-1.0687,-8.6412,-0.9008,45.52,0
58384,1.5815,0.2891,1.2100,0.8092,-7.3435,-2.4580,45.61,0
58394,1.6172,0.2866,1.1948,2.8397,-4.0916,-2.1679,45.38,0
58404,1.6309,0.2949,1.2119,5.3588,0.0000,0.2290,45.71,0
58414,1.6099,0.2852,1.2285,7.6641,1.1298,3.0534,45.38,0
58424,1.6025,0.2720,1.2388,6.2595,0.6412,3.5267,45.57,0
58434,1.5957,0.2734,1.2349,4.1221,0.3511,2.8702,45.57,0
58444,1.5825,0.2739,1.2129,3.2519,-0.6107,3.3893,45.52,0
58454,1.5664,0.2734,1.1958,3.2672,-1.6031,4.1679,45.33,0
58464,1.5581,0.2778,1.1973,4.6870,-2.5802,3.4809,45.38,0
58474,1.5503,0.2861,1.1978,6.6412,-3.6641,2.0763,45.71,0
58484,1.5615,0.2905,1.2041,8.8397,-2.2901,1.2977,45.42,0
58494,1.5801,0.3145,1.2095,9.4351,-0.3817,0.3664,45.38,0
58504,1.5928,0.3271,1.2227,11.1756,3.1145,1.3282,45.38,0
58514,1.5942,0.3501,1.2490,11.2824,7.0840,3.1450,45.38,0
58524,1.5664,0.3433,1.2661,9.3740,5.5267,4.5038,45.57,0
58534,1.5610,0.3423,1.2744,5.6641,4.0305,5.0687,45.33,0
58544,1.5625,0.3389,1.2510,2.3359,1.6031,5.5725,45.71,0
58554,1.5474,0.3354,1.2368,0.8244,-0.5802,6.0153,45.71,0
58564,1.5410,0.3223,1.2310,1.0076,-3.1603,6.5954,45.38,0
58574,1.5405,0.3306,1.2305,2.9313,-3.3130,4.6565,45.52,0
58584,1.5435,0.3330,1.2266,4.6870,-1.2061,2.3359,45.24,0
58594,1.5522,0.3281,1.2451,6.4122,0.5802,-1.5573,45.61,0
58604,1.5645,0.3320,1.2310,7.4198,3.7099,-3.8015,45.38,0
58614,1.5942,0.3403,1.2148,7.8015,5.5878,-3.0534,45.61,0
58624,1.5854,0.3359,1.2202,9.6031,6.2901,0.1527,45.61,0
58634,1.5811,0.3301,1.2222,9.4504,4.6870,2.1832,45.75,0
58644,1.5522,0.3389,1.2275,8.2901,1.7252,3.7557,45.42,0
58654,1.5474,0.3389,1.2231,6.7634,-1.0229,2.4275,45.38,0
58664,1.5508,0.3521,1.2231,5.1756,-1.0382,0.3206,45.24,0
